event0,eve2time,time0
event0,eve2time,time1
event0,eve2time,time2
event0,eve2time,time3
event0,eve2time,time4
event1,eve2time,time7
event1,eve2time,time8
event1,eve2time,time9
event2,eve2time,time10
event2,eve2time,time11
event3,eve2time,time0
event3,eve2time,time1
event3,eve2time,time2
event3,eve2time,time3
event3,eve2time,time4
event3,eve2time,time5
event3,eve2time,time6
event3,eve2time,time7
event3,eve2time,time8
event3,eve2time,time9
event3,eve2time,time10
event3,eve2time,time11
event4,eve2time,time2
event4,eve2time,time3
event4,eve2time,time4
event4,eve2time,time5
event4,eve2time,time6
event4,eve2time,time7
event4,eve2time,time8
event4,eve2time,time9