locgrid0,loc2time,time0
locgrid1,loc2time,time0
locgrid2,loc2time,time0
locgrid3,loc2time,time0
locgrid4,loc2time,time0
locgrid5,loc2time,time0
locgrid6,loc2time,time0
locgrid7,loc2time,time0
locgrid8,loc2time,time0
locgrid9,loc2time,time0
locgrid10,loc2time,time0
locgrid11,loc2time,time0
locgrid12,loc2time,time0
locgrid13,loc2time,time0
locgrid14,loc2time,time0
locgrid15,loc2time,time0
locgrid16,loc2time,time0
locgrid17,loc2time,time0
locgrid18,loc2time,time0
locgrid19,loc2time,time0
locgrid20,loc2time,time0
locgrid21,loc2time,time0
locgrid22,loc2time,time0
locgrid23,loc2time,time0
locgrid24,loc2time,time0
locgrid25,loc2time,time0
locgrid26,loc2time,time0
locgrid27,loc2time,time0
locgrid28,loc2time,time0
locgrid29,loc2time,time0
locgrid30,loc2time,time0
locgrid31,loc2time,time0
locgrid32,loc2time,time0
locgrid33,loc2time,time0
locgrid34,loc2time,time0
locgrid35,loc2time,time0
locgrid36,loc2time,time0
locgrid37,loc2time,time0
locgrid38,loc2time,time0
locgrid39,loc2time,time0
locgrid40,loc2time,time0
locgrid41,loc2time,time0
locgrid42,loc2time,time0
locgrid43,loc2time,time0
locgrid44,loc2time,time0
locgrid45,loc2time,time0
locgrid46,loc2time,time0
locgrid47,loc2time,time0
locgrid48,loc2time,time0
locgrid49,loc2time,time0
locgrid50,loc2time,time0
locgrid51,loc2time,time0
locgrid52,loc2time,time0
locgrid53,loc2time,time0
locgrid54,loc2time,time0
locgrid55,loc2time,time0
locgrid56,loc2time,time0
locgrid57,loc2time,time0
locgrid58,loc2time,time0
locgrid59,loc2time,time0
locgrid60,loc2time,time0
locgrid61,loc2time,time0
locgrid62,loc2time,time0
locgrid63,loc2time,time0
locgrid64,loc2time,time0
locgrid65,loc2time,time0
locgrid66,loc2time,time0
locgrid67,loc2time,time0
locgrid68,loc2time,time0
locgrid69,loc2time,time0
locgrid70,loc2time,time0
locgrid71,loc2time,time0
locgrid72,loc2time,time0
locgrid73,loc2time,time0
locgrid74,loc2time,time0
locgrid75,loc2time,time0
locgrid76,loc2time,time0
locgrid77,loc2time,time0
locgrid78,loc2time,time0
locgrid79,loc2time,time0
locgrid80,loc2time,time0
locgrid81,loc2time,time0
locgrid82,loc2time,time0
locgrid83,loc2time,time0
locgrid84,loc2time,time0
locgrid85,loc2time,time0
locgrid86,loc2time,time0
locgrid87,loc2time,time0
locgrid88,loc2time,time0
locgrid89,loc2time,time0
locgrid90,loc2time,time0
locgrid91,loc2time,time0
locgrid92,loc2time,time0
locgrid93,loc2time,time0
locgrid94,loc2time,time0
locgrid95,loc2time,time0
locgrid96,loc2time,time0
locgrid97,loc2time,time0
locgrid98,loc2time,time0
locgrid99,loc2time,time0
locgrid100,loc2time,time0
locgrid101,loc2time,time0
locgrid102,loc2time,time0
locgrid103,loc2time,time0
locgrid104,loc2time,time0
locgrid105,loc2time,time0
locgrid106,loc2time,time0
locgrid107,loc2time,time0
locgrid108,loc2time,time0
locgrid109,loc2time,time0
locgrid110,loc2time,time0
locgrid111,loc2time,time0
locgrid112,loc2time,time0
locgrid113,loc2time,time0
locgrid114,loc2time,time0
locgrid115,loc2time,time0
locgrid116,loc2time,time0
locgrid117,loc2time,time0
locgrid118,loc2time,time0
locgrid119,loc2time,time0
locgrid120,loc2time,time0
locgrid121,loc2time,time0
locgrid122,loc2time,time0
locgrid123,loc2time,time0
locgrid124,loc2time,time0
locgrid125,loc2time,time0
locgrid126,loc2time,time0
locgrid127,loc2time,time0
locgrid128,loc2time,time0
locgrid129,loc2time,time0
locgrid130,loc2time,time0
locgrid131,loc2time,time0
locgrid132,loc2time,time0
locgrid133,loc2time,time0
locgrid134,loc2time,time0
locgrid135,loc2time,time0
locgrid136,loc2time,time0
locgrid137,loc2time,time0
locgrid138,loc2time,time0
locgrid139,loc2time,time0
locgrid140,loc2time,time0
locgrid141,loc2time,time0
locgrid142,loc2time,time0
locgrid143,loc2time,time0
locgrid144,loc2time,time0
locgrid145,loc2time,time0
locgrid146,loc2time,time0
locgrid147,loc2time,time0
locgrid148,loc2time,time0
locgrid149,loc2time,time0
locgrid150,loc2time,time0
locgrid151,loc2time,time0
locgrid152,loc2time,time0
locgrid153,loc2time,time0
locgrid154,loc2time,time0
locgrid155,loc2time,time0
locgrid156,loc2time,time0
locgrid157,loc2time,time0
locgrid158,loc2time,time0
locgrid159,loc2time,time0
locgrid160,loc2time,time0
locgrid161,loc2time,time0
locgrid162,loc2time,time0
locgrid163,loc2time,time0
locgrid164,loc2time,time0
locgrid165,loc2time,time0
locgrid166,loc2time,time0
locgrid167,loc2time,time0
locgrid168,loc2time,time0
locgrid169,loc2time,time0
locgrid170,loc2time,time0
locgrid171,loc2time,time0
locgrid172,loc2time,time0
locgrid173,loc2time,time0
locgrid174,loc2time,time0
locgrid175,loc2time,time0
locgrid176,loc2time,time0
locgrid177,loc2time,time0
locgrid178,loc2time,time0
locgrid179,loc2time,time0
locgrid180,loc2time,time0
locgrid181,loc2time,time0
locgrid182,loc2time,time0
locgrid183,loc2time,time0
locgrid184,loc2time,time0
locgrid185,loc2time,time0
locgrid186,loc2time,time0
locgrid187,loc2time,time0
locgrid188,loc2time,time0
locgrid189,loc2time,time0
locgrid190,loc2time,time0
locgrid191,loc2time,time0
locgrid192,loc2time,time0
locgrid193,loc2time,time0
locgrid194,loc2time,time0
locgrid195,loc2time,time0
locgrid196,loc2time,time0
locgrid197,loc2time,time0
locgrid198,loc2time,time0
locgrid199,loc2time,time0
locgrid200,loc2time,time0
locgrid201,loc2time,time0
locgrid202,loc2time,time0
locgrid203,loc2time,time0
locgrid204,loc2time,time0
locgrid205,loc2time,time0
locgrid206,loc2time,time0
locgrid207,loc2time,time0
locgrid208,loc2time,time0
locgrid209,loc2time,time0
locgrid210,loc2time,time0
locgrid211,loc2time,time0
locgrid212,loc2time,time0
locgrid213,loc2time,time0
locgrid214,loc2time,time0
locgrid215,loc2time,time0
locgrid216,loc2time,time0
locgrid217,loc2time,time0
locgrid218,loc2time,time0
locgrid219,loc2time,time0
locgrid220,loc2time,time0
locgrid221,loc2time,time0
locgrid222,loc2time,time0
locgrid223,loc2time,time0
locgrid224,loc2time,time0
locgrid225,loc2time,time0
locgrid226,loc2time,time0
locgrid227,loc2time,time0
locgrid228,loc2time,time0
locgrid229,loc2time,time0
locgrid230,loc2time,time0
locgrid231,loc2time,time0
locgrid232,loc2time,time0
locgrid233,loc2time,time0
locgrid234,loc2time,time0
locgrid235,loc2time,time0
locgrid236,loc2time,time0
locgrid237,loc2time,time0
locgrid238,loc2time,time0
locgrid239,loc2time,time0
locgrid240,loc2time,time0
locgrid241,loc2time,time0
locgrid242,loc2time,time0
locgrid243,loc2time,time0
locgrid244,loc2time,time0
locgrid245,loc2time,time0
locgrid246,loc2time,time0
locgrid247,loc2time,time0
locgrid248,loc2time,time0
locgrid249,loc2time,time0
locgrid250,loc2time,time0
locgrid251,loc2time,time0
locgrid252,loc2time,time0
locgrid253,loc2time,time0
locgrid254,loc2time,time0
locgrid255,loc2time,time0
locgrid256,loc2time,time0
locgrid257,loc2time,time0
locgrid258,loc2time,time0
locgrid259,loc2time,time0
locgrid260,loc2time,time0
locgrid261,loc2time,time0
locgrid262,loc2time,time0
locgrid263,loc2time,time0
locgrid264,loc2time,time0
locgrid265,loc2time,time0
locgrid266,loc2time,time0
locgrid267,loc2time,time0
locgrid268,loc2time,time0
locgrid269,loc2time,time0
locgrid270,loc2time,time0
locgrid271,loc2time,time0
locgrid272,loc2time,time0
locgrid273,loc2time,time0
locgrid274,loc2time,time0
locgrid275,loc2time,time0
locgrid276,loc2time,time0
locgrid277,loc2time,time0
locgrid278,loc2time,time0
locgrid279,loc2time,time0
locgrid280,loc2time,time0
locgrid281,loc2time,time0
locgrid282,loc2time,time0
locgrid283,loc2time,time0
locgrid284,loc2time,time0
locgrid285,loc2time,time0
locgrid286,loc2time,time0
locgrid287,loc2time,time0
locgrid288,loc2time,time0
locgrid289,loc2time,time0
locgrid290,loc2time,time0
locgrid291,loc2time,time0
locgrid292,loc2time,time0
locgrid293,loc2time,time0
locgrid294,loc2time,time0
locgrid295,loc2time,time0
locgrid296,loc2time,time0
locgrid297,loc2time,time1
locgrid298,loc2time,time1
locgrid299,loc2time,time1
locgrid300,loc2time,time1
locgrid301,loc2time,time1
locgrid302,loc2time,time1
locgrid303,loc2time,time1
locgrid304,loc2time,time1
locgrid305,loc2time,time1
locgrid306,loc2time,time1
locgrid307,loc2time,time1
locgrid308,loc2time,time1
locgrid309,loc2time,time1
locgrid310,loc2time,time1
locgrid311,loc2time,time1
locgrid312,loc2time,time1
locgrid313,loc2time,time1
locgrid314,loc2time,time1
locgrid315,loc2time,time1
locgrid316,loc2time,time1
locgrid317,loc2time,time1
locgrid318,loc2time,time1
locgrid319,loc2time,time1
locgrid320,loc2time,time1
locgrid321,loc2time,time1
locgrid322,loc2time,time1
locgrid323,loc2time,time1
locgrid324,loc2time,time1
locgrid325,loc2time,time1
locgrid326,loc2time,time1
locgrid327,loc2time,time1
locgrid328,loc2time,time1
locgrid329,loc2time,time1
locgrid330,loc2time,time1
locgrid331,loc2time,time1
locgrid332,loc2time,time1
locgrid333,loc2time,time1
locgrid334,loc2time,time1
locgrid335,loc2time,time1
locgrid336,loc2time,time1
locgrid337,loc2time,time1
locgrid338,loc2time,time1
locgrid339,loc2time,time1
locgrid340,loc2time,time1
locgrid341,loc2time,time1
locgrid342,loc2time,time1
locgrid343,loc2time,time1
locgrid344,loc2time,time1
locgrid345,loc2time,time1
locgrid346,loc2time,time1
locgrid347,loc2time,time1
locgrid348,loc2time,time1
locgrid349,loc2time,time1
locgrid350,loc2time,time1
locgrid351,loc2time,time1
locgrid352,loc2time,time1
locgrid353,loc2time,time1
locgrid354,loc2time,time1
locgrid355,loc2time,time1
locgrid356,loc2time,time1
locgrid357,loc2time,time1
locgrid358,loc2time,time1
locgrid359,loc2time,time1
locgrid360,loc2time,time1
locgrid361,loc2time,time1
locgrid362,loc2time,time1
locgrid363,loc2time,time1
locgrid364,loc2time,time1
locgrid365,loc2time,time1
locgrid366,loc2time,time1
locgrid367,loc2time,time1
locgrid368,loc2time,time1
locgrid369,loc2time,time1
locgrid370,loc2time,time1
locgrid371,loc2time,time1
locgrid372,loc2time,time1
locgrid373,loc2time,time1
locgrid374,loc2time,time1
locgrid375,loc2time,time1
locgrid376,loc2time,time1
locgrid377,loc2time,time1
locgrid378,loc2time,time1
locgrid379,loc2time,time1
locgrid380,loc2time,time1
locgrid381,loc2time,time1
locgrid382,loc2time,time1
locgrid383,loc2time,time1
locgrid384,loc2time,time1
locgrid385,loc2time,time1
locgrid386,loc2time,time1
locgrid387,loc2time,time1
locgrid388,loc2time,time1
locgrid389,loc2time,time1
locgrid390,loc2time,time1
locgrid391,loc2time,time1
locgrid392,loc2time,time1
locgrid393,loc2time,time1
locgrid394,loc2time,time1
locgrid395,loc2time,time1
locgrid396,loc2time,time1
locgrid397,loc2time,time1
locgrid398,loc2time,time1
locgrid399,loc2time,time1
locgrid400,loc2time,time1
locgrid401,loc2time,time1
locgrid402,loc2time,time1
locgrid403,loc2time,time1
locgrid404,loc2time,time1
locgrid405,loc2time,time1
locgrid406,loc2time,time1
locgrid407,loc2time,time1
locgrid408,loc2time,time1
locgrid409,loc2time,time1
locgrid410,loc2time,time1
locgrid411,loc2time,time1
locgrid412,loc2time,time1
locgrid413,loc2time,time1
locgrid414,loc2time,time1
locgrid415,loc2time,time1
locgrid416,loc2time,time1
locgrid417,loc2time,time1
locgrid418,loc2time,time1
locgrid419,loc2time,time1
locgrid420,loc2time,time1
locgrid421,loc2time,time1
locgrid422,loc2time,time1
locgrid423,loc2time,time1
locgrid424,loc2time,time1
locgrid425,loc2time,time1
locgrid426,loc2time,time1
locgrid427,loc2time,time1
locgrid428,loc2time,time1
locgrid429,loc2time,time1
locgrid430,loc2time,time1
locgrid431,loc2time,time1
locgrid432,loc2time,time1
locgrid433,loc2time,time1
locgrid434,loc2time,time1
locgrid435,loc2time,time1
locgrid436,loc2time,time1
locgrid437,loc2time,time1
locgrid438,loc2time,time1
locgrid439,loc2time,time1
locgrid440,loc2time,time1
locgrid441,loc2time,time1
locgrid442,loc2time,time1
locgrid443,loc2time,time1
locgrid444,loc2time,time1
locgrid445,loc2time,time1
locgrid446,loc2time,time1
locgrid447,loc2time,time1
locgrid448,loc2time,time1
locgrid449,loc2time,time1
locgrid450,loc2time,time1
locgrid451,loc2time,time1
locgrid452,loc2time,time1
locgrid453,loc2time,time1
locgrid454,loc2time,time1
locgrid455,loc2time,time1
locgrid456,loc2time,time1
locgrid457,loc2time,time1
locgrid458,loc2time,time1
locgrid459,loc2time,time1
locgrid460,loc2time,time1
locgrid461,loc2time,time1
locgrid462,loc2time,time1
locgrid463,loc2time,time1
locgrid464,loc2time,time1
locgrid465,loc2time,time1
locgrid466,loc2time,time1
locgrid467,loc2time,time1
locgrid468,loc2time,time1
locgrid469,loc2time,time1
locgrid470,loc2time,time1
locgrid471,loc2time,time1
locgrid472,loc2time,time1
locgrid473,loc2time,time1
locgrid474,loc2time,time1
locgrid475,loc2time,time1
locgrid476,loc2time,time1
locgrid477,loc2time,time1
locgrid478,loc2time,time1
locgrid479,loc2time,time1
locgrid480,loc2time,time1
locgrid481,loc2time,time1
locgrid482,loc2time,time1
locgrid483,loc2time,time1
locgrid484,loc2time,time1
locgrid485,loc2time,time1
locgrid486,loc2time,time1
locgrid487,loc2time,time1
locgrid488,loc2time,time1
locgrid489,loc2time,time1
locgrid490,loc2time,time1
locgrid491,loc2time,time1
locgrid492,loc2time,time1
locgrid493,loc2time,time1
locgrid494,loc2time,time1
locgrid495,loc2time,time1
locgrid496,loc2time,time1
locgrid497,loc2time,time1
locgrid498,loc2time,time1
locgrid499,loc2time,time1
locgrid500,loc2time,time1
locgrid501,loc2time,time1
locgrid502,loc2time,time1
locgrid503,loc2time,time1
locgrid504,loc2time,time1
locgrid505,loc2time,time1
locgrid506,loc2time,time1
locgrid507,loc2time,time1
locgrid508,loc2time,time1
locgrid509,loc2time,time1
locgrid510,loc2time,time1
locgrid511,loc2time,time1
locgrid512,loc2time,time1
locgrid513,loc2time,time1
locgrid514,loc2time,time1
locgrid515,loc2time,time1
locgrid516,loc2time,time1
locgrid517,loc2time,time1
locgrid518,loc2time,time1
locgrid519,loc2time,time1
locgrid520,loc2time,time1
locgrid521,loc2time,time1
locgrid522,loc2time,time1
locgrid523,loc2time,time1
locgrid524,loc2time,time1
locgrid525,loc2time,time1
locgrid526,loc2time,time1
locgrid527,loc2time,time1
locgrid528,loc2time,time1
locgrid529,loc2time,time1
locgrid530,loc2time,time1
locgrid531,loc2time,time1
locgrid532,loc2time,time1
locgrid533,loc2time,time1
locgrid534,loc2time,time1
locgrid535,loc2time,time1
locgrid536,loc2time,time1
locgrid537,loc2time,time1
locgrid538,loc2time,time1
locgrid539,loc2time,time1
locgrid540,loc2time,time1
locgrid541,loc2time,time1
locgrid542,loc2time,time1
locgrid543,loc2time,time1
locgrid544,loc2time,time1
locgrid545,loc2time,time1
locgrid546,loc2time,time1
locgrid547,loc2time,time1
locgrid548,loc2time,time1
locgrid549,loc2time,time1
locgrid550,loc2time,time1
locgrid551,loc2time,time1
locgrid552,loc2time,time1
locgrid553,loc2time,time1
locgrid554,loc2time,time1
locgrid555,loc2time,time1
locgrid556,loc2time,time1
locgrid557,loc2time,time1
locgrid558,loc2time,time1
locgrid559,loc2time,time1
locgrid560,loc2time,time1
locgrid561,loc2time,time1
locgrid562,loc2time,time1
locgrid563,loc2time,time1
locgrid564,loc2time,time1
locgrid565,loc2time,time1
locgrid566,loc2time,time1
locgrid567,loc2time,time1
locgrid568,loc2time,time1
locgrid569,loc2time,time1
locgrid570,loc2time,time1
locgrid571,loc2time,time1
locgrid572,loc2time,time1
locgrid573,loc2time,time1
locgrid574,loc2time,time1
locgrid575,loc2time,time1
locgrid576,loc2time,time1
locgrid577,loc2time,time1
locgrid578,loc2time,time1
locgrid579,loc2time,time1
locgrid580,loc2time,time1
locgrid581,loc2time,time2
locgrid582,loc2time,time2
locgrid583,loc2time,time2
locgrid584,loc2time,time2
locgrid585,loc2time,time2
locgrid586,loc2time,time2
locgrid587,loc2time,time2
locgrid588,loc2time,time2
locgrid589,loc2time,time2
locgrid590,loc2time,time2
locgrid591,loc2time,time2
locgrid592,loc2time,time2
locgrid593,loc2time,time2
locgrid594,loc2time,time2
locgrid595,loc2time,time2
locgrid596,loc2time,time2
locgrid597,loc2time,time2
locgrid598,loc2time,time2
locgrid599,loc2time,time2
locgrid600,loc2time,time2
locgrid601,loc2time,time2
locgrid602,loc2time,time2
locgrid603,loc2time,time2
locgrid604,loc2time,time2
locgrid605,loc2time,time2
locgrid606,loc2time,time2
locgrid607,loc2time,time2
locgrid608,loc2time,time2
locgrid609,loc2time,time2
locgrid610,loc2time,time2
locgrid611,loc2time,time2
locgrid612,loc2time,time2
locgrid613,loc2time,time2
locgrid614,loc2time,time2
locgrid615,loc2time,time2
locgrid616,loc2time,time2
locgrid617,loc2time,time2
locgrid618,loc2time,time2
locgrid619,loc2time,time2
locgrid620,loc2time,time2
locgrid621,loc2time,time2
locgrid622,loc2time,time2
locgrid623,loc2time,time2
locgrid624,loc2time,time2
locgrid625,loc2time,time2
locgrid626,loc2time,time2
locgrid627,loc2time,time2
locgrid628,loc2time,time2
locgrid629,loc2time,time2
locgrid630,loc2time,time2
locgrid631,loc2time,time2
locgrid632,loc2time,time2
locgrid633,loc2time,time2
locgrid634,loc2time,time2
locgrid635,loc2time,time2
locgrid636,loc2time,time2
locgrid637,loc2time,time2
locgrid638,loc2time,time2
locgrid639,loc2time,time2
locgrid640,loc2time,time2
locgrid641,loc2time,time2
locgrid642,loc2time,time2
locgrid643,loc2time,time2
locgrid644,loc2time,time2
locgrid645,loc2time,time2
locgrid646,loc2time,time2
locgrid647,loc2time,time2
locgrid648,loc2time,time2
locgrid649,loc2time,time2
locgrid650,loc2time,time2
locgrid651,loc2time,time2
locgrid652,loc2time,time2
locgrid653,loc2time,time2
locgrid654,loc2time,time2
locgrid655,loc2time,time2
locgrid656,loc2time,time2
locgrid657,loc2time,time2
locgrid658,loc2time,time2
locgrid659,loc2time,time2
locgrid660,loc2time,time2
locgrid661,loc2time,time2
locgrid662,loc2time,time2
locgrid663,loc2time,time2
locgrid664,loc2time,time2
locgrid665,loc2time,time2
locgrid666,loc2time,time2
locgrid667,loc2time,time2
locgrid668,loc2time,time2
locgrid669,loc2time,time2
locgrid670,loc2time,time2
locgrid671,loc2time,time2
locgrid672,loc2time,time2
locgrid673,loc2time,time2
locgrid674,loc2time,time2
locgrid675,loc2time,time2
locgrid676,loc2time,time2
locgrid677,loc2time,time2
locgrid678,loc2time,time2
locgrid679,loc2time,time2
locgrid680,loc2time,time2
locgrid681,loc2time,time2
locgrid682,loc2time,time2
locgrid683,loc2time,time2
locgrid684,loc2time,time2
locgrid685,loc2time,time2
locgrid686,loc2time,time2
locgrid687,loc2time,time2
locgrid688,loc2time,time2
locgrid689,loc2time,time2
locgrid690,loc2time,time2
locgrid691,loc2time,time2
locgrid692,loc2time,time2
locgrid693,loc2time,time2
locgrid694,loc2time,time2
locgrid695,loc2time,time2
locgrid696,loc2time,time2
locgrid697,loc2time,time2
locgrid698,loc2time,time2
locgrid699,loc2time,time2
locgrid700,loc2time,time2
locgrid701,loc2time,time2
locgrid702,loc2time,time2
locgrid703,loc2time,time2
locgrid704,loc2time,time2
locgrid705,loc2time,time2
locgrid706,loc2time,time2
locgrid707,loc2time,time2
locgrid708,loc2time,time2
locgrid709,loc2time,time2
locgrid710,loc2time,time2
locgrid711,loc2time,time2
locgrid712,loc2time,time2
locgrid713,loc2time,time2
locgrid714,loc2time,time2
locgrid715,loc2time,time2
locgrid716,loc2time,time2
locgrid717,loc2time,time2
locgrid718,loc2time,time2
locgrid719,loc2time,time2
locgrid720,loc2time,time2
locgrid721,loc2time,time2
locgrid722,loc2time,time2
locgrid723,loc2time,time2
locgrid724,loc2time,time2
locgrid725,loc2time,time2
locgrid726,loc2time,time2
locgrid727,loc2time,time2
locgrid728,loc2time,time2
locgrid729,loc2time,time2
locgrid730,loc2time,time2
locgrid731,loc2time,time2
locgrid732,loc2time,time2
locgrid733,loc2time,time2
locgrid734,loc2time,time2
locgrid735,loc2time,time2
locgrid736,loc2time,time2
locgrid737,loc2time,time2
locgrid738,loc2time,time2
locgrid739,loc2time,time2
locgrid740,loc2time,time2
locgrid741,loc2time,time2
locgrid742,loc2time,time2
locgrid743,loc2time,time2
locgrid744,loc2time,time2
locgrid745,loc2time,time2
locgrid746,loc2time,time2
locgrid747,loc2time,time2
locgrid748,loc2time,time2
locgrid749,loc2time,time2
locgrid750,loc2time,time2
locgrid751,loc2time,time2
locgrid752,loc2time,time2
locgrid753,loc2time,time2
locgrid754,loc2time,time2
locgrid755,loc2time,time2
locgrid756,loc2time,time2
locgrid757,loc2time,time2
locgrid758,loc2time,time2
locgrid759,loc2time,time2
locgrid760,loc2time,time2
locgrid761,loc2time,time2
locgrid762,loc2time,time2
locgrid763,loc2time,time2
locgrid764,loc2time,time2
locgrid765,loc2time,time2
locgrid766,loc2time,time2
locgrid767,loc2time,time2
locgrid768,loc2time,time2
locgrid769,loc2time,time2
locgrid770,loc2time,time2
locgrid771,loc2time,time2
locgrid772,loc2time,time2
locgrid773,loc2time,time2
locgrid774,loc2time,time2
locgrid775,loc2time,time2
locgrid776,loc2time,time2
locgrid777,loc2time,time2
locgrid778,loc2time,time2
locgrid779,loc2time,time2
locgrid780,loc2time,time2
locgrid781,loc2time,time2
locgrid782,loc2time,time2
locgrid783,loc2time,time2
locgrid784,loc2time,time2
locgrid785,loc2time,time2
locgrid786,loc2time,time2
locgrid787,loc2time,time2
locgrid788,loc2time,time2
locgrid789,loc2time,time2
locgrid790,loc2time,time2
locgrid791,loc2time,time2
locgrid792,loc2time,time2
locgrid793,loc2time,time2
locgrid794,loc2time,time2
locgrid795,loc2time,time2
locgrid796,loc2time,time2
locgrid797,loc2time,time2
locgrid798,loc2time,time2
locgrid799,loc2time,time2
locgrid800,loc2time,time2
locgrid801,loc2time,time2
locgrid802,loc2time,time2
locgrid803,loc2time,time2
locgrid804,loc2time,time2
locgrid805,loc2time,time2
locgrid806,loc2time,time2
locgrid807,loc2time,time2
locgrid808,loc2time,time2
locgrid809,loc2time,time2
locgrid810,loc2time,time2
locgrid811,loc2time,time2
locgrid812,loc2time,time2
locgrid813,loc2time,time2
locgrid814,loc2time,time2
locgrid815,loc2time,time2
locgrid816,loc2time,time2
locgrid817,loc2time,time2
locgrid818,loc2time,time2
locgrid819,loc2time,time2
locgrid820,loc2time,time2
locgrid821,loc2time,time2
locgrid822,loc2time,time2
locgrid823,loc2time,time2
locgrid824,loc2time,time2
locgrid825,loc2time,time2
locgrid826,loc2time,time2
locgrid827,loc2time,time2
locgrid828,loc2time,time2
locgrid829,loc2time,time2
locgrid830,loc2time,time2
locgrid831,loc2time,time2
locgrid832,loc2time,time2
locgrid833,loc2time,time2
locgrid834,loc2time,time2
locgrid835,loc2time,time2
locgrid836,loc2time,time2
locgrid837,loc2time,time2
locgrid838,loc2time,time2
locgrid839,loc2time,time2
locgrid840,loc2time,time2
locgrid841,loc2time,time2
locgrid842,loc2time,time2
locgrid843,loc2time,time2
locgrid844,loc2time,time2
locgrid845,loc2time,time2
locgrid846,loc2time,time2
locgrid847,loc2time,time2
locgrid848,loc2time,time2
locgrid849,loc2time,time2
locgrid850,loc2time,time2
locgrid851,loc2time,time2
locgrid852,loc2time,time2
locgrid853,loc2time,time2
locgrid854,loc2time,time2
locgrid855,loc2time,time2
locgrid856,loc2time,time2
locgrid857,loc2time,time2
locgrid858,loc2time,time2
locgrid859,loc2time,time2
locgrid860,loc2time,time2
locgrid861,loc2time,time2
locgrid862,loc2time,time2
locgrid863,loc2time,time2
locgrid864,loc2time,time2
locgrid865,loc2time,time2
locgrid866,loc2time,time2
locgrid867,loc2time,time2
locgrid868,loc2time,time2
locgrid869,loc2time,time2
locgrid870,loc2time,time2
locgrid871,loc2time,time2
locgrid872,loc2time,time2
locgrid873,loc2time,time2
locgrid874,loc2time,time2
locgrid875,loc2time,time2
locgrid876,loc2time,time2
locgrid877,loc2time,time2
locgrid878,loc2time,time2
locgrid879,loc2time,time2
locgrid880,loc2time,time2
locgrid881,loc2time,time2
locgrid882,loc2time,time2
locgrid883,loc2time,time2
locgrid884,loc2time,time2
locgrid885,loc2time,time2
locgrid886,loc2time,time3
locgrid887,loc2time,time3
locgrid888,loc2time,time3
locgrid889,loc2time,time3
locgrid890,loc2time,time3
locgrid891,loc2time,time3
locgrid892,loc2time,time3
locgrid893,loc2time,time3
locgrid894,loc2time,time3
locgrid895,loc2time,time3
locgrid896,loc2time,time3
locgrid897,loc2time,time3
locgrid898,loc2time,time3
locgrid899,loc2time,time3
locgrid900,loc2time,time3
locgrid901,loc2time,time3
locgrid902,loc2time,time3
locgrid903,loc2time,time3
locgrid904,loc2time,time3
locgrid905,loc2time,time3
locgrid906,loc2time,time3
locgrid907,loc2time,time3
locgrid908,loc2time,time3
locgrid909,loc2time,time3
locgrid910,loc2time,time3
locgrid911,loc2time,time3
locgrid912,loc2time,time3
locgrid913,loc2time,time3
locgrid914,loc2time,time3
locgrid915,loc2time,time3
locgrid916,loc2time,time3
locgrid917,loc2time,time3
locgrid918,loc2time,time3
locgrid919,loc2time,time3
locgrid920,loc2time,time3
locgrid921,loc2time,time3
locgrid922,loc2time,time3
locgrid923,loc2time,time3
locgrid924,loc2time,time3
locgrid925,loc2time,time3
locgrid926,loc2time,time3
locgrid927,loc2time,time3
locgrid928,loc2time,time3
locgrid929,loc2time,time3
locgrid930,loc2time,time3
locgrid931,loc2time,time3
locgrid932,loc2time,time3
locgrid933,loc2time,time3
locgrid934,loc2time,time3
locgrid935,loc2time,time3
locgrid936,loc2time,time3
locgrid937,loc2time,time3
locgrid938,loc2time,time3
locgrid939,loc2time,time3
locgrid940,loc2time,time3
locgrid941,loc2time,time3
locgrid942,loc2time,time3
locgrid943,loc2time,time3
locgrid944,loc2time,time3
locgrid945,loc2time,time3
locgrid946,loc2time,time3
locgrid947,loc2time,time3
locgrid948,loc2time,time3
locgrid949,loc2time,time3
locgrid950,loc2time,time3
locgrid951,loc2time,time3
locgrid952,loc2time,time3
locgrid953,loc2time,time3
locgrid954,loc2time,time3
locgrid955,loc2time,time3
locgrid956,loc2time,time3
locgrid957,loc2time,time3
locgrid958,loc2time,time3
locgrid959,loc2time,time3
locgrid960,loc2time,time3
locgrid961,loc2time,time3
locgrid962,loc2time,time3
locgrid963,loc2time,time3
locgrid964,loc2time,time3
locgrid965,loc2time,time3
locgrid966,loc2time,time3
locgrid967,loc2time,time3
locgrid968,loc2time,time3
locgrid969,loc2time,time3
locgrid970,loc2time,time3
locgrid971,loc2time,time3
locgrid972,loc2time,time3
locgrid973,loc2time,time3
locgrid974,loc2time,time3
locgrid975,loc2time,time3
locgrid976,loc2time,time3
locgrid977,loc2time,time3
locgrid978,loc2time,time3
locgrid979,loc2time,time3
locgrid980,loc2time,time3
locgrid981,loc2time,time3
locgrid982,loc2time,time3
locgrid983,loc2time,time3
locgrid984,loc2time,time3
locgrid985,loc2time,time3
locgrid986,loc2time,time3
locgrid987,loc2time,time3
locgrid988,loc2time,time3
locgrid989,loc2time,time3
locgrid990,loc2time,time3
locgrid991,loc2time,time3
locgrid992,loc2time,time3
locgrid993,loc2time,time3
locgrid994,loc2time,time3
locgrid995,loc2time,time3
locgrid996,loc2time,time3
locgrid997,loc2time,time3
locgrid998,loc2time,time3
locgrid999,loc2time,time3
locgrid1000,loc2time,time3
locgrid1001,loc2time,time3
locgrid1002,loc2time,time3
locgrid1003,loc2time,time3
locgrid1004,loc2time,time3
locgrid1005,loc2time,time3
locgrid1006,loc2time,time3
locgrid1007,loc2time,time3
locgrid1008,loc2time,time3
locgrid1009,loc2time,time3
locgrid1010,loc2time,time3
locgrid1011,loc2time,time3
locgrid1012,loc2time,time3
locgrid1013,loc2time,time3
locgrid1014,loc2time,time3
locgrid1015,loc2time,time3
locgrid1016,loc2time,time3
locgrid1017,loc2time,time3
locgrid1018,loc2time,time3
locgrid1019,loc2time,time3
locgrid1020,loc2time,time3
locgrid1021,loc2time,time3
locgrid1022,loc2time,time3
locgrid1023,loc2time,time3
locgrid1024,loc2time,time3
locgrid1025,loc2time,time3
locgrid1026,loc2time,time3
locgrid1027,loc2time,time3
locgrid1028,loc2time,time3
locgrid1029,loc2time,time3
locgrid1030,loc2time,time3
locgrid1031,loc2time,time3
locgrid1032,loc2time,time3
locgrid1033,loc2time,time3
locgrid1034,loc2time,time3
locgrid1035,loc2time,time3
locgrid1036,loc2time,time3
locgrid1037,loc2time,time3
locgrid1038,loc2time,time3
locgrid1039,loc2time,time3
locgrid1040,loc2time,time3
locgrid1041,loc2time,time3
locgrid1042,loc2time,time3
locgrid1043,loc2time,time3
locgrid1044,loc2time,time3
locgrid1045,loc2time,time3
locgrid1046,loc2time,time3
locgrid1047,loc2time,time3
locgrid1048,loc2time,time3
locgrid1049,loc2time,time3
locgrid1050,loc2time,time3
locgrid1051,loc2time,time3
locgrid1052,loc2time,time3
locgrid1053,loc2time,time3
locgrid1054,loc2time,time3
locgrid1055,loc2time,time3
locgrid1056,loc2time,time3
locgrid1057,loc2time,time3
locgrid1058,loc2time,time3
locgrid1059,loc2time,time3
locgrid1060,loc2time,time3
locgrid1061,loc2time,time3
locgrid1062,loc2time,time3
locgrid1063,loc2time,time3
locgrid1064,loc2time,time3
locgrid1065,loc2time,time3
locgrid1066,loc2time,time3
locgrid1067,loc2time,time3
locgrid1068,loc2time,time3
locgrid1069,loc2time,time3
locgrid1070,loc2time,time3
locgrid1071,loc2time,time3
locgrid1072,loc2time,time3
locgrid1073,loc2time,time3
locgrid1074,loc2time,time3
locgrid1075,loc2time,time3
locgrid1076,loc2time,time3
locgrid1077,loc2time,time3
locgrid1078,loc2time,time3
locgrid1079,loc2time,time3
locgrid1080,loc2time,time3
locgrid1081,loc2time,time3
locgrid1082,loc2time,time3
locgrid1083,loc2time,time3
locgrid1084,loc2time,time3
locgrid1085,loc2time,time3
locgrid1086,loc2time,time3
locgrid1087,loc2time,time3
locgrid1088,loc2time,time3
locgrid1089,loc2time,time3
locgrid1090,loc2time,time3
locgrid1091,loc2time,time3
locgrid1092,loc2time,time3
locgrid1093,loc2time,time3
locgrid1094,loc2time,time3
locgrid1095,loc2time,time3
locgrid1096,loc2time,time3
locgrid1097,loc2time,time3
locgrid1098,loc2time,time3
locgrid1099,loc2time,time3
locgrid1100,loc2time,time3
locgrid1101,loc2time,time3
locgrid1102,loc2time,time3
locgrid1103,loc2time,time3
locgrid1104,loc2time,time3
locgrid1105,loc2time,time3
locgrid1106,loc2time,time3
locgrid1107,loc2time,time3
locgrid1108,loc2time,time3
locgrid1109,loc2time,time3
locgrid1110,loc2time,time3
locgrid1111,loc2time,time3
locgrid1112,loc2time,time3
locgrid1113,loc2time,time3
locgrid1114,loc2time,time3
locgrid1115,loc2time,time3
locgrid1116,loc2time,time3
locgrid1117,loc2time,time3
locgrid1118,loc2time,time3
locgrid1119,loc2time,time3
locgrid1120,loc2time,time3
locgrid1121,loc2time,time3
locgrid1122,loc2time,time3
locgrid1123,loc2time,time3
locgrid1124,loc2time,time3
locgrid1125,loc2time,time3
locgrid1126,loc2time,time3
locgrid1127,loc2time,time3
locgrid1128,loc2time,time3
locgrid1129,loc2time,time3
locgrid1130,loc2time,time3
locgrid1131,loc2time,time3
locgrid1132,loc2time,time3
locgrid1133,loc2time,time3
locgrid1134,loc2time,time3
locgrid1135,loc2time,time3
locgrid1136,loc2time,time3
locgrid1137,loc2time,time3
locgrid1138,loc2time,time3
locgrid1139,loc2time,time3
locgrid1140,loc2time,time3
locgrid1141,loc2time,time3
locgrid1142,loc2time,time3
locgrid1143,loc2time,time3
locgrid1144,loc2time,time3
locgrid1145,loc2time,time3
locgrid1146,loc2time,time3
locgrid1147,loc2time,time3
locgrid1148,loc2time,time3
locgrid1149,loc2time,time3
locgrid1150,loc2time,time3
locgrid1151,loc2time,time3
locgrid1152,loc2time,time3
locgrid1153,loc2time,time3
locgrid1154,loc2time,time3
locgrid1155,loc2time,time3
locgrid1156,loc2time,time3
locgrid1157,loc2time,time3
locgrid1158,loc2time,time3
locgrid1159,loc2time,time3
locgrid1160,loc2time,time3
locgrid1161,loc2time,time3
locgrid1162,loc2time,time3
locgrid1163,loc2time,time3
locgrid1164,loc2time,time3
locgrid1165,loc2time,time3
locgrid1166,loc2time,time3
locgrid1167,loc2time,time3
locgrid1168,loc2time,time4
locgrid1169,loc2time,time4
locgrid1170,loc2time,time4
locgrid1171,loc2time,time4
locgrid1172,loc2time,time4
locgrid1173,loc2time,time4
locgrid1174,loc2time,time4
locgrid1175,loc2time,time4
locgrid1176,loc2time,time4
locgrid1177,loc2time,time4
locgrid1178,loc2time,time4
locgrid1179,loc2time,time4
locgrid1180,loc2time,time4
locgrid1181,loc2time,time4
locgrid1182,loc2time,time4
locgrid1183,loc2time,time4
locgrid1184,loc2time,time4
locgrid1185,loc2time,time4
locgrid1186,loc2time,time4
locgrid1187,loc2time,time4
locgrid1188,loc2time,time4
locgrid1189,loc2time,time4
locgrid1190,loc2time,time4
locgrid1191,loc2time,time4
locgrid1192,loc2time,time4
locgrid1193,loc2time,time4
locgrid1194,loc2time,time4
locgrid1195,loc2time,time4
locgrid1196,loc2time,time4
locgrid1197,loc2time,time4
locgrid1198,loc2time,time4
locgrid1199,loc2time,time4
locgrid1200,loc2time,time4
locgrid1201,loc2time,time4
locgrid1202,loc2time,time4
locgrid1203,loc2time,time4
locgrid1204,loc2time,time4
locgrid1205,loc2time,time4
locgrid1206,loc2time,time4
locgrid1207,loc2time,time4
locgrid1208,loc2time,time4
locgrid1209,loc2time,time4
locgrid1210,loc2time,time4
locgrid1211,loc2time,time4
locgrid1212,loc2time,time4
locgrid1213,loc2time,time4
locgrid1214,loc2time,time4
locgrid1215,loc2time,time4
locgrid1216,loc2time,time4
locgrid1217,loc2time,time4
locgrid1218,loc2time,time4
locgrid1219,loc2time,time4
locgrid1220,loc2time,time4
locgrid1221,loc2time,time4
locgrid1222,loc2time,time4
locgrid1223,loc2time,time4
locgrid1224,loc2time,time4
locgrid1225,loc2time,time4
locgrid1226,loc2time,time4
locgrid1227,loc2time,time4
locgrid1228,loc2time,time4
locgrid1229,loc2time,time4
locgrid1230,loc2time,time4
locgrid1231,loc2time,time4
locgrid1232,loc2time,time4
locgrid1233,loc2time,time4
locgrid1234,loc2time,time4
locgrid1235,loc2time,time4
locgrid1236,loc2time,time4
locgrid1237,loc2time,time4
locgrid1238,loc2time,time4
locgrid1239,loc2time,time4
locgrid1240,loc2time,time4
locgrid1241,loc2time,time4
locgrid1242,loc2time,time4
locgrid1243,loc2time,time4
locgrid1244,loc2time,time4
locgrid1245,loc2time,time4
locgrid1246,loc2time,time4
locgrid1247,loc2time,time4
locgrid1248,loc2time,time4
locgrid1249,loc2time,time4
locgrid1250,loc2time,time4
locgrid1251,loc2time,time4
locgrid1252,loc2time,time4
locgrid1253,loc2time,time4
locgrid1254,loc2time,time4
locgrid1255,loc2time,time4
locgrid1256,loc2time,time4
locgrid1257,loc2time,time4
locgrid1258,loc2time,time4
locgrid1259,loc2time,time4
locgrid1260,loc2time,time4
locgrid1261,loc2time,time4
locgrid1262,loc2time,time4
locgrid1263,loc2time,time4
locgrid1264,loc2time,time4
locgrid1265,loc2time,time4
locgrid1266,loc2time,time4
locgrid1267,loc2time,time4
locgrid1268,loc2time,time4
locgrid1269,loc2time,time4
locgrid1270,loc2time,time4
locgrid1271,loc2time,time4
locgrid1272,loc2time,time4
locgrid1273,loc2time,time4
locgrid1274,loc2time,time4
locgrid1275,loc2time,time4
locgrid1276,loc2time,time4
locgrid1277,loc2time,time4
locgrid1278,loc2time,time4
locgrid1279,loc2time,time4
locgrid1280,loc2time,time4
locgrid1281,loc2time,time4
locgrid1282,loc2time,time4
locgrid1283,loc2time,time4
locgrid1284,loc2time,time4
locgrid1285,loc2time,time4
locgrid1286,loc2time,time4
locgrid1287,loc2time,time4
locgrid1288,loc2time,time4
locgrid1289,loc2time,time4
locgrid1290,loc2time,time4
locgrid1291,loc2time,time4
locgrid1292,loc2time,time4
locgrid1293,loc2time,time4
locgrid1294,loc2time,time4
locgrid1295,loc2time,time4
locgrid1296,loc2time,time4
locgrid1297,loc2time,time4
locgrid1298,loc2time,time4
locgrid1299,loc2time,time4
locgrid1300,loc2time,time4
locgrid1301,loc2time,time4
locgrid1302,loc2time,time4
locgrid1303,loc2time,time4
locgrid1304,loc2time,time4
locgrid1305,loc2time,time4
locgrid1306,loc2time,time4
locgrid1307,loc2time,time4
locgrid1308,loc2time,time4
locgrid1309,loc2time,time4
locgrid1310,loc2time,time4
locgrid1311,loc2time,time4
locgrid1312,loc2time,time4
locgrid1313,loc2time,time4
locgrid1314,loc2time,time4
locgrid1315,loc2time,time4
locgrid1316,loc2time,time4
locgrid1317,loc2time,time4
locgrid1318,loc2time,time4
locgrid1319,loc2time,time4
locgrid1320,loc2time,time4
locgrid1321,loc2time,time4
locgrid1322,loc2time,time4
locgrid1323,loc2time,time4
locgrid1324,loc2time,time4
locgrid1325,loc2time,time4
locgrid1326,loc2time,time4
locgrid1327,loc2time,time4
locgrid1328,loc2time,time4
locgrid1329,loc2time,time4
locgrid1330,loc2time,time4
locgrid1331,loc2time,time4
locgrid1332,loc2time,time4
locgrid1333,loc2time,time4
locgrid1334,loc2time,time4
locgrid1335,loc2time,time4
locgrid1336,loc2time,time4
locgrid1337,loc2time,time4
locgrid1338,loc2time,time4
locgrid1339,loc2time,time4
locgrid1340,loc2time,time4
locgrid1341,loc2time,time4
locgrid1342,loc2time,time4
locgrid1343,loc2time,time4
locgrid1344,loc2time,time4
locgrid1345,loc2time,time4
locgrid1346,loc2time,time4
locgrid1347,loc2time,time4
locgrid1348,loc2time,time4
locgrid1349,loc2time,time4
locgrid1350,loc2time,time4
locgrid1351,loc2time,time4
locgrid1352,loc2time,time4
locgrid1353,loc2time,time4
locgrid1354,loc2time,time4
locgrid1355,loc2time,time4
locgrid1356,loc2time,time4
locgrid1357,loc2time,time4
locgrid1358,loc2time,time4
locgrid1359,loc2time,time4
locgrid1360,loc2time,time4
locgrid1361,loc2time,time4
locgrid1362,loc2time,time4
locgrid1363,loc2time,time4
locgrid1364,loc2time,time4
locgrid1365,loc2time,time4
locgrid1366,loc2time,time4
locgrid1367,loc2time,time4
locgrid1368,loc2time,time4
locgrid1369,loc2time,time4
locgrid1370,loc2time,time4
locgrid1371,loc2time,time4
locgrid1372,loc2time,time4
locgrid1373,loc2time,time4
locgrid1374,loc2time,time4
locgrid1375,loc2time,time4
locgrid1376,loc2time,time4
locgrid1377,loc2time,time4
locgrid1378,loc2time,time4
locgrid1379,loc2time,time4
locgrid1380,loc2time,time4
locgrid1381,loc2time,time4
locgrid1382,loc2time,time4
locgrid1383,loc2time,time4
locgrid1384,loc2time,time4
locgrid1385,loc2time,time4
locgrid1386,loc2time,time4
locgrid1387,loc2time,time4
locgrid1388,loc2time,time4
locgrid1389,loc2time,time4
locgrid1390,loc2time,time4
locgrid1391,loc2time,time4
locgrid1392,loc2time,time4
locgrid1393,loc2time,time4
locgrid1394,loc2time,time4
locgrid1395,loc2time,time4
locgrid1396,loc2time,time4
locgrid1397,loc2time,time4
locgrid1398,loc2time,time4
locgrid1399,loc2time,time4
locgrid1400,loc2time,time4
locgrid1401,loc2time,time4
locgrid1402,loc2time,time4
locgrid1403,loc2time,time4
locgrid1404,loc2time,time4
locgrid1405,loc2time,time4
locgrid1406,loc2time,time4
locgrid1407,loc2time,time4
locgrid1408,loc2time,time4
locgrid1409,loc2time,time4
locgrid1410,loc2time,time4
locgrid1411,loc2time,time4
locgrid1412,loc2time,time4
locgrid1413,loc2time,time4
locgrid1414,loc2time,time4
locgrid1415,loc2time,time4
locgrid1416,loc2time,time4
locgrid1417,loc2time,time4
locgrid1418,loc2time,time4
locgrid1419,loc2time,time4
locgrid1420,loc2time,time4
locgrid1421,loc2time,time4
locgrid1422,loc2time,time4
locgrid1423,loc2time,time4
locgrid1424,loc2time,time4
locgrid1425,loc2time,time4
locgrid1426,loc2time,time4
locgrid1427,loc2time,time4
locgrid1428,loc2time,time4
locgrid1429,loc2time,time4
locgrid1430,loc2time,time4
locgrid1431,loc2time,time4
locgrid1432,loc2time,time4
locgrid1433,loc2time,time4
locgrid1434,loc2time,time4
locgrid1435,loc2time,time4
locgrid1436,loc2time,time4
locgrid1437,loc2time,time4
locgrid1438,loc2time,time4
locgrid1439,loc2time,time4
locgrid1440,loc2time,time4
locgrid1441,loc2time,time4
locgrid1442,loc2time,time4
locgrid1443,loc2time,time4
locgrid1444,loc2time,time4
locgrid1445,loc2time,time4
locgrid1446,loc2time,time4
locgrid1447,loc2time,time4
locgrid1448,loc2time,time4
locgrid1449,loc2time,time4
locgrid1450,loc2time,time4
locgrid1451,loc2time,time4
locgrid1452,loc2time,time4
locgrid1453,loc2time,time5
locgrid1454,loc2time,time5
locgrid1455,loc2time,time5
locgrid1456,loc2time,time5
locgrid1457,loc2time,time5
locgrid1458,loc2time,time5
locgrid1459,loc2time,time5
locgrid1460,loc2time,time5
locgrid1461,loc2time,time5
locgrid1462,loc2time,time5
locgrid1463,loc2time,time5
locgrid1464,loc2time,time5
locgrid1465,loc2time,time5
locgrid1466,loc2time,time5
locgrid1467,loc2time,time5
locgrid1468,loc2time,time5
locgrid1469,loc2time,time5
locgrid1470,loc2time,time5
locgrid1471,loc2time,time5
locgrid1472,loc2time,time5
locgrid1473,loc2time,time5
locgrid1474,loc2time,time5
locgrid1475,loc2time,time5
locgrid1476,loc2time,time5
locgrid1477,loc2time,time5
locgrid1478,loc2time,time5
locgrid1479,loc2time,time5
locgrid1480,loc2time,time5
locgrid1481,loc2time,time5
locgrid1482,loc2time,time5
locgrid1483,loc2time,time5
locgrid1484,loc2time,time5
locgrid1485,loc2time,time5
locgrid1486,loc2time,time5
locgrid1487,loc2time,time5
locgrid1488,loc2time,time5
locgrid1489,loc2time,time5
locgrid1490,loc2time,time5
locgrid1491,loc2time,time5
locgrid1492,loc2time,time5
locgrid1493,loc2time,time5
locgrid1494,loc2time,time5
locgrid1495,loc2time,time5
locgrid1496,loc2time,time5
locgrid1497,loc2time,time5
locgrid1498,loc2time,time5
locgrid1499,loc2time,time5
locgrid1500,loc2time,time5
locgrid1501,loc2time,time5
locgrid1502,loc2time,time5
locgrid1503,loc2time,time5
locgrid1504,loc2time,time5
locgrid1505,loc2time,time5
locgrid1506,loc2time,time5
locgrid1507,loc2time,time5
locgrid1508,loc2time,time5
locgrid1509,loc2time,time5
locgrid1510,loc2time,time5
locgrid1511,loc2time,time5
locgrid1512,loc2time,time5
locgrid1513,loc2time,time5
locgrid1514,loc2time,time5
locgrid1515,loc2time,time5
locgrid1516,loc2time,time5
locgrid1517,loc2time,time5
locgrid1518,loc2time,time5
locgrid1519,loc2time,time5
locgrid1520,loc2time,time5
locgrid1521,loc2time,time5
locgrid1522,loc2time,time5
locgrid1523,loc2time,time5
locgrid1524,loc2time,time5
locgrid1525,loc2time,time5
locgrid1526,loc2time,time5
locgrid1527,loc2time,time5
locgrid1528,loc2time,time5
locgrid1529,loc2time,time5
locgrid1530,loc2time,time5
locgrid1531,loc2time,time5
locgrid1532,loc2time,time5
locgrid1533,loc2time,time5
locgrid1534,loc2time,time5
locgrid1535,loc2time,time5
locgrid1536,loc2time,time5
locgrid1537,loc2time,time5
locgrid1538,loc2time,time5
locgrid1539,loc2time,time5
locgrid1540,loc2time,time5
locgrid1541,loc2time,time5
locgrid1542,loc2time,time5
locgrid1543,loc2time,time5
locgrid1544,loc2time,time5
locgrid1545,loc2time,time5
locgrid1546,loc2time,time5
locgrid1547,loc2time,time5
locgrid1548,loc2time,time5
locgrid1549,loc2time,time5
locgrid1550,loc2time,time5
locgrid1551,loc2time,time5
locgrid1552,loc2time,time5
locgrid1553,loc2time,time5
locgrid1554,loc2time,time5
locgrid1555,loc2time,time5
locgrid1556,loc2time,time5
locgrid1557,loc2time,time5
locgrid1558,loc2time,time5
locgrid1559,loc2time,time5
locgrid1560,loc2time,time5
locgrid1561,loc2time,time5
locgrid1562,loc2time,time5
locgrid1563,loc2time,time5
locgrid1564,loc2time,time5
locgrid1565,loc2time,time5
locgrid1566,loc2time,time5
locgrid1567,loc2time,time5
locgrid1568,loc2time,time5
locgrid1569,loc2time,time5
locgrid1570,loc2time,time5
locgrid1571,loc2time,time5
locgrid1572,loc2time,time5
locgrid1573,loc2time,time5
locgrid1574,loc2time,time5
locgrid1575,loc2time,time5
locgrid1576,loc2time,time5
locgrid1577,loc2time,time5
locgrid1578,loc2time,time5
locgrid1579,loc2time,time5
locgrid1580,loc2time,time5
locgrid1581,loc2time,time5
locgrid1582,loc2time,time5
locgrid1583,loc2time,time5
locgrid1584,loc2time,time5
locgrid1585,loc2time,time5
locgrid1586,loc2time,time5
locgrid1587,loc2time,time5
locgrid1588,loc2time,time5
locgrid1589,loc2time,time5
locgrid1590,loc2time,time5
locgrid1591,loc2time,time5
locgrid1592,loc2time,time5
locgrid1593,loc2time,time5
locgrid1594,loc2time,time5
locgrid1595,loc2time,time5
locgrid1596,loc2time,time5
locgrid1597,loc2time,time5
locgrid1598,loc2time,time5
locgrid1599,loc2time,time5
locgrid1600,loc2time,time5
locgrid1601,loc2time,time5
locgrid1602,loc2time,time5
locgrid1603,loc2time,time5
locgrid1604,loc2time,time5
locgrid1605,loc2time,time5
locgrid1606,loc2time,time5
locgrid1607,loc2time,time5
locgrid1608,loc2time,time5
locgrid1609,loc2time,time5
locgrid1610,loc2time,time5
locgrid1611,loc2time,time5
locgrid1612,loc2time,time5
locgrid1613,loc2time,time5
locgrid1614,loc2time,time5
locgrid1615,loc2time,time5
locgrid1616,loc2time,time5
locgrid1617,loc2time,time5
locgrid1618,loc2time,time5
locgrid1619,loc2time,time5
locgrid1620,loc2time,time5
locgrid1621,loc2time,time5
locgrid1622,loc2time,time5
locgrid1623,loc2time,time5
locgrid1624,loc2time,time5
locgrid1625,loc2time,time5
locgrid1626,loc2time,time5
locgrid1627,loc2time,time5
locgrid1628,loc2time,time5
locgrid1629,loc2time,time5
locgrid1630,loc2time,time5
locgrid1631,loc2time,time5
locgrid1632,loc2time,time5
locgrid1633,loc2time,time5
locgrid1634,loc2time,time5
locgrid1635,loc2time,time5
locgrid1636,loc2time,time5
locgrid1637,loc2time,time5
locgrid1638,loc2time,time5
locgrid1639,loc2time,time5
locgrid1640,loc2time,time5
locgrid1641,loc2time,time5
locgrid1642,loc2time,time5
locgrid1643,loc2time,time5
locgrid1644,loc2time,time5
locgrid1645,loc2time,time5
locgrid1646,loc2time,time5
locgrid1647,loc2time,time5
locgrid1648,loc2time,time5
locgrid1649,loc2time,time5
locgrid1650,loc2time,time5
locgrid1651,loc2time,time5
locgrid1652,loc2time,time5
locgrid1653,loc2time,time5
locgrid1654,loc2time,time5
locgrid1655,loc2time,time5
locgrid1656,loc2time,time5
locgrid1657,loc2time,time5
locgrid1658,loc2time,time5
locgrid1659,loc2time,time5
locgrid1660,loc2time,time5
locgrid1661,loc2time,time5
locgrid1662,loc2time,time5
locgrid1663,loc2time,time5
locgrid1664,loc2time,time5
locgrid1665,loc2time,time5
locgrid1666,loc2time,time5
locgrid1667,loc2time,time5
locgrid1668,loc2time,time5
locgrid1669,loc2time,time5
locgrid1670,loc2time,time5
locgrid1671,loc2time,time5
locgrid1672,loc2time,time5
locgrid1673,loc2time,time5
locgrid1674,loc2time,time5
locgrid1675,loc2time,time5
locgrid1676,loc2time,time5
locgrid1677,loc2time,time5
locgrid1678,loc2time,time5
locgrid1679,loc2time,time5
locgrid1680,loc2time,time5
locgrid1681,loc2time,time5
locgrid1682,loc2time,time5
locgrid1683,loc2time,time5
locgrid1684,loc2time,time5
locgrid1685,loc2time,time5
locgrid1686,loc2time,time5
locgrid1687,loc2time,time5
locgrid1688,loc2time,time5
locgrid1689,loc2time,time5
locgrid1690,loc2time,time5
locgrid1691,loc2time,time5
locgrid1692,loc2time,time5
locgrid1693,loc2time,time5
locgrid1694,loc2time,time5
locgrid1695,loc2time,time5
locgrid1696,loc2time,time5
locgrid1697,loc2time,time5
locgrid1698,loc2time,time5
locgrid1699,loc2time,time5
locgrid1700,loc2time,time5
locgrid1701,loc2time,time5
locgrid1702,loc2time,time5
locgrid1703,loc2time,time5
locgrid1704,loc2time,time5
locgrid1705,loc2time,time5
locgrid1706,loc2time,time5
locgrid1707,loc2time,time5
locgrid1708,loc2time,time5
locgrid1709,loc2time,time5
locgrid1710,loc2time,time5
locgrid1711,loc2time,time5
locgrid1712,loc2time,time5
locgrid1713,loc2time,time5
locgrid1714,loc2time,time5
locgrid1715,loc2time,time5
locgrid1716,loc2time,time5
locgrid1717,loc2time,time5
locgrid1718,loc2time,time5
locgrid1719,loc2time,time5
locgrid1720,loc2time,time5
locgrid1721,loc2time,time5
locgrid1722,loc2time,time5
locgrid1723,loc2time,time5
locgrid1724,loc2time,time5
locgrid1725,loc2time,time5
locgrid1726,loc2time,time5
locgrid1727,loc2time,time5
locgrid1728,loc2time,time5
locgrid1729,loc2time,time5
locgrid1730,loc2time,time5
locgrid1731,loc2time,time5
locgrid1732,loc2time,time5
locgrid1733,loc2time,time5
locgrid1734,loc2time,time5
locgrid1735,loc2time,time5
locgrid1736,loc2time,time5
locgrid1737,loc2time,time5
locgrid1738,loc2time,time6
locgrid1739,loc2time,time6
locgrid1740,loc2time,time6
locgrid1741,loc2time,time6
locgrid1742,loc2time,time6
locgrid1743,loc2time,time6
locgrid1744,loc2time,time6
locgrid1745,loc2time,time6
locgrid1746,loc2time,time6
locgrid1747,loc2time,time6
locgrid1748,loc2time,time6
locgrid1749,loc2time,time6
locgrid1750,loc2time,time6
locgrid1751,loc2time,time6
locgrid1752,loc2time,time6
locgrid1753,loc2time,time6
locgrid1754,loc2time,time6
locgrid1755,loc2time,time6
locgrid1756,loc2time,time6
locgrid1757,loc2time,time6
locgrid1758,loc2time,time6
locgrid1759,loc2time,time6
locgrid1760,loc2time,time6
locgrid1761,loc2time,time6
locgrid1762,loc2time,time6
locgrid1763,loc2time,time6
locgrid1764,loc2time,time6
locgrid1765,loc2time,time6
locgrid1766,loc2time,time6
locgrid1767,loc2time,time6
locgrid1768,loc2time,time6
locgrid1769,loc2time,time6
locgrid1770,loc2time,time6
locgrid1771,loc2time,time6
locgrid1772,loc2time,time6
locgrid1773,loc2time,time6
locgrid1774,loc2time,time6
locgrid1775,loc2time,time6
locgrid1776,loc2time,time6
locgrid1777,loc2time,time6
locgrid1778,loc2time,time6
locgrid1779,loc2time,time6
locgrid1780,loc2time,time6
locgrid1781,loc2time,time6
locgrid1782,loc2time,time6
locgrid1783,loc2time,time6
locgrid1784,loc2time,time6
locgrid1785,loc2time,time6
locgrid1786,loc2time,time6
locgrid1787,loc2time,time6
locgrid1788,loc2time,time6
locgrid1789,loc2time,time6
locgrid1790,loc2time,time6
locgrid1791,loc2time,time6
locgrid1792,loc2time,time6
locgrid1793,loc2time,time6
locgrid1794,loc2time,time6
locgrid1795,loc2time,time6
locgrid1796,loc2time,time6
locgrid1797,loc2time,time6
locgrid1798,loc2time,time6
locgrid1799,loc2time,time6
locgrid1800,loc2time,time6
locgrid1801,loc2time,time6
locgrid1802,loc2time,time6
locgrid1803,loc2time,time6
locgrid1804,loc2time,time6
locgrid1805,loc2time,time6
locgrid1806,loc2time,time6
locgrid1807,loc2time,time6
locgrid1808,loc2time,time6
locgrid1809,loc2time,time6
locgrid1810,loc2time,time6
locgrid1811,loc2time,time6
locgrid1812,loc2time,time6
locgrid1813,loc2time,time6
locgrid1814,loc2time,time6
locgrid1815,loc2time,time6
locgrid1816,loc2time,time6
locgrid1817,loc2time,time6
locgrid1818,loc2time,time6
locgrid1819,loc2time,time6
locgrid1820,loc2time,time6
locgrid1821,loc2time,time6
locgrid1822,loc2time,time6
locgrid1823,loc2time,time6
locgrid1824,loc2time,time6
locgrid1825,loc2time,time6
locgrid1826,loc2time,time6
locgrid1827,loc2time,time6
locgrid1828,loc2time,time6
locgrid1829,loc2time,time6
locgrid1830,loc2time,time6
locgrid1831,loc2time,time6
locgrid1832,loc2time,time6
locgrid1833,loc2time,time6
locgrid1834,loc2time,time6
locgrid1835,loc2time,time6
locgrid1836,loc2time,time6
locgrid1837,loc2time,time6
locgrid1838,loc2time,time6
locgrid1839,loc2time,time6
locgrid1840,loc2time,time6
locgrid1841,loc2time,time6
locgrid1842,loc2time,time6
locgrid1843,loc2time,time6
locgrid1844,loc2time,time6
locgrid1845,loc2time,time6
locgrid1846,loc2time,time6
locgrid1847,loc2time,time6
locgrid1848,loc2time,time6
locgrid1849,loc2time,time6
locgrid1850,loc2time,time6
locgrid1851,loc2time,time6
locgrid1852,loc2time,time6
locgrid1853,loc2time,time6
locgrid1854,loc2time,time6
locgrid1855,loc2time,time6
locgrid1856,loc2time,time6
locgrid1857,loc2time,time6
locgrid1858,loc2time,time6
locgrid1859,loc2time,time6
locgrid1860,loc2time,time6
locgrid1861,loc2time,time6
locgrid1862,loc2time,time6
locgrid1863,loc2time,time6
locgrid1864,loc2time,time6
locgrid1865,loc2time,time6
locgrid1866,loc2time,time6
locgrid1867,loc2time,time6
locgrid1868,loc2time,time6
locgrid1869,loc2time,time6
locgrid1870,loc2time,time6
locgrid1871,loc2time,time6
locgrid1872,loc2time,time6
locgrid1873,loc2time,time6
locgrid1874,loc2time,time6
locgrid1875,loc2time,time6
locgrid1876,loc2time,time6
locgrid1877,loc2time,time6
locgrid1878,loc2time,time6
locgrid1879,loc2time,time6
locgrid1880,loc2time,time6
locgrid1881,loc2time,time6
locgrid1882,loc2time,time6
locgrid1883,loc2time,time6
locgrid1884,loc2time,time6
locgrid1885,loc2time,time6
locgrid1886,loc2time,time6
locgrid1887,loc2time,time6
locgrid1888,loc2time,time6
locgrid1889,loc2time,time6
locgrid1890,loc2time,time6
locgrid1891,loc2time,time6
locgrid1892,loc2time,time6
locgrid1893,loc2time,time6
locgrid1894,loc2time,time6
locgrid1895,loc2time,time6
locgrid1896,loc2time,time6
locgrid1897,loc2time,time6
locgrid1898,loc2time,time6
locgrid1899,loc2time,time6
locgrid1900,loc2time,time6
locgrid1901,loc2time,time6
locgrid1902,loc2time,time6
locgrid1903,loc2time,time6
locgrid1904,loc2time,time6
locgrid1905,loc2time,time6
locgrid1906,loc2time,time6
locgrid1907,loc2time,time6
locgrid1908,loc2time,time6
locgrid1909,loc2time,time6
locgrid1910,loc2time,time6
locgrid1911,loc2time,time6
locgrid1912,loc2time,time6
locgrid1913,loc2time,time6
locgrid1914,loc2time,time6
locgrid1915,loc2time,time6
locgrid1916,loc2time,time6
locgrid1917,loc2time,time6
locgrid1918,loc2time,time6
locgrid1919,loc2time,time6
locgrid1920,loc2time,time6
locgrid1921,loc2time,time6
locgrid1922,loc2time,time6
locgrid1923,loc2time,time6
locgrid1924,loc2time,time6
locgrid1925,loc2time,time6
locgrid1926,loc2time,time6
locgrid1927,loc2time,time6
locgrid1928,loc2time,time6
locgrid1929,loc2time,time6
locgrid1930,loc2time,time6
locgrid1931,loc2time,time6
locgrid1932,loc2time,time6
locgrid1933,loc2time,time6
locgrid1934,loc2time,time6
locgrid1935,loc2time,time6
locgrid1936,loc2time,time6
locgrid1937,loc2time,time6
locgrid1938,loc2time,time6
locgrid1939,loc2time,time6
locgrid1940,loc2time,time6
locgrid1941,loc2time,time6
locgrid1942,loc2time,time6
locgrid1943,loc2time,time6
locgrid1944,loc2time,time6
locgrid1945,loc2time,time6
locgrid1946,loc2time,time6
locgrid1947,loc2time,time6
locgrid1948,loc2time,time6
locgrid1949,loc2time,time6
locgrid1950,loc2time,time6
locgrid1951,loc2time,time6
locgrid1952,loc2time,time6
locgrid1953,loc2time,time6
locgrid1954,loc2time,time6
locgrid1955,loc2time,time6
locgrid1956,loc2time,time6
locgrid1957,loc2time,time6
locgrid1958,loc2time,time6
locgrid1959,loc2time,time6
locgrid1960,loc2time,time6
locgrid1961,loc2time,time6
locgrid1962,loc2time,time6
locgrid1963,loc2time,time6
locgrid1964,loc2time,time6
locgrid1965,loc2time,time6
locgrid1966,loc2time,time6
locgrid1967,loc2time,time6
locgrid1968,loc2time,time6
locgrid1969,loc2time,time6
locgrid1970,loc2time,time6
locgrid1971,loc2time,time6
locgrid1972,loc2time,time6
locgrid1973,loc2time,time6
locgrid1974,loc2time,time6
locgrid1975,loc2time,time6
locgrid1976,loc2time,time6
locgrid1977,loc2time,time6
locgrid1978,loc2time,time6
locgrid1979,loc2time,time6
locgrid1980,loc2time,time6
locgrid1981,loc2time,time6
locgrid1982,loc2time,time6
locgrid1983,loc2time,time6
locgrid1984,loc2time,time6
locgrid1985,loc2time,time6
locgrid1986,loc2time,time6
locgrid1987,loc2time,time6
locgrid1988,loc2time,time6
locgrid1989,loc2time,time6
locgrid1990,loc2time,time6
locgrid1991,loc2time,time6
locgrid1992,loc2time,time6
locgrid1993,loc2time,time6
locgrid1994,loc2time,time6
locgrid1995,loc2time,time6
locgrid1996,loc2time,time6
locgrid1997,loc2time,time6
locgrid1998,loc2time,time6
locgrid1999,loc2time,time6
locgrid2000,loc2time,time6
locgrid2001,loc2time,time6
locgrid2002,loc2time,time6
locgrid2003,loc2time,time6
locgrid2004,loc2time,time6
locgrid2005,loc2time,time6
locgrid2006,loc2time,time6
locgrid2007,loc2time,time6
locgrid2008,loc2time,time6
locgrid2009,loc2time,time6
locgrid2010,loc2time,time6
locgrid2011,loc2time,time6
locgrid2012,loc2time,time6
locgrid2013,loc2time,time6
locgrid2014,loc2time,time6
locgrid2015,loc2time,time6
locgrid2016,loc2time,time6
locgrid2017,loc2time,time6
locgrid2018,loc2time,time6
locgrid2019,loc2time,time7
locgrid2020,loc2time,time7
locgrid2021,loc2time,time7
locgrid2022,loc2time,time7
locgrid2023,loc2time,time7
locgrid2024,loc2time,time7
locgrid2025,loc2time,time7
locgrid2026,loc2time,time7
locgrid2027,loc2time,time7
locgrid2028,loc2time,time7
locgrid2029,loc2time,time7
locgrid2030,loc2time,time7
locgrid2031,loc2time,time7
locgrid2032,loc2time,time7
locgrid2033,loc2time,time7
locgrid2034,loc2time,time7
locgrid2035,loc2time,time7
locgrid2036,loc2time,time7
locgrid2037,loc2time,time7
locgrid2038,loc2time,time7
locgrid2039,loc2time,time7
locgrid2040,loc2time,time7
locgrid2041,loc2time,time7
locgrid2042,loc2time,time7
locgrid2043,loc2time,time7
locgrid2044,loc2time,time7
locgrid2045,loc2time,time7
locgrid2046,loc2time,time7
locgrid2047,loc2time,time7
locgrid2048,loc2time,time7
locgrid2049,loc2time,time7
locgrid2050,loc2time,time7
locgrid2051,loc2time,time7
locgrid2052,loc2time,time7
locgrid2053,loc2time,time7
locgrid2054,loc2time,time7
locgrid2055,loc2time,time7
locgrid2056,loc2time,time7
locgrid2057,loc2time,time7
locgrid2058,loc2time,time7
locgrid2059,loc2time,time7
locgrid2060,loc2time,time7
locgrid2061,loc2time,time7
locgrid2062,loc2time,time7
locgrid2063,loc2time,time7
locgrid2064,loc2time,time7
locgrid2065,loc2time,time7
locgrid2066,loc2time,time7
locgrid2067,loc2time,time7
locgrid2068,loc2time,time7
locgrid2069,loc2time,time7
locgrid2070,loc2time,time7
locgrid2071,loc2time,time7
locgrid2072,loc2time,time7
locgrid2073,loc2time,time7
locgrid2074,loc2time,time7
locgrid2075,loc2time,time7
locgrid2076,loc2time,time7
locgrid2077,loc2time,time7
locgrid2078,loc2time,time7
locgrid2079,loc2time,time7
locgrid2080,loc2time,time7
locgrid2081,loc2time,time7
locgrid2082,loc2time,time7
locgrid2083,loc2time,time7
locgrid2084,loc2time,time7
locgrid2085,loc2time,time7
locgrid2086,loc2time,time7
locgrid2087,loc2time,time7
locgrid2088,loc2time,time7
locgrid2089,loc2time,time7
locgrid2090,loc2time,time7
locgrid2091,loc2time,time7
locgrid2092,loc2time,time7
locgrid2093,loc2time,time7
locgrid2094,loc2time,time7
locgrid2095,loc2time,time7
locgrid2096,loc2time,time7
locgrid2097,loc2time,time7
locgrid2098,loc2time,time7
locgrid2099,loc2time,time7
locgrid2100,loc2time,time7
locgrid2101,loc2time,time7
locgrid2102,loc2time,time7
locgrid2103,loc2time,time7
locgrid2104,loc2time,time7
locgrid2105,loc2time,time7
locgrid2106,loc2time,time7
locgrid2107,loc2time,time7
locgrid2108,loc2time,time7
locgrid2109,loc2time,time7
locgrid2110,loc2time,time7
locgrid2111,loc2time,time7
locgrid2112,loc2time,time7
locgrid2113,loc2time,time7
locgrid2114,loc2time,time7
locgrid2115,loc2time,time7
locgrid2116,loc2time,time7
locgrid2117,loc2time,time7
locgrid2118,loc2time,time7
locgrid2119,loc2time,time7
locgrid2120,loc2time,time7
locgrid2121,loc2time,time7
locgrid2122,loc2time,time7
locgrid2123,loc2time,time7
locgrid2124,loc2time,time7
locgrid2125,loc2time,time7
locgrid2126,loc2time,time7
locgrid2127,loc2time,time7
locgrid2128,loc2time,time7
locgrid2129,loc2time,time7
locgrid2130,loc2time,time7
locgrid2131,loc2time,time7
locgrid2132,loc2time,time7
locgrid2133,loc2time,time7
locgrid2134,loc2time,time7
locgrid2135,loc2time,time7
locgrid2136,loc2time,time7
locgrid2137,loc2time,time7
locgrid2138,loc2time,time7
locgrid2139,loc2time,time7
locgrid2140,loc2time,time7
locgrid2141,loc2time,time7
locgrid2142,loc2time,time7
locgrid2143,loc2time,time7
locgrid2144,loc2time,time7
locgrid2145,loc2time,time7
locgrid2146,loc2time,time7
locgrid2147,loc2time,time7
locgrid2148,loc2time,time7
locgrid2149,loc2time,time7
locgrid2150,loc2time,time7
locgrid2151,loc2time,time7
locgrid2152,loc2time,time7
locgrid2153,loc2time,time7
locgrid2154,loc2time,time7
locgrid2155,loc2time,time7
locgrid2156,loc2time,time7
locgrid2157,loc2time,time7
locgrid2158,loc2time,time7
locgrid2159,loc2time,time7
locgrid2160,loc2time,time7
locgrid2161,loc2time,time7
locgrid2162,loc2time,time7
locgrid2163,loc2time,time7
locgrid2164,loc2time,time7
locgrid2165,loc2time,time7
locgrid2166,loc2time,time7
locgrid2167,loc2time,time7
locgrid2168,loc2time,time7
locgrid2169,loc2time,time7
locgrid2170,loc2time,time7
locgrid2171,loc2time,time7
locgrid2172,loc2time,time7
locgrid2173,loc2time,time7
locgrid2174,loc2time,time7
locgrid2175,loc2time,time7
locgrid2176,loc2time,time7
locgrid2177,loc2time,time7
locgrid2178,loc2time,time7
locgrid2179,loc2time,time7
locgrid2180,loc2time,time7
locgrid2181,loc2time,time7
locgrid2182,loc2time,time7
locgrid2183,loc2time,time7
locgrid2184,loc2time,time7
locgrid2185,loc2time,time7
locgrid2186,loc2time,time7
locgrid2187,loc2time,time7
locgrid2188,loc2time,time7
locgrid2189,loc2time,time7
locgrid2190,loc2time,time7
locgrid2191,loc2time,time7
locgrid2192,loc2time,time7
locgrid2193,loc2time,time7
locgrid2194,loc2time,time7
locgrid2195,loc2time,time7
locgrid2196,loc2time,time7
locgrid2197,loc2time,time7
locgrid2198,loc2time,time7
locgrid2199,loc2time,time7
locgrid2200,loc2time,time7
locgrid2201,loc2time,time7
locgrid2202,loc2time,time7
locgrid2203,loc2time,time7
locgrid2204,loc2time,time7
locgrid2205,loc2time,time7
locgrid2206,loc2time,time7
locgrid2207,loc2time,time7
locgrid2208,loc2time,time7
locgrid2209,loc2time,time7
locgrid2210,loc2time,time7
locgrid2211,loc2time,time7
locgrid2212,loc2time,time7
locgrid2213,loc2time,time7
locgrid2214,loc2time,time7
locgrid2215,loc2time,time7
locgrid2216,loc2time,time7
locgrid2217,loc2time,time7
locgrid2218,loc2time,time7
locgrid2219,loc2time,time7
locgrid2220,loc2time,time7
locgrid2221,loc2time,time7
locgrid2222,loc2time,time7
locgrid2223,loc2time,time7
locgrid2224,loc2time,time7
locgrid2225,loc2time,time7
locgrid2226,loc2time,time7
locgrid2227,loc2time,time7
locgrid2228,loc2time,time7
locgrid2229,loc2time,time7
locgrid2230,loc2time,time7
locgrid2231,loc2time,time7
locgrid2232,loc2time,time7
locgrid2233,loc2time,time7
locgrid2234,loc2time,time7
locgrid2235,loc2time,time7
locgrid2236,loc2time,time7
locgrid2237,loc2time,time7
locgrid2238,loc2time,time7
locgrid2239,loc2time,time7
locgrid2240,loc2time,time7
locgrid2241,loc2time,time7
locgrid2242,loc2time,time7
locgrid2243,loc2time,time7
locgrid2244,loc2time,time7
locgrid2245,loc2time,time7
locgrid2246,loc2time,time7
locgrid2247,loc2time,time7
locgrid2248,loc2time,time7
locgrid2249,loc2time,time7
locgrid2250,loc2time,time7
locgrid2251,loc2time,time7
locgrid2252,loc2time,time7
locgrid2253,loc2time,time7
locgrid2254,loc2time,time7
locgrid2255,loc2time,time7
locgrid2256,loc2time,time7
locgrid2257,loc2time,time7
locgrid2258,loc2time,time7
locgrid2259,loc2time,time7
locgrid2260,loc2time,time7
locgrid2261,loc2time,time7
locgrid2262,loc2time,time7
locgrid2263,loc2time,time7
locgrid2264,loc2time,time7
locgrid2265,loc2time,time7
locgrid2266,loc2time,time7
locgrid2267,loc2time,time7
locgrid2268,loc2time,time7
locgrid2269,loc2time,time7
locgrid2270,loc2time,time7
locgrid2271,loc2time,time7
locgrid2272,loc2time,time7
locgrid2273,loc2time,time7
locgrid2274,loc2time,time7
locgrid2275,loc2time,time7
locgrid2276,loc2time,time7
locgrid2277,loc2time,time7
locgrid2278,loc2time,time7
locgrid2279,loc2time,time7
locgrid2280,loc2time,time7
locgrid2281,loc2time,time7
locgrid2282,loc2time,time7
locgrid2283,loc2time,time7
locgrid2284,loc2time,time7
locgrid2285,loc2time,time7
locgrid2286,loc2time,time7
locgrid2287,loc2time,time7
locgrid2288,loc2time,time7
locgrid2289,loc2time,time7
locgrid2290,loc2time,time7
locgrid2291,loc2time,time7
locgrid2292,loc2time,time7
locgrid2293,loc2time,time7
locgrid2294,loc2time,time7
locgrid2295,loc2time,time7
locgrid2296,loc2time,time7
locgrid2297,loc2time,time7
locgrid2298,loc2time,time7
locgrid2299,loc2time,time7
locgrid2300,loc2time,time7
locgrid2301,loc2time,time7
locgrid2302,loc2time,time7
locgrid2303,loc2time,time7
locgrid2304,loc2time,time7
locgrid2305,loc2time,time7
locgrid2306,loc2time,time7
locgrid2307,loc2time,time7
locgrid2308,loc2time,time7
locgrid2309,loc2time,time7
locgrid2310,loc2time,time7
locgrid2311,loc2time,time7
locgrid2312,loc2time,time7
locgrid2313,loc2time,time7
locgrid2314,loc2time,time7
locgrid2315,loc2time,time7
locgrid2316,loc2time,time7
locgrid2317,loc2time,time7
locgrid2318,loc2time,time7
locgrid2319,loc2time,time7
locgrid2320,loc2time,time7
locgrid2321,loc2time,time7
locgrid2322,loc2time,time7
locgrid2323,loc2time,time8
locgrid2324,loc2time,time8
locgrid2325,loc2time,time8
locgrid2326,loc2time,time8
locgrid2327,loc2time,time8
locgrid2328,loc2time,time8
locgrid2329,loc2time,time8
locgrid2330,loc2time,time8
locgrid2331,loc2time,time8
locgrid2332,loc2time,time8
locgrid2333,loc2time,time8
locgrid2334,loc2time,time8
locgrid2335,loc2time,time8
locgrid2336,loc2time,time8
locgrid2337,loc2time,time8
locgrid2338,loc2time,time8
locgrid2339,loc2time,time8
locgrid2340,loc2time,time8
locgrid2341,loc2time,time8
locgrid2342,loc2time,time8
locgrid2343,loc2time,time8
locgrid2344,loc2time,time8
locgrid2345,loc2time,time8
locgrid2346,loc2time,time8
locgrid2347,loc2time,time8
locgrid2348,loc2time,time8
locgrid2349,loc2time,time8
locgrid2350,loc2time,time8
locgrid2351,loc2time,time8
locgrid2352,loc2time,time8
locgrid2353,loc2time,time8
locgrid2354,loc2time,time8
locgrid2355,loc2time,time8
locgrid2356,loc2time,time8
locgrid2357,loc2time,time8
locgrid2358,loc2time,time8
locgrid2359,loc2time,time8
locgrid2360,loc2time,time8
locgrid2361,loc2time,time8
locgrid2362,loc2time,time8
locgrid2363,loc2time,time8
locgrid2364,loc2time,time8
locgrid2365,loc2time,time8
locgrid2366,loc2time,time8
locgrid2367,loc2time,time8
locgrid2368,loc2time,time8
locgrid2369,loc2time,time8
locgrid2370,loc2time,time8
locgrid2371,loc2time,time8
locgrid2372,loc2time,time8
locgrid2373,loc2time,time8
locgrid2374,loc2time,time8
locgrid2375,loc2time,time8
locgrid2376,loc2time,time8
locgrid2377,loc2time,time8
locgrid2378,loc2time,time8
locgrid2379,loc2time,time8
locgrid2380,loc2time,time8
locgrid2381,loc2time,time8
locgrid2382,loc2time,time8
locgrid2383,loc2time,time8
locgrid2384,loc2time,time8
locgrid2385,loc2time,time8
locgrid2386,loc2time,time8
locgrid2387,loc2time,time8
locgrid2388,loc2time,time8
locgrid2389,loc2time,time8
locgrid2390,loc2time,time8
locgrid2391,loc2time,time8
locgrid2392,loc2time,time8
locgrid2393,loc2time,time8
locgrid2394,loc2time,time8
locgrid2395,loc2time,time8
locgrid2396,loc2time,time8
locgrid2397,loc2time,time8
locgrid2398,loc2time,time8
locgrid2399,loc2time,time8
locgrid2400,loc2time,time8
locgrid2401,loc2time,time8
locgrid2402,loc2time,time8
locgrid2403,loc2time,time8
locgrid2404,loc2time,time8
locgrid2405,loc2time,time8
locgrid2406,loc2time,time8
locgrid2407,loc2time,time8
locgrid2408,loc2time,time8
locgrid2409,loc2time,time8
locgrid2410,loc2time,time8
locgrid2411,loc2time,time8
locgrid2412,loc2time,time8
locgrid2413,loc2time,time8
locgrid2414,loc2time,time8
locgrid2415,loc2time,time8
locgrid2416,loc2time,time8
locgrid2417,loc2time,time8
locgrid2418,loc2time,time8
locgrid2419,loc2time,time8
locgrid2420,loc2time,time8
locgrid2421,loc2time,time8
locgrid2422,loc2time,time8
locgrid2423,loc2time,time8
locgrid2424,loc2time,time8
locgrid2425,loc2time,time8
locgrid2426,loc2time,time8
locgrid2427,loc2time,time8
locgrid2428,loc2time,time8
locgrid2429,loc2time,time8
locgrid2430,loc2time,time8
locgrid2431,loc2time,time8
locgrid2432,loc2time,time8
locgrid2433,loc2time,time8
locgrid2434,loc2time,time8
locgrid2435,loc2time,time8
locgrid2436,loc2time,time8
locgrid2437,loc2time,time8
locgrid2438,loc2time,time8
locgrid2439,loc2time,time8
locgrid2440,loc2time,time8
locgrid2441,loc2time,time8
locgrid2442,loc2time,time8
locgrid2443,loc2time,time8
locgrid2444,loc2time,time8
locgrid2445,loc2time,time8
locgrid2446,loc2time,time8
locgrid2447,loc2time,time8
locgrid2448,loc2time,time8
locgrid2449,loc2time,time8
locgrid2450,loc2time,time8
locgrid2451,loc2time,time8
locgrid2452,loc2time,time8
locgrid2453,loc2time,time8
locgrid2454,loc2time,time8
locgrid2455,loc2time,time8
locgrid2456,loc2time,time8
locgrid2457,loc2time,time8
locgrid2458,loc2time,time8
locgrid2459,loc2time,time8
locgrid2460,loc2time,time8
locgrid2461,loc2time,time8
locgrid2462,loc2time,time8
locgrid2463,loc2time,time8
locgrid2464,loc2time,time8
locgrid2465,loc2time,time8
locgrid2466,loc2time,time8
locgrid2467,loc2time,time8
locgrid2468,loc2time,time8
locgrid2469,loc2time,time8
locgrid2470,loc2time,time8
locgrid2471,loc2time,time8
locgrid2472,loc2time,time8
locgrid2473,loc2time,time8
locgrid2474,loc2time,time8
locgrid2475,loc2time,time8
locgrid2476,loc2time,time8
locgrid2477,loc2time,time8
locgrid2478,loc2time,time8
locgrid2479,loc2time,time8
locgrid2480,loc2time,time8
locgrid2481,loc2time,time8
locgrid2482,loc2time,time8
locgrid2483,loc2time,time8
locgrid2484,loc2time,time8
locgrid2485,loc2time,time8
locgrid2486,loc2time,time8
locgrid2487,loc2time,time8
locgrid2488,loc2time,time8
locgrid2489,loc2time,time8
locgrid2490,loc2time,time8
locgrid2491,loc2time,time8
locgrid2492,loc2time,time8
locgrid2493,loc2time,time8
locgrid2494,loc2time,time8
locgrid2495,loc2time,time8
locgrid2496,loc2time,time8
locgrid2497,loc2time,time8
locgrid2498,loc2time,time8
locgrid2499,loc2time,time8
locgrid2500,loc2time,time8
locgrid2501,loc2time,time8
locgrid2502,loc2time,time8
locgrid2503,loc2time,time8
locgrid2504,loc2time,time8
locgrid2505,loc2time,time8
locgrid2506,loc2time,time8
locgrid2507,loc2time,time8
locgrid2508,loc2time,time8
locgrid2509,loc2time,time8
locgrid2510,loc2time,time8
locgrid2511,loc2time,time8
locgrid2512,loc2time,time8
locgrid2513,loc2time,time8
locgrid2514,loc2time,time8
locgrid2515,loc2time,time8
locgrid2516,loc2time,time8
locgrid2517,loc2time,time8
locgrid2518,loc2time,time8
locgrid2519,loc2time,time8
locgrid2520,loc2time,time8
locgrid2521,loc2time,time8
locgrid2522,loc2time,time8
locgrid2523,loc2time,time8
locgrid2524,loc2time,time8
locgrid2525,loc2time,time8
locgrid2526,loc2time,time8
locgrid2527,loc2time,time8
locgrid2528,loc2time,time8
locgrid2529,loc2time,time8
locgrid2530,loc2time,time8
locgrid2531,loc2time,time8
locgrid2532,loc2time,time8
locgrid2533,loc2time,time8
locgrid2534,loc2time,time8
locgrid2535,loc2time,time8
locgrid2536,loc2time,time8
locgrid2537,loc2time,time8
locgrid2538,loc2time,time8
locgrid2539,loc2time,time8
locgrid2540,loc2time,time8
locgrid2541,loc2time,time8
locgrid2542,loc2time,time8
locgrid2543,loc2time,time8
locgrid2544,loc2time,time8
locgrid2545,loc2time,time8
locgrid2546,loc2time,time8
locgrid2547,loc2time,time8
locgrid2548,loc2time,time8
locgrid2549,loc2time,time8
locgrid2550,loc2time,time8
locgrid2551,loc2time,time8
locgrid2552,loc2time,time8
locgrid2553,loc2time,time8
locgrid2554,loc2time,time8
locgrid2555,loc2time,time8
locgrid2556,loc2time,time8
locgrid2557,loc2time,time8
locgrid2558,loc2time,time8
locgrid2559,loc2time,time8
locgrid2560,loc2time,time8
locgrid2561,loc2time,time8
locgrid2562,loc2time,time8
locgrid2563,loc2time,time8
locgrid2564,loc2time,time8
locgrid2565,loc2time,time8
locgrid2566,loc2time,time8
locgrid2567,loc2time,time8
locgrid2568,loc2time,time8
locgrid2569,loc2time,time8
locgrid2570,loc2time,time8
locgrid2571,loc2time,time8
locgrid2572,loc2time,time8
locgrid2573,loc2time,time8
locgrid2574,loc2time,time8
locgrid2575,loc2time,time8
locgrid2576,loc2time,time8
locgrid2577,loc2time,time8
locgrid2578,loc2time,time8
locgrid2579,loc2time,time8
locgrid2580,loc2time,time8
locgrid2581,loc2time,time8
locgrid2582,loc2time,time8
locgrid2583,loc2time,time8
locgrid2584,loc2time,time8
locgrid2585,loc2time,time8
locgrid2586,loc2time,time8
locgrid2587,loc2time,time8
locgrid2588,loc2time,time8
locgrid2589,loc2time,time8
locgrid2590,loc2time,time8
locgrid2591,loc2time,time8
locgrid2592,loc2time,time8
locgrid2593,loc2time,time8
locgrid2594,loc2time,time8
locgrid2595,loc2time,time8
locgrid2596,loc2time,time8
locgrid2597,loc2time,time8
locgrid2598,loc2time,time8
locgrid2599,loc2time,time8
locgrid2600,loc2time,time8
locgrid2601,loc2time,time8
locgrid2602,loc2time,time8
locgrid2603,loc2time,time8
locgrid2604,loc2time,time8
locgrid2605,loc2time,time8
locgrid2606,loc2time,time8
locgrid2607,loc2time,time8
locgrid2608,loc2time,time8
locgrid2609,loc2time,time8
locgrid2610,loc2time,time8
locgrid2611,loc2time,time8
locgrid2612,loc2time,time8
locgrid2613,loc2time,time8
locgrid2614,loc2time,time8
locgrid2615,loc2time,time8
locgrid2616,loc2time,time8
locgrid2617,loc2time,time8
locgrid2618,loc2time,time8
locgrid2619,loc2time,time8
locgrid2620,loc2time,time8
locgrid2621,loc2time,time8
locgrid2622,loc2time,time8
locgrid2623,loc2time,time9
locgrid2624,loc2time,time9
locgrid2625,loc2time,time9
locgrid2626,loc2time,time9
locgrid2627,loc2time,time9
locgrid2628,loc2time,time9
locgrid2629,loc2time,time9
locgrid2630,loc2time,time9
locgrid2631,loc2time,time9
locgrid2632,loc2time,time9
locgrid2633,loc2time,time9
locgrid2634,loc2time,time9
locgrid2635,loc2time,time9
locgrid2636,loc2time,time9
locgrid2637,loc2time,time9
locgrid2638,loc2time,time9
locgrid2639,loc2time,time9
locgrid2640,loc2time,time9
locgrid2641,loc2time,time9
locgrid2642,loc2time,time9
locgrid2643,loc2time,time9
locgrid2644,loc2time,time9
locgrid2645,loc2time,time9
locgrid2646,loc2time,time9
locgrid2647,loc2time,time9
locgrid2648,loc2time,time9
locgrid2649,loc2time,time9
locgrid2650,loc2time,time9
locgrid2651,loc2time,time9
locgrid2652,loc2time,time9
locgrid2653,loc2time,time9
locgrid2654,loc2time,time9
locgrid2655,loc2time,time9
locgrid2656,loc2time,time9
locgrid2657,loc2time,time9
locgrid2658,loc2time,time9
locgrid2659,loc2time,time9
locgrid2660,loc2time,time9
locgrid2661,loc2time,time9
locgrid2662,loc2time,time9
locgrid2663,loc2time,time9
locgrid2664,loc2time,time9
locgrid2665,loc2time,time9
locgrid2666,loc2time,time9
locgrid2667,loc2time,time9
locgrid2668,loc2time,time9
locgrid2669,loc2time,time9
locgrid2670,loc2time,time9
locgrid2671,loc2time,time9
locgrid2672,loc2time,time9
locgrid2673,loc2time,time9
locgrid2674,loc2time,time9
locgrid2675,loc2time,time9
locgrid2676,loc2time,time9
locgrid2677,loc2time,time9
locgrid2678,loc2time,time9
locgrid2679,loc2time,time9
locgrid2680,loc2time,time9
locgrid2681,loc2time,time9
locgrid2682,loc2time,time9
locgrid2683,loc2time,time9
locgrid2684,loc2time,time9
locgrid2685,loc2time,time9
locgrid2686,loc2time,time9
locgrid2687,loc2time,time9
locgrid2688,loc2time,time9
locgrid2689,loc2time,time9
locgrid2690,loc2time,time9
locgrid2691,loc2time,time9
locgrid2692,loc2time,time9
locgrid2693,loc2time,time9
locgrid2694,loc2time,time9
locgrid2695,loc2time,time9
locgrid2696,loc2time,time9
locgrid2697,loc2time,time9
locgrid2698,loc2time,time9
locgrid2699,loc2time,time9
locgrid2700,loc2time,time9
locgrid2701,loc2time,time9
locgrid2702,loc2time,time9
locgrid2703,loc2time,time9
locgrid2704,loc2time,time9
locgrid2705,loc2time,time9
locgrid2706,loc2time,time9
locgrid2707,loc2time,time9
locgrid2708,loc2time,time9
locgrid2709,loc2time,time9
locgrid2710,loc2time,time9
locgrid2711,loc2time,time9
locgrid2712,loc2time,time9
locgrid2713,loc2time,time9
locgrid2714,loc2time,time9
locgrid2715,loc2time,time9
locgrid2716,loc2time,time9
locgrid2717,loc2time,time9
locgrid2718,loc2time,time9
locgrid2719,loc2time,time9
locgrid2720,loc2time,time9
locgrid2721,loc2time,time9
locgrid2722,loc2time,time9
locgrid2723,loc2time,time9
locgrid2724,loc2time,time9
locgrid2725,loc2time,time9
locgrid2726,loc2time,time9
locgrid2727,loc2time,time9
locgrid2728,loc2time,time9
locgrid2729,loc2time,time9
locgrid2730,loc2time,time9
locgrid2731,loc2time,time9
locgrid2732,loc2time,time9
locgrid2733,loc2time,time9
locgrid2734,loc2time,time9
locgrid2735,loc2time,time9
locgrid2736,loc2time,time9
locgrid2737,loc2time,time9
locgrid2738,loc2time,time9
locgrid2739,loc2time,time9
locgrid2740,loc2time,time9
locgrid2741,loc2time,time9
locgrid2742,loc2time,time9
locgrid2743,loc2time,time9
locgrid2744,loc2time,time9
locgrid2745,loc2time,time9
locgrid2746,loc2time,time9
locgrid2747,loc2time,time9
locgrid2748,loc2time,time9
locgrid2749,loc2time,time9
locgrid2750,loc2time,time9
locgrid2751,loc2time,time9
locgrid2752,loc2time,time9
locgrid2753,loc2time,time9
locgrid2754,loc2time,time9
locgrid2755,loc2time,time9
locgrid2756,loc2time,time9
locgrid2757,loc2time,time9
locgrid2758,loc2time,time9
locgrid2759,loc2time,time9
locgrid2760,loc2time,time9
locgrid2761,loc2time,time9
locgrid2762,loc2time,time9
locgrid2763,loc2time,time9
locgrid2764,loc2time,time9
locgrid2765,loc2time,time9
locgrid2766,loc2time,time9
locgrid2767,loc2time,time9
locgrid2768,loc2time,time9
locgrid2769,loc2time,time9
locgrid2770,loc2time,time9
locgrid2771,loc2time,time9
locgrid2772,loc2time,time9
locgrid2773,loc2time,time9
locgrid2774,loc2time,time9
locgrid2775,loc2time,time9
locgrid2776,loc2time,time9
locgrid2777,loc2time,time9
locgrid2778,loc2time,time9
locgrid2779,loc2time,time9
locgrid2780,loc2time,time9
locgrid2781,loc2time,time9
locgrid2782,loc2time,time9
locgrid2783,loc2time,time9
locgrid2784,loc2time,time9
locgrid2785,loc2time,time9
locgrid2786,loc2time,time9
locgrid2787,loc2time,time9
locgrid2788,loc2time,time9
locgrid2789,loc2time,time9
locgrid2790,loc2time,time9
locgrid2791,loc2time,time9
locgrid2792,loc2time,time9
locgrid2793,loc2time,time9
locgrid2794,loc2time,time9
locgrid2795,loc2time,time9
locgrid2796,loc2time,time9
locgrid2797,loc2time,time9
locgrid2798,loc2time,time9
locgrid2799,loc2time,time9
locgrid2800,loc2time,time9
locgrid2801,loc2time,time9
locgrid2802,loc2time,time9
locgrid2803,loc2time,time9
locgrid2804,loc2time,time9
locgrid2805,loc2time,time9
locgrid2806,loc2time,time9
locgrid2807,loc2time,time9
locgrid2808,loc2time,time9
locgrid2809,loc2time,time9
locgrid2810,loc2time,time9
locgrid2811,loc2time,time9
locgrid2812,loc2time,time9
locgrid2813,loc2time,time9
locgrid2814,loc2time,time9
locgrid2815,loc2time,time9
locgrid2816,loc2time,time9
locgrid2817,loc2time,time9
locgrid2818,loc2time,time9
locgrid2819,loc2time,time9
locgrid2820,loc2time,time9
locgrid2821,loc2time,time9
locgrid2822,loc2time,time9
locgrid2823,loc2time,time9
locgrid2824,loc2time,time9
locgrid2825,loc2time,time9
locgrid2826,loc2time,time9
locgrid2827,loc2time,time9
locgrid2828,loc2time,time9
locgrid2829,loc2time,time9
locgrid2830,loc2time,time9
locgrid2831,loc2time,time9
locgrid2832,loc2time,time9
locgrid2833,loc2time,time9
locgrid2834,loc2time,time9
locgrid2835,loc2time,time9
locgrid2836,loc2time,time9
locgrid2837,loc2time,time9
locgrid2838,loc2time,time9
locgrid2839,loc2time,time9
locgrid2840,loc2time,time9
locgrid2841,loc2time,time9
locgrid2842,loc2time,time9
locgrid2843,loc2time,time9
locgrid2844,loc2time,time9
locgrid2845,loc2time,time9
locgrid2846,loc2time,time9
locgrid2847,loc2time,time9
locgrid2848,loc2time,time9
locgrid2849,loc2time,time9
locgrid2850,loc2time,time9
locgrid2851,loc2time,time9
locgrid2852,loc2time,time9
locgrid2853,loc2time,time9
locgrid2854,loc2time,time9
locgrid2855,loc2time,time9
locgrid2856,loc2time,time9
locgrid2857,loc2time,time9
locgrid2858,loc2time,time9
locgrid2859,loc2time,time9
locgrid2860,loc2time,time9
locgrid2861,loc2time,time9
locgrid2862,loc2time,time9
locgrid2863,loc2time,time9
locgrid2864,loc2time,time9
locgrid2865,loc2time,time9
locgrid2866,loc2time,time9
locgrid2867,loc2time,time9
locgrid2868,loc2time,time9
locgrid2869,loc2time,time9
locgrid2870,loc2time,time9
locgrid2871,loc2time,time9
locgrid2872,loc2time,time9
locgrid2873,loc2time,time9
locgrid2874,loc2time,time9
locgrid2875,loc2time,time9
locgrid2876,loc2time,time9
locgrid2877,loc2time,time9
locgrid2878,loc2time,time9
locgrid2879,loc2time,time9
locgrid2880,loc2time,time9
locgrid2881,loc2time,time9
locgrid2882,loc2time,time9
locgrid2883,loc2time,time9
locgrid2884,loc2time,time9
locgrid2885,loc2time,time9
locgrid2886,loc2time,time9
locgrid2887,loc2time,time9
locgrid2888,loc2time,time9
locgrid2889,loc2time,time9
locgrid2890,loc2time,time9
locgrid2891,loc2time,time9
locgrid2892,loc2time,time9
locgrid2893,loc2time,time9
locgrid2894,loc2time,time9
locgrid2895,loc2time,time9
locgrid2896,loc2time,time9
locgrid2897,loc2time,time9
locgrid2898,loc2time,time9
locgrid2899,loc2time,time9
locgrid2900,loc2time,time9
locgrid2901,loc2time,time9
locgrid2902,loc2time,time9
locgrid2903,loc2time,time9
locgrid2904,loc2time,time9
locgrid2905,loc2time,time9
locgrid2906,loc2time,time9
locgrid2907,loc2time,time9
locgrid2908,loc2time,time9
locgrid2909,loc2time,time9
locgrid2910,loc2time,time9
locgrid2911,loc2time,time9
locgrid2912,loc2time,time9
locgrid2913,loc2time,time9
locgrid2914,loc2time,time9
locgrid2915,loc2time,time9
locgrid2916,loc2time,time9
locgrid2917,loc2time,time9
locgrid2918,loc2time,time9
locgrid2919,loc2time,time9
locgrid2920,loc2time,time9
locgrid2921,loc2time,time9
locgrid2922,loc2time,time9
locgrid2923,loc2time,time9
locgrid2924,loc2time,time9
locgrid2925,loc2time,time9
locgrid2926,loc2time,time9
locgrid2927,loc2time,time9
locgrid2928,loc2time,time9
locgrid2929,loc2time,time9
locgrid2930,loc2time,time9
locgrid2931,loc2time,time9
locgrid2932,loc2time,time9
locgrid2933,loc2time,time9
locgrid2934,loc2time,time10
locgrid2935,loc2time,time10
locgrid2936,loc2time,time10
locgrid2937,loc2time,time10
locgrid2938,loc2time,time10
locgrid2939,loc2time,time10
locgrid2940,loc2time,time10
locgrid2941,loc2time,time10
locgrid2942,loc2time,time10
locgrid2943,loc2time,time10
locgrid2944,loc2time,time10
locgrid2945,loc2time,time10
locgrid2946,loc2time,time10
locgrid2947,loc2time,time10
locgrid2948,loc2time,time10
locgrid2949,loc2time,time10
locgrid2950,loc2time,time10
locgrid2951,loc2time,time10
locgrid2952,loc2time,time10
locgrid2953,loc2time,time10
locgrid2954,loc2time,time10
locgrid2955,loc2time,time10
locgrid2956,loc2time,time10
locgrid2957,loc2time,time10
locgrid2958,loc2time,time10
locgrid2959,loc2time,time10
locgrid2960,loc2time,time10
locgrid2961,loc2time,time10
locgrid2962,loc2time,time10
locgrid2963,loc2time,time10
locgrid2964,loc2time,time10
locgrid2965,loc2time,time10
locgrid2966,loc2time,time10
locgrid2967,loc2time,time10
locgrid2968,loc2time,time10
locgrid2969,loc2time,time10
locgrid2970,loc2time,time10
locgrid2971,loc2time,time10
locgrid2972,loc2time,time10
locgrid2973,loc2time,time10
locgrid2974,loc2time,time10
locgrid2975,loc2time,time10
locgrid2976,loc2time,time10
locgrid2977,loc2time,time10
locgrid2978,loc2time,time10
locgrid2979,loc2time,time10
locgrid2980,loc2time,time10
locgrid2981,loc2time,time10
locgrid2982,loc2time,time10
locgrid2983,loc2time,time10
locgrid2984,loc2time,time10
locgrid2985,loc2time,time10
locgrid2986,loc2time,time10
locgrid2987,loc2time,time10
locgrid2988,loc2time,time10
locgrid2989,loc2time,time10
locgrid2990,loc2time,time10
locgrid2991,loc2time,time10
locgrid2992,loc2time,time10
locgrid2993,loc2time,time10
locgrid2994,loc2time,time10
locgrid2995,loc2time,time10
locgrid2996,loc2time,time10
locgrid2997,loc2time,time10
locgrid2998,loc2time,time10
locgrid2999,loc2time,time10
locgrid3000,loc2time,time10
locgrid3001,loc2time,time10
locgrid3002,loc2time,time10
locgrid3003,loc2time,time10
locgrid3004,loc2time,time10
locgrid3005,loc2time,time10
locgrid3006,loc2time,time10
locgrid3007,loc2time,time10
locgrid3008,loc2time,time10
locgrid3009,loc2time,time10
locgrid3010,loc2time,time10
locgrid3011,loc2time,time10
locgrid3012,loc2time,time10
locgrid3013,loc2time,time10
locgrid3014,loc2time,time10
locgrid3015,loc2time,time10
locgrid3016,loc2time,time10
locgrid3017,loc2time,time10
locgrid3018,loc2time,time10
locgrid3019,loc2time,time10
locgrid3020,loc2time,time10
locgrid3021,loc2time,time10
locgrid3022,loc2time,time10
locgrid3023,loc2time,time10
locgrid3024,loc2time,time10
locgrid3025,loc2time,time10
locgrid3026,loc2time,time10
locgrid3027,loc2time,time10
locgrid3028,loc2time,time10
locgrid3029,loc2time,time10
locgrid3030,loc2time,time10
locgrid3031,loc2time,time10
locgrid3032,loc2time,time10
locgrid3033,loc2time,time10
locgrid3034,loc2time,time10
locgrid3035,loc2time,time10
locgrid3036,loc2time,time10
locgrid3037,loc2time,time10
locgrid3038,loc2time,time10
locgrid3039,loc2time,time10
locgrid3040,loc2time,time10
locgrid3041,loc2time,time10
locgrid3042,loc2time,time10
locgrid3043,loc2time,time10
locgrid3044,loc2time,time10
locgrid3045,loc2time,time10
locgrid3046,loc2time,time10
locgrid3047,loc2time,time10
locgrid3048,loc2time,time10
locgrid3049,loc2time,time10
locgrid3050,loc2time,time10
locgrid3051,loc2time,time10
locgrid3052,loc2time,time10
locgrid3053,loc2time,time10
locgrid3054,loc2time,time10
locgrid3055,loc2time,time10
locgrid3056,loc2time,time10
locgrid3057,loc2time,time10
locgrid3058,loc2time,time10
locgrid3059,loc2time,time10
locgrid3060,loc2time,time10
locgrid3061,loc2time,time10
locgrid3062,loc2time,time10
locgrid3063,loc2time,time10
locgrid3064,loc2time,time10
locgrid3065,loc2time,time10
locgrid3066,loc2time,time10
locgrid3067,loc2time,time10
locgrid3068,loc2time,time10
locgrid3069,loc2time,time10
locgrid3070,loc2time,time10
locgrid3071,loc2time,time10
locgrid3072,loc2time,time10
locgrid3073,loc2time,time10
locgrid3074,loc2time,time10
locgrid3075,loc2time,time10
locgrid3076,loc2time,time10
locgrid3077,loc2time,time10
locgrid3078,loc2time,time10
locgrid3079,loc2time,time10
locgrid3080,loc2time,time10
locgrid3081,loc2time,time10
locgrid3082,loc2time,time10
locgrid3083,loc2time,time10
locgrid3084,loc2time,time10
locgrid3085,loc2time,time10
locgrid3086,loc2time,time10
locgrid3087,loc2time,time10
locgrid3088,loc2time,time10
locgrid3089,loc2time,time10
locgrid3090,loc2time,time10
locgrid3091,loc2time,time10
locgrid3092,loc2time,time10
locgrid3093,loc2time,time10
locgrid3094,loc2time,time10
locgrid3095,loc2time,time10
locgrid3096,loc2time,time10
locgrid3097,loc2time,time10
locgrid3098,loc2time,time10
locgrid3099,loc2time,time10
locgrid3100,loc2time,time10
locgrid3101,loc2time,time10
locgrid3102,loc2time,time10
locgrid3103,loc2time,time10
locgrid3104,loc2time,time10
locgrid3105,loc2time,time10
locgrid3106,loc2time,time10
locgrid3107,loc2time,time10
locgrid3108,loc2time,time10
locgrid3109,loc2time,time10
locgrid3110,loc2time,time10
locgrid3111,loc2time,time10
locgrid3112,loc2time,time10
locgrid3113,loc2time,time10
locgrid3114,loc2time,time10
locgrid3115,loc2time,time10
locgrid3116,loc2time,time10
locgrid3117,loc2time,time10
locgrid3118,loc2time,time10
locgrid3119,loc2time,time10
locgrid3120,loc2time,time10
locgrid3121,loc2time,time10
locgrid3122,loc2time,time10
locgrid3123,loc2time,time10
locgrid3124,loc2time,time10
locgrid3125,loc2time,time10
locgrid3126,loc2time,time10
locgrid3127,loc2time,time10
locgrid3128,loc2time,time10
locgrid3129,loc2time,time10
locgrid3130,loc2time,time10
locgrid3131,loc2time,time10
locgrid3132,loc2time,time10
locgrid3133,loc2time,time10
locgrid3134,loc2time,time10
locgrid3135,loc2time,time10
locgrid3136,loc2time,time10
locgrid3137,loc2time,time10
locgrid3138,loc2time,time10
locgrid3139,loc2time,time10
locgrid3140,loc2time,time10
locgrid3141,loc2time,time10
locgrid3142,loc2time,time10
locgrid3143,loc2time,time10
locgrid3144,loc2time,time10
locgrid3145,loc2time,time10
locgrid3146,loc2time,time10
locgrid3147,loc2time,time10
locgrid3148,loc2time,time10
locgrid3149,loc2time,time10
locgrid3150,loc2time,time10
locgrid3151,loc2time,time10
locgrid3152,loc2time,time10
locgrid3153,loc2time,time10
locgrid3154,loc2time,time10
locgrid3155,loc2time,time10
locgrid3156,loc2time,time10
locgrid3157,loc2time,time10
locgrid3158,loc2time,time10
locgrid3159,loc2time,time10
locgrid3160,loc2time,time10
locgrid3161,loc2time,time10
locgrid3162,loc2time,time10
locgrid3163,loc2time,time10
locgrid3164,loc2time,time10
locgrid3165,loc2time,time10
locgrid3166,loc2time,time10
locgrid3167,loc2time,time10
locgrid3168,loc2time,time10
locgrid3169,loc2time,time10
locgrid3170,loc2time,time10
locgrid3171,loc2time,time10
locgrid3172,loc2time,time10
locgrid3173,loc2time,time10
locgrid3174,loc2time,time10
locgrid3175,loc2time,time10
locgrid3176,loc2time,time10
locgrid3177,loc2time,time10
locgrid3178,loc2time,time10
locgrid3179,loc2time,time10
locgrid3180,loc2time,time10
locgrid3181,loc2time,time10
locgrid3182,loc2time,time10
locgrid3183,loc2time,time10
locgrid3184,loc2time,time10
locgrid3185,loc2time,time10
locgrid3186,loc2time,time10
locgrid3187,loc2time,time10
locgrid3188,loc2time,time10
locgrid3189,loc2time,time10
locgrid3190,loc2time,time10
locgrid3191,loc2time,time10
locgrid3192,loc2time,time10
locgrid3193,loc2time,time10
locgrid3194,loc2time,time10
locgrid3195,loc2time,time10
locgrid3196,loc2time,time10
locgrid3197,loc2time,time10
locgrid3198,loc2time,time10
locgrid3199,loc2time,time10
locgrid3200,loc2time,time10
locgrid3201,loc2time,time10
locgrid3202,loc2time,time10
locgrid3203,loc2time,time10
locgrid3204,loc2time,time10
locgrid3205,loc2time,time10
locgrid3206,loc2time,time10
locgrid3207,loc2time,time10
locgrid3208,loc2time,time10
locgrid3209,loc2time,time10
locgrid3210,loc2time,time10
locgrid3211,loc2time,time10
locgrid3212,loc2time,time10
locgrid3213,loc2time,time10
locgrid3214,loc2time,time10
locgrid3215,loc2time,time10
locgrid3216,loc2time,time10
locgrid3217,loc2time,time10
locgrid3218,loc2time,time10
locgrid3219,loc2time,time10
locgrid3220,loc2time,time10
locgrid3221,loc2time,time10
locgrid3222,loc2time,time10
locgrid3223,loc2time,time10
locgrid3224,loc2time,time10
locgrid3225,loc2time,time10
locgrid3226,loc2time,time10
locgrid3227,loc2time,time10
locgrid3228,loc2time,time10
locgrid3229,loc2time,time10
locgrid3230,loc2time,time10
locgrid3231,loc2time,time10
locgrid3232,loc2time,time10
locgrid3233,loc2time,time10
locgrid3234,loc2time,time10
locgrid3235,loc2time,time10
locgrid3236,loc2time,time10
locgrid3237,loc2time,time10
locgrid3238,loc2time,time10
locgrid3239,loc2time,time10
locgrid3240,loc2time,time10
locgrid3241,loc2time,time10
locgrid3242,loc2time,time10
locgrid3243,loc2time,time10
locgrid3244,loc2time,time10
locgrid3245,loc2time,time10
locgrid3246,loc2time,time10
locgrid3247,loc2time,time10
locgrid3248,loc2time,time10
locgrid3249,loc2time,time10
locgrid3250,loc2time,time10
locgrid3251,loc2time,time11
locgrid3252,loc2time,time11
locgrid3253,loc2time,time11
locgrid3254,loc2time,time11
locgrid3255,loc2time,time11
locgrid3256,loc2time,time11
locgrid3257,loc2time,time11
locgrid3258,loc2time,time11
locgrid3259,loc2time,time11
locgrid3260,loc2time,time11
locgrid3261,loc2time,time11
locgrid3262,loc2time,time11
locgrid3263,loc2time,time11
locgrid3264,loc2time,time11
locgrid3265,loc2time,time11
locgrid3266,loc2time,time11
locgrid3267,loc2time,time11
locgrid3268,loc2time,time11
locgrid3269,loc2time,time11
locgrid3270,loc2time,time11
locgrid3271,loc2time,time11
locgrid3272,loc2time,time11
locgrid3273,loc2time,time11
locgrid3274,loc2time,time11
locgrid3275,loc2time,time11
locgrid3276,loc2time,time11
locgrid3277,loc2time,time11
locgrid3278,loc2time,time11
locgrid3279,loc2time,time11
locgrid3280,loc2time,time11
locgrid3281,loc2time,time11
locgrid3282,loc2time,time11
locgrid3283,loc2time,time11
locgrid3284,loc2time,time11
locgrid3285,loc2time,time11
locgrid3286,loc2time,time11
locgrid3287,loc2time,time11
locgrid3288,loc2time,time11
locgrid3289,loc2time,time11
locgrid3290,loc2time,time11
locgrid3291,loc2time,time11
locgrid3292,loc2time,time11
locgrid3293,loc2time,time11
locgrid3294,loc2time,time11
locgrid3295,loc2time,time11
locgrid3296,loc2time,time11
locgrid3297,loc2time,time11
locgrid3298,loc2time,time11
locgrid3299,loc2time,time11
locgrid3300,loc2time,time11
locgrid3301,loc2time,time11
locgrid3302,loc2time,time11
locgrid3303,loc2time,time11
locgrid3304,loc2time,time11
locgrid3305,loc2time,time11
locgrid3306,loc2time,time11
locgrid3307,loc2time,time11
locgrid3308,loc2time,time11
locgrid3309,loc2time,time11
locgrid3310,loc2time,time11
locgrid3311,loc2time,time11
locgrid3312,loc2time,time11
locgrid3313,loc2time,time11
locgrid3314,loc2time,time11
locgrid3315,loc2time,time11
locgrid3316,loc2time,time11
locgrid3317,loc2time,time11
locgrid3318,loc2time,time11
locgrid3319,loc2time,time11
locgrid3320,loc2time,time11
locgrid3321,loc2time,time11
locgrid3322,loc2time,time11
locgrid3323,loc2time,time11
locgrid3324,loc2time,time11
locgrid3325,loc2time,time11
locgrid3326,loc2time,time11
locgrid3327,loc2time,time11
locgrid3328,loc2time,time11
locgrid3329,loc2time,time11
locgrid3330,loc2time,time11
locgrid3331,loc2time,time11
locgrid3332,loc2time,time11
locgrid3333,loc2time,time11
locgrid3334,loc2time,time11
locgrid3335,loc2time,time11
locgrid3336,loc2time,time11
locgrid3337,loc2time,time11
locgrid3338,loc2time,time11
locgrid3339,loc2time,time11
locgrid3340,loc2time,time11
locgrid3341,loc2time,time11
locgrid3342,loc2time,time11
locgrid3343,loc2time,time11
locgrid3344,loc2time,time11
locgrid3345,loc2time,time11
locgrid3346,loc2time,time11
locgrid3347,loc2time,time11
locgrid3348,loc2time,time11
locgrid3349,loc2time,time11
locgrid3350,loc2time,time11
locgrid3351,loc2time,time11
locgrid3352,loc2time,time11
locgrid3353,loc2time,time11
locgrid3354,loc2time,time11
locgrid3355,loc2time,time11
locgrid3356,loc2time,time11
locgrid3357,loc2time,time11
locgrid3358,loc2time,time11
locgrid3359,loc2time,time11
locgrid3360,loc2time,time11
locgrid3361,loc2time,time11
locgrid3362,loc2time,time11
locgrid3363,loc2time,time11
locgrid3364,loc2time,time11
locgrid3365,loc2time,time11
locgrid3366,loc2time,time11
locgrid3367,loc2time,time11
locgrid3368,loc2time,time11
locgrid3369,loc2time,time11
locgrid3370,loc2time,time11
locgrid3371,loc2time,time11
locgrid3372,loc2time,time11
locgrid3373,loc2time,time11
locgrid3374,loc2time,time11
locgrid3375,loc2time,time11
locgrid3376,loc2time,time11
locgrid3377,loc2time,time11
locgrid3378,loc2time,time11
locgrid3379,loc2time,time11
locgrid3380,loc2time,time11
locgrid3381,loc2time,time11
locgrid3382,loc2time,time11
locgrid3383,loc2time,time11
locgrid3384,loc2time,time11
locgrid3385,loc2time,time11
locgrid3386,loc2time,time11
locgrid3387,loc2time,time11
locgrid3388,loc2time,time11
locgrid3389,loc2time,time11
locgrid3390,loc2time,time11
locgrid3391,loc2time,time11
locgrid3392,loc2time,time11
locgrid3393,loc2time,time11
locgrid3394,loc2time,time11
locgrid3395,loc2time,time11
locgrid3396,loc2time,time11
locgrid3397,loc2time,time11
locgrid3398,loc2time,time11
locgrid3399,loc2time,time11
locgrid3400,loc2time,time11
locgrid3401,loc2time,time11
locgrid3402,loc2time,time11
locgrid3403,loc2time,time11
locgrid3404,loc2time,time11
locgrid3405,loc2time,time11
locgrid3406,loc2time,time11
locgrid3407,loc2time,time11
locgrid3408,loc2time,time11
locgrid3409,loc2time,time11
locgrid3410,loc2time,time11
locgrid3411,loc2time,time11
locgrid3412,loc2time,time11
locgrid3413,loc2time,time11
locgrid3414,loc2time,time11
locgrid3415,loc2time,time11
locgrid3416,loc2time,time11
locgrid3417,loc2time,time11
locgrid3418,loc2time,time11
locgrid3419,loc2time,time11
locgrid3420,loc2time,time11
locgrid3421,loc2time,time11
locgrid3422,loc2time,time11
locgrid3423,loc2time,time11
locgrid3424,loc2time,time11
locgrid3425,loc2time,time11
locgrid3426,loc2time,time11
locgrid3427,loc2time,time11
locgrid3428,loc2time,time11
locgrid3429,loc2time,time11
locgrid3430,loc2time,time11
locgrid3431,loc2time,time11
locgrid3432,loc2time,time11
locgrid3433,loc2time,time11
locgrid3434,loc2time,time11
locgrid3435,loc2time,time11
locgrid3436,loc2time,time11
locgrid3437,loc2time,time11
locgrid3438,loc2time,time11
locgrid3439,loc2time,time11
locgrid3440,loc2time,time11
locgrid3441,loc2time,time11
locgrid3442,loc2time,time11
locgrid3443,loc2time,time11
locgrid3444,loc2time,time11
locgrid3445,loc2time,time11
locgrid3446,loc2time,time11
locgrid3447,loc2time,time11
locgrid3448,loc2time,time11
locgrid3449,loc2time,time11
locgrid3450,loc2time,time11
locgrid3451,loc2time,time11
locgrid3452,loc2time,time11
locgrid3453,loc2time,time11
locgrid3454,loc2time,time11
locgrid3455,loc2time,time11
locgrid3456,loc2time,time11
locgrid3457,loc2time,time11
locgrid3458,loc2time,time11
locgrid3459,loc2time,time11
locgrid3460,loc2time,time11
locgrid3461,loc2time,time11
locgrid3462,loc2time,time11
locgrid3463,loc2time,time11
locgrid3464,loc2time,time11
locgrid3465,loc2time,time11
locgrid3466,loc2time,time11
locgrid3467,loc2time,time11
locgrid3468,loc2time,time11
locgrid3469,loc2time,time11
locgrid3470,loc2time,time11
locgrid3471,loc2time,time11
locgrid3472,loc2time,time11
locgrid3473,loc2time,time11
locgrid3474,loc2time,time11
locgrid3475,loc2time,time11
locgrid3476,loc2time,time11
locgrid3477,loc2time,time11
locgrid3478,loc2time,time11
locgrid3479,loc2time,time11
locgrid3480,loc2time,time11
locgrid3481,loc2time,time11
locgrid3482,loc2time,time11
locgrid3483,loc2time,time11
locgrid3484,loc2time,time11
locgrid3485,loc2time,time11
locgrid3486,loc2time,time11
locgrid3487,loc2time,time11
locgrid3488,loc2time,time11
locgrid3489,loc2time,time11
locgrid3490,loc2time,time11
locgrid3491,loc2time,time11
locgrid3492,loc2time,time11
locgrid3493,loc2time,time11
locgrid3494,loc2time,time11
locgrid3495,loc2time,time11
locgrid3496,loc2time,time11
locgrid3497,loc2time,time11
locgrid3498,loc2time,time11
locgrid3499,loc2time,time11
locgrid3500,loc2time,time11
locgrid3501,loc2time,time11
locgrid3502,loc2time,time11
locgrid3503,loc2time,time11
locgrid3504,loc2time,time11
locgrid3505,loc2time,time11
locgrid3506,loc2time,time11
locgrid3507,loc2time,time11
locgrid3508,loc2time,time11
locgrid3509,loc2time,time11
locgrid3510,loc2time,time11
locgrid3511,loc2time,time11
locgrid3512,loc2time,time11
locgrid3513,loc2time,time11
locgrid3514,loc2time,time11
locgrid3515,loc2time,time11
locgrid3516,loc2time,time11
locgrid3517,loc2time,time11
locgrid3518,loc2time,time11
locgrid3519,loc2time,time11
locgrid3520,loc2time,time11
locgrid3521,loc2time,time11
locgrid3522,loc2time,time11
locgrid3523,loc2time,time11
locgrid3524,loc2time,time11
locgrid3525,loc2time,time11
locgrid3526,loc2time,time11
locgrid3527,loc2time,time11
locgrid3528,loc2time,time11
locgrid3529,loc2time,time11
locgrid3530,loc2time,time11
locgrid3531,loc2time,time11
locgrid3532,loc2time,time11
locgrid3533,loc2time,time11
locgrid3534,loc2time,time11
locgrid3535,loc2time,time11
locgrid3536,loc2time,time11
locgrid3537,loc2time,time11
locgrid3538,loc2time,time11
locgrid3539,loc2time,time11
locgrid3540,loc2time,time11
locgrid3541,loc2time,time11
locgrid3542,loc2time,time11
locgrid3543,loc2time,time11
locgrid3544,loc2time,time11
locgrid3545,loc2time,time11
locgrid3546,loc2time,time11
locgrid3547,loc2time,time11
locgrid3548,loc2time,time11
locgrid3549,loc2time,time11
locgrid3550,loc2time,time11
locgrid3551,loc2time,time11
locgrid3552,loc2time,time11
locgrid3553,loc2time,time11
locgrid3554,loc2time,time11
locgrid3555,loc2time,time11
locgrid3556,loc2time,time11
locgrid3557,loc2time,time11
locgrid3558,loc2time,time11
locgrid3559,loc2time,time11
locgrid3560,loc2time,time11
locgrid3561,loc2time,time11
locgrid3562,loc2time,time11
locgrid3563,loc2time,time11
locgrid3564,loc2time,time11
locgrid3565,loc2time,time11
locgrid3566,loc2time,time11
locgrid3567,loc2time,time11
locgrid3568,loc2time,time11
locgrid3569,loc2time,time11
locgrid3570,loc2time,time11
locgrid3571,loc2time,time11
locgrid3572,loc2time,time11
locgrid3573,loc2time,time11
locgrid3574,loc2time,time11
