time0,time2loc,locgrid0
time0,time2loc,locgrid1
time0,time2loc,locgrid2
time0,time2loc,locgrid3
time0,time2loc,locgrid4
time0,time2loc,locgrid5
time0,time2loc,locgrid6
time0,time2loc,locgrid7
time0,time2loc,locgrid8
time0,time2loc,locgrid9
time0,time2loc,locgrid10
time0,time2loc,locgrid11
time0,time2loc,locgrid12
time0,time2loc,locgrid13
time0,time2loc,locgrid14
time0,time2loc,locgrid15
time0,time2loc,locgrid16
time0,time2loc,locgrid17
time0,time2loc,locgrid18
time0,time2loc,locgrid19
time0,time2loc,locgrid20
time0,time2loc,locgrid21
time0,time2loc,locgrid22
time0,time2loc,locgrid23
time0,time2loc,locgrid24
time0,time2loc,locgrid25
time0,time2loc,locgrid26
time0,time2loc,locgrid27
time0,time2loc,locgrid28
time0,time2loc,locgrid29
time0,time2loc,locgrid30
time0,time2loc,locgrid31
time0,time2loc,locgrid32
time0,time2loc,locgrid33
time0,time2loc,locgrid34
time0,time2loc,locgrid35
time0,time2loc,locgrid36
time0,time2loc,locgrid37
time0,time2loc,locgrid38
time0,time2loc,locgrid39
time0,time2loc,locgrid40
time0,time2loc,locgrid41
time0,time2loc,locgrid42
time0,time2loc,locgrid43
time0,time2loc,locgrid44
time0,time2loc,locgrid45
time0,time2loc,locgrid46
time0,time2loc,locgrid47
time0,time2loc,locgrid48
time0,time2loc,locgrid49
time0,time2loc,locgrid50
time0,time2loc,locgrid51
time0,time2loc,locgrid52
time0,time2loc,locgrid53
time0,time2loc,locgrid54
time0,time2loc,locgrid55
time0,time2loc,locgrid56
time0,time2loc,locgrid57
time0,time2loc,locgrid58
time0,time2loc,locgrid59
time0,time2loc,locgrid60
time0,time2loc,locgrid61
time0,time2loc,locgrid62
time0,time2loc,locgrid63
time0,time2loc,locgrid64
time0,time2loc,locgrid65
time0,time2loc,locgrid66
time0,time2loc,locgrid67
time0,time2loc,locgrid68
time0,time2loc,locgrid69
time0,time2loc,locgrid70
time0,time2loc,locgrid71
time0,time2loc,locgrid72
time0,time2loc,locgrid73
time0,time2loc,locgrid74
time0,time2loc,locgrid75
time0,time2loc,locgrid76
time0,time2loc,locgrid77
time0,time2loc,locgrid78
time0,time2loc,locgrid79
time0,time2loc,locgrid80
time0,time2loc,locgrid81
time0,time2loc,locgrid82
time0,time2loc,locgrid83
time0,time2loc,locgrid84
time0,time2loc,locgrid85
time0,time2loc,locgrid86
time0,time2loc,locgrid87
time0,time2loc,locgrid88
time0,time2loc,locgrid89
time0,time2loc,locgrid90
time0,time2loc,locgrid91
time0,time2loc,locgrid92
time0,time2loc,locgrid93
time0,time2loc,locgrid94
time0,time2loc,locgrid95
time0,time2loc,locgrid96
time0,time2loc,locgrid97
time0,time2loc,locgrid98
time0,time2loc,locgrid99
time0,time2loc,locgrid100
time0,time2loc,locgrid101
time0,time2loc,locgrid102
time0,time2loc,locgrid103
time0,time2loc,locgrid104
time0,time2loc,locgrid105
time0,time2loc,locgrid106
time0,time2loc,locgrid107
time0,time2loc,locgrid108
time0,time2loc,locgrid109
time0,time2loc,locgrid110
time0,time2loc,locgrid111
time0,time2loc,locgrid112
time0,time2loc,locgrid113
time0,time2loc,locgrid114
time0,time2loc,locgrid115
time0,time2loc,locgrid116
time0,time2loc,locgrid117
time0,time2loc,locgrid118
time0,time2loc,locgrid119
time0,time2loc,locgrid120
time0,time2loc,locgrid121
time0,time2loc,locgrid122
time0,time2loc,locgrid123
time0,time2loc,locgrid124
time0,time2loc,locgrid125
time0,time2loc,locgrid126
time0,time2loc,locgrid127
time0,time2loc,locgrid128
time0,time2loc,locgrid129
time0,time2loc,locgrid130
time0,time2loc,locgrid131
time0,time2loc,locgrid132
time0,time2loc,locgrid133
time0,time2loc,locgrid134
time0,time2loc,locgrid135
time0,time2loc,locgrid136
time0,time2loc,locgrid137
time0,time2loc,locgrid138
time0,time2loc,locgrid139
time0,time2loc,locgrid140
time0,time2loc,locgrid141
time0,time2loc,locgrid142
time0,time2loc,locgrid143
time0,time2loc,locgrid144
time0,time2loc,locgrid145
time0,time2loc,locgrid146
time0,time2loc,locgrid147
time0,time2loc,locgrid148
time0,time2loc,locgrid149
time0,time2loc,locgrid150
time0,time2loc,locgrid151
time0,time2loc,locgrid152
time0,time2loc,locgrid153
time0,time2loc,locgrid154
time0,time2loc,locgrid155
time0,time2loc,locgrid156
time0,time2loc,locgrid157
time0,time2loc,locgrid158
time0,time2loc,locgrid159
time0,time2loc,locgrid160
time0,time2loc,locgrid161
time0,time2loc,locgrid162
time0,time2loc,locgrid163
time0,time2loc,locgrid164
time0,time2loc,locgrid165
time0,time2loc,locgrid166
time0,time2loc,locgrid167
time0,time2loc,locgrid168
time0,time2loc,locgrid169
time0,time2loc,locgrid170
time0,time2loc,locgrid171
time0,time2loc,locgrid172
time0,time2loc,locgrid173
time0,time2loc,locgrid174
time0,time2loc,locgrid175
time0,time2loc,locgrid176
time0,time2loc,locgrid177
time0,time2loc,locgrid178
time0,time2loc,locgrid179
time0,time2loc,locgrid180
time0,time2loc,locgrid181
time0,time2loc,locgrid182
time0,time2loc,locgrid183
time0,time2loc,locgrid184
time0,time2loc,locgrid185
time0,time2loc,locgrid186
time0,time2loc,locgrid187
time0,time2loc,locgrid188
time0,time2loc,locgrid189
time0,time2loc,locgrid190
time0,time2loc,locgrid191
time0,time2loc,locgrid192
time0,time2loc,locgrid193
time0,time2loc,locgrid194
time0,time2loc,locgrid195
time0,time2loc,locgrid196
time0,time2loc,locgrid197
time0,time2loc,locgrid198
time0,time2loc,locgrid199
time0,time2loc,locgrid200
time0,time2loc,locgrid201
time0,time2loc,locgrid202
time0,time2loc,locgrid203
time0,time2loc,locgrid204
time0,time2loc,locgrid205
time0,time2loc,locgrid206
time0,time2loc,locgrid207
time0,time2loc,locgrid208
time0,time2loc,locgrid209
time0,time2loc,locgrid210
time0,time2loc,locgrid211
time0,time2loc,locgrid212
time0,time2loc,locgrid213
time0,time2loc,locgrid214
time0,time2loc,locgrid215
time0,time2loc,locgrid216
time0,time2loc,locgrid217
time0,time2loc,locgrid218
time0,time2loc,locgrid219
time0,time2loc,locgrid220
time0,time2loc,locgrid221
time0,time2loc,locgrid222
time0,time2loc,locgrid223
time0,time2loc,locgrid224
time0,time2loc,locgrid225
time0,time2loc,locgrid226
time0,time2loc,locgrid227
time0,time2loc,locgrid228
time0,time2loc,locgrid229
time0,time2loc,locgrid230
time0,time2loc,locgrid231
time0,time2loc,locgrid232
time0,time2loc,locgrid233
time0,time2loc,locgrid234
time0,time2loc,locgrid235
time0,time2loc,locgrid236
time0,time2loc,locgrid237
time0,time2loc,locgrid238
time0,time2loc,locgrid239
time0,time2loc,locgrid240
time0,time2loc,locgrid241
time0,time2loc,locgrid242
time0,time2loc,locgrid243
time0,time2loc,locgrid244
time0,time2loc,locgrid245
time0,time2loc,locgrid246
time0,time2loc,locgrid247
time0,time2loc,locgrid248
time0,time2loc,locgrid249
time0,time2loc,locgrid250
time0,time2loc,locgrid251
time0,time2loc,locgrid252
time0,time2loc,locgrid253
time0,time2loc,locgrid254
time0,time2loc,locgrid255
time0,time2loc,locgrid256
time0,time2loc,locgrid257
time0,time2loc,locgrid258
time0,time2loc,locgrid259
time0,time2loc,locgrid260
time0,time2loc,locgrid261
time0,time2loc,locgrid262
time0,time2loc,locgrid263
time0,time2loc,locgrid264
time0,time2loc,locgrid265
time0,time2loc,locgrid266
time0,time2loc,locgrid267
time0,time2loc,locgrid268
time0,time2loc,locgrid269
time0,time2loc,locgrid270
time0,time2loc,locgrid271
time0,time2loc,locgrid272
time0,time2loc,locgrid273
time0,time2loc,locgrid274
time0,time2loc,locgrid275
time0,time2loc,locgrid276
time0,time2loc,locgrid277
time0,time2loc,locgrid278
time0,time2loc,locgrid279
time0,time2loc,locgrid280
time0,time2loc,locgrid281
time0,time2loc,locgrid282
time0,time2loc,locgrid283
time0,time2loc,locgrid284
time0,time2loc,locgrid285
time0,time2loc,locgrid286
time0,time2loc,locgrid287
time0,time2loc,locgrid288
time0,time2loc,locgrid289
time0,time2loc,locgrid290
time0,time2loc,locgrid291
time0,time2loc,locgrid292
time0,time2loc,locgrid293
time0,time2loc,locgrid294
time0,time2loc,locgrid295
time0,time2loc,locgrid296
time1,time2loc,locgrid297
time1,time2loc,locgrid298
time1,time2loc,locgrid299
time1,time2loc,locgrid300
time1,time2loc,locgrid301
time1,time2loc,locgrid302
time1,time2loc,locgrid303
time1,time2loc,locgrid304
time1,time2loc,locgrid305
time1,time2loc,locgrid306
time1,time2loc,locgrid307
time1,time2loc,locgrid308
time1,time2loc,locgrid309
time1,time2loc,locgrid310
time1,time2loc,locgrid311
time1,time2loc,locgrid312
time1,time2loc,locgrid313
time1,time2loc,locgrid314
time1,time2loc,locgrid315
time1,time2loc,locgrid316
time1,time2loc,locgrid317
time1,time2loc,locgrid318
time1,time2loc,locgrid319
time1,time2loc,locgrid320
time1,time2loc,locgrid321
time1,time2loc,locgrid322
time1,time2loc,locgrid323
time1,time2loc,locgrid324
time1,time2loc,locgrid325
time1,time2loc,locgrid326
time1,time2loc,locgrid327
time1,time2loc,locgrid328
time1,time2loc,locgrid329
time1,time2loc,locgrid330
time1,time2loc,locgrid331
time1,time2loc,locgrid332
time1,time2loc,locgrid333
time1,time2loc,locgrid334
time1,time2loc,locgrid335
time1,time2loc,locgrid336
time1,time2loc,locgrid337
time1,time2loc,locgrid338
time1,time2loc,locgrid339
time1,time2loc,locgrid340
time1,time2loc,locgrid341
time1,time2loc,locgrid342
time1,time2loc,locgrid343
time1,time2loc,locgrid344
time1,time2loc,locgrid345
time1,time2loc,locgrid346
time1,time2loc,locgrid347
time1,time2loc,locgrid348
time1,time2loc,locgrid349
time1,time2loc,locgrid350
time1,time2loc,locgrid351
time1,time2loc,locgrid352
time1,time2loc,locgrid353
time1,time2loc,locgrid354
time1,time2loc,locgrid355
time1,time2loc,locgrid356
time1,time2loc,locgrid357
time1,time2loc,locgrid358
time1,time2loc,locgrid359
time1,time2loc,locgrid360
time1,time2loc,locgrid361
time1,time2loc,locgrid362
time1,time2loc,locgrid363
time1,time2loc,locgrid364
time1,time2loc,locgrid365
time1,time2loc,locgrid366
time1,time2loc,locgrid367
time1,time2loc,locgrid368
time1,time2loc,locgrid369
time1,time2loc,locgrid370
time1,time2loc,locgrid371
time1,time2loc,locgrid372
time1,time2loc,locgrid373
time1,time2loc,locgrid374
time1,time2loc,locgrid375
time1,time2loc,locgrid376
time1,time2loc,locgrid377
time1,time2loc,locgrid378
time1,time2loc,locgrid379
time1,time2loc,locgrid380
time1,time2loc,locgrid381
time1,time2loc,locgrid382
time1,time2loc,locgrid383
time1,time2loc,locgrid384
time1,time2loc,locgrid385
time1,time2loc,locgrid386
time1,time2loc,locgrid387
time1,time2loc,locgrid388
time1,time2loc,locgrid389
time1,time2loc,locgrid390
time1,time2loc,locgrid391
time1,time2loc,locgrid392
time1,time2loc,locgrid393
time1,time2loc,locgrid394
time1,time2loc,locgrid395
time1,time2loc,locgrid396
time1,time2loc,locgrid397
time1,time2loc,locgrid398
time1,time2loc,locgrid399
time1,time2loc,locgrid400
time1,time2loc,locgrid401
time1,time2loc,locgrid402
time1,time2loc,locgrid403
time1,time2loc,locgrid404
time1,time2loc,locgrid405
time1,time2loc,locgrid406
time1,time2loc,locgrid407
time1,time2loc,locgrid408
time1,time2loc,locgrid409
time1,time2loc,locgrid410
time1,time2loc,locgrid411
time1,time2loc,locgrid412
time1,time2loc,locgrid413
time1,time2loc,locgrid414
time1,time2loc,locgrid415
time1,time2loc,locgrid416
time1,time2loc,locgrid417
time1,time2loc,locgrid418
time1,time2loc,locgrid419
time1,time2loc,locgrid420
time1,time2loc,locgrid421
time1,time2loc,locgrid422
time1,time2loc,locgrid423
time1,time2loc,locgrid424
time1,time2loc,locgrid425
time1,time2loc,locgrid426
time1,time2loc,locgrid427
time1,time2loc,locgrid428
time1,time2loc,locgrid429
time1,time2loc,locgrid430
time1,time2loc,locgrid431
time1,time2loc,locgrid432
time1,time2loc,locgrid433
time1,time2loc,locgrid434
time1,time2loc,locgrid435
time1,time2loc,locgrid436
time1,time2loc,locgrid437
time1,time2loc,locgrid438
time1,time2loc,locgrid439
time1,time2loc,locgrid440
time1,time2loc,locgrid441
time1,time2loc,locgrid442
time1,time2loc,locgrid443
time1,time2loc,locgrid444
time1,time2loc,locgrid445
time1,time2loc,locgrid446
time1,time2loc,locgrid447
time1,time2loc,locgrid448
time1,time2loc,locgrid449
time1,time2loc,locgrid450
time1,time2loc,locgrid451
time1,time2loc,locgrid452
time1,time2loc,locgrid453
time1,time2loc,locgrid454
time1,time2loc,locgrid455
time1,time2loc,locgrid456
time1,time2loc,locgrid457
time1,time2loc,locgrid458
time1,time2loc,locgrid459
time1,time2loc,locgrid460
time1,time2loc,locgrid461
time1,time2loc,locgrid462
time1,time2loc,locgrid463
time1,time2loc,locgrid464
time1,time2loc,locgrid465
time1,time2loc,locgrid466
time1,time2loc,locgrid467
time1,time2loc,locgrid468
time1,time2loc,locgrid469
time1,time2loc,locgrid470
time1,time2loc,locgrid471
time1,time2loc,locgrid472
time1,time2loc,locgrid473
time1,time2loc,locgrid474
time1,time2loc,locgrid475
time1,time2loc,locgrid476
time1,time2loc,locgrid477
time1,time2loc,locgrid478
time1,time2loc,locgrid479
time1,time2loc,locgrid480
time1,time2loc,locgrid481
time1,time2loc,locgrid482
time1,time2loc,locgrid483
time1,time2loc,locgrid484
time1,time2loc,locgrid485
time1,time2loc,locgrid486
time1,time2loc,locgrid487
time1,time2loc,locgrid488
time1,time2loc,locgrid489
time1,time2loc,locgrid490
time1,time2loc,locgrid491
time1,time2loc,locgrid492
time1,time2loc,locgrid493
time1,time2loc,locgrid494
time1,time2loc,locgrid495
time1,time2loc,locgrid496
time1,time2loc,locgrid497
time1,time2loc,locgrid498
time1,time2loc,locgrid499
time1,time2loc,locgrid500
time1,time2loc,locgrid501
time1,time2loc,locgrid502
time1,time2loc,locgrid503
time1,time2loc,locgrid504
time1,time2loc,locgrid505
time1,time2loc,locgrid506
time1,time2loc,locgrid507
time1,time2loc,locgrid508
time1,time2loc,locgrid509
time1,time2loc,locgrid510
time1,time2loc,locgrid511
time1,time2loc,locgrid512
time1,time2loc,locgrid513
time1,time2loc,locgrid514
time1,time2loc,locgrid515
time1,time2loc,locgrid516
time1,time2loc,locgrid517
time1,time2loc,locgrid518
time1,time2loc,locgrid519
time1,time2loc,locgrid520
time1,time2loc,locgrid521
time1,time2loc,locgrid522
time1,time2loc,locgrid523
time1,time2loc,locgrid524
time1,time2loc,locgrid525
time1,time2loc,locgrid526
time1,time2loc,locgrid527
time1,time2loc,locgrid528
time1,time2loc,locgrid529
time1,time2loc,locgrid530
time1,time2loc,locgrid531
time1,time2loc,locgrid532
time1,time2loc,locgrid533
time1,time2loc,locgrid534
time1,time2loc,locgrid535
time1,time2loc,locgrid536
time1,time2loc,locgrid537
time1,time2loc,locgrid538
time1,time2loc,locgrid539
time1,time2loc,locgrid540
time1,time2loc,locgrid541
time1,time2loc,locgrid542
time1,time2loc,locgrid543
time1,time2loc,locgrid544
time1,time2loc,locgrid545
time1,time2loc,locgrid546
time1,time2loc,locgrid547
time1,time2loc,locgrid548
time1,time2loc,locgrid549
time1,time2loc,locgrid550
time1,time2loc,locgrid551
time1,time2loc,locgrid552
time1,time2loc,locgrid553
time1,time2loc,locgrid554
time1,time2loc,locgrid555
time1,time2loc,locgrid556
time1,time2loc,locgrid557
time1,time2loc,locgrid558
time1,time2loc,locgrid559
time1,time2loc,locgrid560
time1,time2loc,locgrid561
time1,time2loc,locgrid562
time1,time2loc,locgrid563
time1,time2loc,locgrid564
time1,time2loc,locgrid565
time1,time2loc,locgrid566
time1,time2loc,locgrid567
time1,time2loc,locgrid568
time1,time2loc,locgrid569
time1,time2loc,locgrid570
time1,time2loc,locgrid571
time1,time2loc,locgrid572
time1,time2loc,locgrid573
time1,time2loc,locgrid574
time1,time2loc,locgrid575
time1,time2loc,locgrid576
time1,time2loc,locgrid577
time1,time2loc,locgrid578
time1,time2loc,locgrid579
time1,time2loc,locgrid580
time2,time2loc,locgrid581
time2,time2loc,locgrid582
time2,time2loc,locgrid583
time2,time2loc,locgrid584
time2,time2loc,locgrid585
time2,time2loc,locgrid586
time2,time2loc,locgrid587
time2,time2loc,locgrid588
time2,time2loc,locgrid589
time2,time2loc,locgrid590
time2,time2loc,locgrid591
time2,time2loc,locgrid592
time2,time2loc,locgrid593
time2,time2loc,locgrid594
time2,time2loc,locgrid595
time2,time2loc,locgrid596
time2,time2loc,locgrid597
time2,time2loc,locgrid598
time2,time2loc,locgrid599
time2,time2loc,locgrid600
time2,time2loc,locgrid601
time2,time2loc,locgrid602
time2,time2loc,locgrid603
time2,time2loc,locgrid604
time2,time2loc,locgrid605
time2,time2loc,locgrid606
time2,time2loc,locgrid607
time2,time2loc,locgrid608
time2,time2loc,locgrid609
time2,time2loc,locgrid610
time2,time2loc,locgrid611
time2,time2loc,locgrid612
time2,time2loc,locgrid613
time2,time2loc,locgrid614
time2,time2loc,locgrid615
time2,time2loc,locgrid616
time2,time2loc,locgrid617
time2,time2loc,locgrid618
time2,time2loc,locgrid619
time2,time2loc,locgrid620
time2,time2loc,locgrid621
time2,time2loc,locgrid622
time2,time2loc,locgrid623
time2,time2loc,locgrid624
time2,time2loc,locgrid625
time2,time2loc,locgrid626
time2,time2loc,locgrid627
time2,time2loc,locgrid628
time2,time2loc,locgrid629
time2,time2loc,locgrid630
time2,time2loc,locgrid631
time2,time2loc,locgrid632
time2,time2loc,locgrid633
time2,time2loc,locgrid634
time2,time2loc,locgrid635
time2,time2loc,locgrid636
time2,time2loc,locgrid637
time2,time2loc,locgrid638
time2,time2loc,locgrid639
time2,time2loc,locgrid640
time2,time2loc,locgrid641
time2,time2loc,locgrid642
time2,time2loc,locgrid643
time2,time2loc,locgrid644
time2,time2loc,locgrid645
time2,time2loc,locgrid646
time2,time2loc,locgrid647
time2,time2loc,locgrid648
time2,time2loc,locgrid649
time2,time2loc,locgrid650
time2,time2loc,locgrid651
time2,time2loc,locgrid652
time2,time2loc,locgrid653
time2,time2loc,locgrid654
time2,time2loc,locgrid655
time2,time2loc,locgrid656
time2,time2loc,locgrid657
time2,time2loc,locgrid658
time2,time2loc,locgrid659
time2,time2loc,locgrid660
time2,time2loc,locgrid661
time2,time2loc,locgrid662
time2,time2loc,locgrid663
time2,time2loc,locgrid664
time2,time2loc,locgrid665
time2,time2loc,locgrid666
time2,time2loc,locgrid667
time2,time2loc,locgrid668
time2,time2loc,locgrid669
time2,time2loc,locgrid670
time2,time2loc,locgrid671
time2,time2loc,locgrid672
time2,time2loc,locgrid673
time2,time2loc,locgrid674
time2,time2loc,locgrid675
time2,time2loc,locgrid676
time2,time2loc,locgrid677
time2,time2loc,locgrid678
time2,time2loc,locgrid679
time2,time2loc,locgrid680
time2,time2loc,locgrid681
time2,time2loc,locgrid682
time2,time2loc,locgrid683
time2,time2loc,locgrid684
time2,time2loc,locgrid685
time2,time2loc,locgrid686
time2,time2loc,locgrid687
time2,time2loc,locgrid688
time2,time2loc,locgrid689
time2,time2loc,locgrid690
time2,time2loc,locgrid691
time2,time2loc,locgrid692
time2,time2loc,locgrid693
time2,time2loc,locgrid694
time2,time2loc,locgrid695
time2,time2loc,locgrid696
time2,time2loc,locgrid697
time2,time2loc,locgrid698
time2,time2loc,locgrid699
time2,time2loc,locgrid700
time2,time2loc,locgrid701
time2,time2loc,locgrid702
time2,time2loc,locgrid703
time2,time2loc,locgrid704
time2,time2loc,locgrid705
time2,time2loc,locgrid706
time2,time2loc,locgrid707
time2,time2loc,locgrid708
time2,time2loc,locgrid709
time2,time2loc,locgrid710
time2,time2loc,locgrid711
time2,time2loc,locgrid712
time2,time2loc,locgrid713
time2,time2loc,locgrid714
time2,time2loc,locgrid715
time2,time2loc,locgrid716
time2,time2loc,locgrid717
time2,time2loc,locgrid718
time2,time2loc,locgrid719
time2,time2loc,locgrid720
time2,time2loc,locgrid721
time2,time2loc,locgrid722
time2,time2loc,locgrid723
time2,time2loc,locgrid724
time2,time2loc,locgrid725
time2,time2loc,locgrid726
time2,time2loc,locgrid727
time2,time2loc,locgrid728
time2,time2loc,locgrid729
time2,time2loc,locgrid730
time2,time2loc,locgrid731
time2,time2loc,locgrid732
time2,time2loc,locgrid733
time2,time2loc,locgrid734
time2,time2loc,locgrid735
time2,time2loc,locgrid736
time2,time2loc,locgrid737
time2,time2loc,locgrid738
time2,time2loc,locgrid739
time2,time2loc,locgrid740
time2,time2loc,locgrid741
time2,time2loc,locgrid742
time2,time2loc,locgrid743
time2,time2loc,locgrid744
time2,time2loc,locgrid745
time2,time2loc,locgrid746
time2,time2loc,locgrid747
time2,time2loc,locgrid748
time2,time2loc,locgrid749
time2,time2loc,locgrid750
time2,time2loc,locgrid751
time2,time2loc,locgrid752
time2,time2loc,locgrid753
time2,time2loc,locgrid754
time2,time2loc,locgrid755
time2,time2loc,locgrid756
time2,time2loc,locgrid757
time2,time2loc,locgrid758
time2,time2loc,locgrid759
time2,time2loc,locgrid760
time2,time2loc,locgrid761
time2,time2loc,locgrid762
time2,time2loc,locgrid763
time2,time2loc,locgrid764
time2,time2loc,locgrid765
time2,time2loc,locgrid766
time2,time2loc,locgrid767
time2,time2loc,locgrid768
time2,time2loc,locgrid769
time2,time2loc,locgrid770
time2,time2loc,locgrid771
time2,time2loc,locgrid772
time2,time2loc,locgrid773
time2,time2loc,locgrid774
time2,time2loc,locgrid775
time2,time2loc,locgrid776
time2,time2loc,locgrid777
time2,time2loc,locgrid778
time2,time2loc,locgrid779
time2,time2loc,locgrid780
time2,time2loc,locgrid781
time2,time2loc,locgrid782
time2,time2loc,locgrid783
time2,time2loc,locgrid784
time2,time2loc,locgrid785
time2,time2loc,locgrid786
time2,time2loc,locgrid787
time2,time2loc,locgrid788
time2,time2loc,locgrid789
time2,time2loc,locgrid790
time2,time2loc,locgrid791
time2,time2loc,locgrid792
time2,time2loc,locgrid793
time2,time2loc,locgrid794
time2,time2loc,locgrid795
time2,time2loc,locgrid796
time2,time2loc,locgrid797
time2,time2loc,locgrid798
time2,time2loc,locgrid799
time2,time2loc,locgrid800
time2,time2loc,locgrid801
time2,time2loc,locgrid802
time2,time2loc,locgrid803
time2,time2loc,locgrid804
time2,time2loc,locgrid805
time2,time2loc,locgrid806
time2,time2loc,locgrid807
time2,time2loc,locgrid808
time2,time2loc,locgrid809
time2,time2loc,locgrid810
time2,time2loc,locgrid811
time2,time2loc,locgrid812
time2,time2loc,locgrid813
time2,time2loc,locgrid814
time2,time2loc,locgrid815
time2,time2loc,locgrid816
time2,time2loc,locgrid817
time2,time2loc,locgrid818
time2,time2loc,locgrid819
time2,time2loc,locgrid820
time2,time2loc,locgrid821
time2,time2loc,locgrid822
time2,time2loc,locgrid823
time2,time2loc,locgrid824
time2,time2loc,locgrid825
time2,time2loc,locgrid826
time2,time2loc,locgrid827
time2,time2loc,locgrid828
time2,time2loc,locgrid829
time2,time2loc,locgrid830
time2,time2loc,locgrid831
time2,time2loc,locgrid832
time2,time2loc,locgrid833
time2,time2loc,locgrid834
time2,time2loc,locgrid835
time2,time2loc,locgrid836
time2,time2loc,locgrid837
time2,time2loc,locgrid838
time2,time2loc,locgrid839
time2,time2loc,locgrid840
time2,time2loc,locgrid841
time2,time2loc,locgrid842
time2,time2loc,locgrid843
time2,time2loc,locgrid844
time2,time2loc,locgrid845
time2,time2loc,locgrid846
time2,time2loc,locgrid847
time2,time2loc,locgrid848
time2,time2loc,locgrid849
time2,time2loc,locgrid850
time2,time2loc,locgrid851
time2,time2loc,locgrid852
time2,time2loc,locgrid853
time2,time2loc,locgrid854
time2,time2loc,locgrid855
time2,time2loc,locgrid856
time2,time2loc,locgrid857
time2,time2loc,locgrid858
time2,time2loc,locgrid859
time2,time2loc,locgrid860
time2,time2loc,locgrid861
time2,time2loc,locgrid862
time2,time2loc,locgrid863
time2,time2loc,locgrid864
time2,time2loc,locgrid865
time2,time2loc,locgrid866
time2,time2loc,locgrid867
time2,time2loc,locgrid868
time2,time2loc,locgrid869
time2,time2loc,locgrid870
time2,time2loc,locgrid871
time2,time2loc,locgrid872
time2,time2loc,locgrid873
time2,time2loc,locgrid874
time2,time2loc,locgrid875
time2,time2loc,locgrid876
time2,time2loc,locgrid877
time2,time2loc,locgrid878
time2,time2loc,locgrid879
time2,time2loc,locgrid880
time2,time2loc,locgrid881
time2,time2loc,locgrid882
time2,time2loc,locgrid883
time2,time2loc,locgrid884
time2,time2loc,locgrid885
time3,time2loc,locgrid886
time3,time2loc,locgrid887
time3,time2loc,locgrid888
time3,time2loc,locgrid889
time3,time2loc,locgrid890
time3,time2loc,locgrid891
time3,time2loc,locgrid892
time3,time2loc,locgrid893
time3,time2loc,locgrid894
time3,time2loc,locgrid895
time3,time2loc,locgrid896
time3,time2loc,locgrid897
time3,time2loc,locgrid898
time3,time2loc,locgrid899
time3,time2loc,locgrid900
time3,time2loc,locgrid901
time3,time2loc,locgrid902
time3,time2loc,locgrid903
time3,time2loc,locgrid904
time3,time2loc,locgrid905
time3,time2loc,locgrid906
time3,time2loc,locgrid907
time3,time2loc,locgrid908
time3,time2loc,locgrid909
time3,time2loc,locgrid910
time3,time2loc,locgrid911
time3,time2loc,locgrid912
time3,time2loc,locgrid913
time3,time2loc,locgrid914
time3,time2loc,locgrid915
time3,time2loc,locgrid916
time3,time2loc,locgrid917
time3,time2loc,locgrid918
time3,time2loc,locgrid919
time3,time2loc,locgrid920
time3,time2loc,locgrid921
time3,time2loc,locgrid922
time3,time2loc,locgrid923
time3,time2loc,locgrid924
time3,time2loc,locgrid925
time3,time2loc,locgrid926
time3,time2loc,locgrid927
time3,time2loc,locgrid928
time3,time2loc,locgrid929
time3,time2loc,locgrid930
time3,time2loc,locgrid931
time3,time2loc,locgrid932
time3,time2loc,locgrid933
time3,time2loc,locgrid934
time3,time2loc,locgrid935
time3,time2loc,locgrid936
time3,time2loc,locgrid937
time3,time2loc,locgrid938
time3,time2loc,locgrid939
time3,time2loc,locgrid940
time3,time2loc,locgrid941
time3,time2loc,locgrid942
time3,time2loc,locgrid943
time3,time2loc,locgrid944
time3,time2loc,locgrid945
time3,time2loc,locgrid946
time3,time2loc,locgrid947
time3,time2loc,locgrid948
time3,time2loc,locgrid949
time3,time2loc,locgrid950
time3,time2loc,locgrid951
time3,time2loc,locgrid952
time3,time2loc,locgrid953
time3,time2loc,locgrid954
time3,time2loc,locgrid955
time3,time2loc,locgrid956
time3,time2loc,locgrid957
time3,time2loc,locgrid958
time3,time2loc,locgrid959
time3,time2loc,locgrid960
time3,time2loc,locgrid961
time3,time2loc,locgrid962
time3,time2loc,locgrid963
time3,time2loc,locgrid964
time3,time2loc,locgrid965
time3,time2loc,locgrid966
time3,time2loc,locgrid967
time3,time2loc,locgrid968
time3,time2loc,locgrid969
time3,time2loc,locgrid970
time3,time2loc,locgrid971
time3,time2loc,locgrid972
time3,time2loc,locgrid973
time3,time2loc,locgrid974
time3,time2loc,locgrid975
time3,time2loc,locgrid976
time3,time2loc,locgrid977
time3,time2loc,locgrid978
time3,time2loc,locgrid979
time3,time2loc,locgrid980
time3,time2loc,locgrid981
time3,time2loc,locgrid982
time3,time2loc,locgrid983
time3,time2loc,locgrid984
time3,time2loc,locgrid985
time3,time2loc,locgrid986
time3,time2loc,locgrid987
time3,time2loc,locgrid988
time3,time2loc,locgrid989
time3,time2loc,locgrid990
time3,time2loc,locgrid991
time3,time2loc,locgrid992
time3,time2loc,locgrid993
time3,time2loc,locgrid994
time3,time2loc,locgrid995
time3,time2loc,locgrid996
time3,time2loc,locgrid997
time3,time2loc,locgrid998
time3,time2loc,locgrid999
time3,time2loc,locgrid1000
time3,time2loc,locgrid1001
time3,time2loc,locgrid1002
time3,time2loc,locgrid1003
time3,time2loc,locgrid1004
time3,time2loc,locgrid1005
time3,time2loc,locgrid1006
time3,time2loc,locgrid1007
time3,time2loc,locgrid1008
time3,time2loc,locgrid1009
time3,time2loc,locgrid1010
time3,time2loc,locgrid1011
time3,time2loc,locgrid1012
time3,time2loc,locgrid1013
time3,time2loc,locgrid1014
time3,time2loc,locgrid1015
time3,time2loc,locgrid1016
time3,time2loc,locgrid1017
time3,time2loc,locgrid1018
time3,time2loc,locgrid1019
time3,time2loc,locgrid1020
time3,time2loc,locgrid1021
time3,time2loc,locgrid1022
time3,time2loc,locgrid1023
time3,time2loc,locgrid1024
time3,time2loc,locgrid1025
time3,time2loc,locgrid1026
time3,time2loc,locgrid1027
time3,time2loc,locgrid1028
time3,time2loc,locgrid1029
time3,time2loc,locgrid1030
time3,time2loc,locgrid1031
time3,time2loc,locgrid1032
time3,time2loc,locgrid1033
time3,time2loc,locgrid1034
time3,time2loc,locgrid1035
time3,time2loc,locgrid1036
time3,time2loc,locgrid1037
time3,time2loc,locgrid1038
time3,time2loc,locgrid1039
time3,time2loc,locgrid1040
time3,time2loc,locgrid1041
time3,time2loc,locgrid1042
time3,time2loc,locgrid1043
time3,time2loc,locgrid1044
time3,time2loc,locgrid1045
time3,time2loc,locgrid1046
time3,time2loc,locgrid1047
time3,time2loc,locgrid1048
time3,time2loc,locgrid1049
time3,time2loc,locgrid1050
time3,time2loc,locgrid1051
time3,time2loc,locgrid1052
time3,time2loc,locgrid1053
time3,time2loc,locgrid1054
time3,time2loc,locgrid1055
time3,time2loc,locgrid1056
time3,time2loc,locgrid1057
time3,time2loc,locgrid1058
time3,time2loc,locgrid1059
time3,time2loc,locgrid1060
time3,time2loc,locgrid1061
time3,time2loc,locgrid1062
time3,time2loc,locgrid1063
time3,time2loc,locgrid1064
time3,time2loc,locgrid1065
time3,time2loc,locgrid1066
time3,time2loc,locgrid1067
time3,time2loc,locgrid1068
time3,time2loc,locgrid1069
time3,time2loc,locgrid1070
time3,time2loc,locgrid1071
time3,time2loc,locgrid1072
time3,time2loc,locgrid1073
time3,time2loc,locgrid1074
time3,time2loc,locgrid1075
time3,time2loc,locgrid1076
time3,time2loc,locgrid1077
time3,time2loc,locgrid1078
time3,time2loc,locgrid1079
time3,time2loc,locgrid1080
time3,time2loc,locgrid1081
time3,time2loc,locgrid1082
time3,time2loc,locgrid1083
time3,time2loc,locgrid1084
time3,time2loc,locgrid1085
time3,time2loc,locgrid1086
time3,time2loc,locgrid1087
time3,time2loc,locgrid1088
time3,time2loc,locgrid1089
time3,time2loc,locgrid1090
time3,time2loc,locgrid1091
time3,time2loc,locgrid1092
time3,time2loc,locgrid1093
time3,time2loc,locgrid1094
time3,time2loc,locgrid1095
time3,time2loc,locgrid1096
time3,time2loc,locgrid1097
time3,time2loc,locgrid1098
time3,time2loc,locgrid1099
time3,time2loc,locgrid1100
time3,time2loc,locgrid1101
time3,time2loc,locgrid1102
time3,time2loc,locgrid1103
time3,time2loc,locgrid1104
time3,time2loc,locgrid1105
time3,time2loc,locgrid1106
time3,time2loc,locgrid1107
time3,time2loc,locgrid1108
time3,time2loc,locgrid1109
time3,time2loc,locgrid1110
time3,time2loc,locgrid1111
time3,time2loc,locgrid1112
time3,time2loc,locgrid1113
time3,time2loc,locgrid1114
time3,time2loc,locgrid1115
time3,time2loc,locgrid1116
time3,time2loc,locgrid1117
time3,time2loc,locgrid1118
time3,time2loc,locgrid1119
time3,time2loc,locgrid1120
time3,time2loc,locgrid1121
time3,time2loc,locgrid1122
time3,time2loc,locgrid1123
time3,time2loc,locgrid1124
time3,time2loc,locgrid1125
time3,time2loc,locgrid1126
time3,time2loc,locgrid1127
time3,time2loc,locgrid1128
time3,time2loc,locgrid1129
time3,time2loc,locgrid1130
time3,time2loc,locgrid1131
time3,time2loc,locgrid1132
time3,time2loc,locgrid1133
time3,time2loc,locgrid1134
time3,time2loc,locgrid1135
time3,time2loc,locgrid1136
time3,time2loc,locgrid1137
time3,time2loc,locgrid1138
time3,time2loc,locgrid1139
time3,time2loc,locgrid1140
time3,time2loc,locgrid1141
time3,time2loc,locgrid1142
time3,time2loc,locgrid1143
time3,time2loc,locgrid1144
time3,time2loc,locgrid1145
time3,time2loc,locgrid1146
time3,time2loc,locgrid1147
time3,time2loc,locgrid1148
time3,time2loc,locgrid1149
time3,time2loc,locgrid1150
time3,time2loc,locgrid1151
time3,time2loc,locgrid1152
time3,time2loc,locgrid1153
time3,time2loc,locgrid1154
time3,time2loc,locgrid1155
time3,time2loc,locgrid1156
time3,time2loc,locgrid1157
time3,time2loc,locgrid1158
time3,time2loc,locgrid1159
time3,time2loc,locgrid1160
time3,time2loc,locgrid1161
time3,time2loc,locgrid1162
time3,time2loc,locgrid1163
time3,time2loc,locgrid1164
time3,time2loc,locgrid1165
time3,time2loc,locgrid1166
time3,time2loc,locgrid1167
time4,time2loc,locgrid1168
time4,time2loc,locgrid1169
time4,time2loc,locgrid1170
time4,time2loc,locgrid1171
time4,time2loc,locgrid1172
time4,time2loc,locgrid1173
time4,time2loc,locgrid1174
time4,time2loc,locgrid1175
time4,time2loc,locgrid1176
time4,time2loc,locgrid1177
time4,time2loc,locgrid1178
time4,time2loc,locgrid1179
time4,time2loc,locgrid1180
time4,time2loc,locgrid1181
time4,time2loc,locgrid1182
time4,time2loc,locgrid1183
time4,time2loc,locgrid1184
time4,time2loc,locgrid1185
time4,time2loc,locgrid1186
time4,time2loc,locgrid1187
time4,time2loc,locgrid1188
time4,time2loc,locgrid1189
time4,time2loc,locgrid1190
time4,time2loc,locgrid1191
time4,time2loc,locgrid1192
time4,time2loc,locgrid1193
time4,time2loc,locgrid1194
time4,time2loc,locgrid1195
time4,time2loc,locgrid1196
time4,time2loc,locgrid1197
time4,time2loc,locgrid1198
time4,time2loc,locgrid1199
time4,time2loc,locgrid1200
time4,time2loc,locgrid1201
time4,time2loc,locgrid1202
time4,time2loc,locgrid1203
time4,time2loc,locgrid1204
time4,time2loc,locgrid1205
time4,time2loc,locgrid1206
time4,time2loc,locgrid1207
time4,time2loc,locgrid1208
time4,time2loc,locgrid1209
time4,time2loc,locgrid1210
time4,time2loc,locgrid1211
time4,time2loc,locgrid1212
time4,time2loc,locgrid1213
time4,time2loc,locgrid1214
time4,time2loc,locgrid1215
time4,time2loc,locgrid1216
time4,time2loc,locgrid1217
time4,time2loc,locgrid1218
time4,time2loc,locgrid1219
time4,time2loc,locgrid1220
time4,time2loc,locgrid1221
time4,time2loc,locgrid1222
time4,time2loc,locgrid1223
time4,time2loc,locgrid1224
time4,time2loc,locgrid1225
time4,time2loc,locgrid1226
time4,time2loc,locgrid1227
time4,time2loc,locgrid1228
time4,time2loc,locgrid1229
time4,time2loc,locgrid1230
time4,time2loc,locgrid1231
time4,time2loc,locgrid1232
time4,time2loc,locgrid1233
time4,time2loc,locgrid1234
time4,time2loc,locgrid1235
time4,time2loc,locgrid1236
time4,time2loc,locgrid1237
time4,time2loc,locgrid1238
time4,time2loc,locgrid1239
time4,time2loc,locgrid1240
time4,time2loc,locgrid1241
time4,time2loc,locgrid1242
time4,time2loc,locgrid1243
time4,time2loc,locgrid1244
time4,time2loc,locgrid1245
time4,time2loc,locgrid1246
time4,time2loc,locgrid1247
time4,time2loc,locgrid1248
time4,time2loc,locgrid1249
time4,time2loc,locgrid1250
time4,time2loc,locgrid1251
time4,time2loc,locgrid1252
time4,time2loc,locgrid1253
time4,time2loc,locgrid1254
time4,time2loc,locgrid1255
time4,time2loc,locgrid1256
time4,time2loc,locgrid1257
time4,time2loc,locgrid1258
time4,time2loc,locgrid1259
time4,time2loc,locgrid1260
time4,time2loc,locgrid1261
time4,time2loc,locgrid1262
time4,time2loc,locgrid1263
time4,time2loc,locgrid1264
time4,time2loc,locgrid1265
time4,time2loc,locgrid1266
time4,time2loc,locgrid1267
time4,time2loc,locgrid1268
time4,time2loc,locgrid1269
time4,time2loc,locgrid1270
time4,time2loc,locgrid1271
time4,time2loc,locgrid1272
time4,time2loc,locgrid1273
time4,time2loc,locgrid1274
time4,time2loc,locgrid1275
time4,time2loc,locgrid1276
time4,time2loc,locgrid1277
time4,time2loc,locgrid1278
time4,time2loc,locgrid1279
time4,time2loc,locgrid1280
time4,time2loc,locgrid1281
time4,time2loc,locgrid1282
time4,time2loc,locgrid1283
time4,time2loc,locgrid1284
time4,time2loc,locgrid1285
time4,time2loc,locgrid1286
time4,time2loc,locgrid1287
time4,time2loc,locgrid1288
time4,time2loc,locgrid1289
time4,time2loc,locgrid1290
time4,time2loc,locgrid1291
time4,time2loc,locgrid1292
time4,time2loc,locgrid1293
time4,time2loc,locgrid1294
time4,time2loc,locgrid1295
time4,time2loc,locgrid1296
time4,time2loc,locgrid1297
time4,time2loc,locgrid1298
time4,time2loc,locgrid1299
time4,time2loc,locgrid1300
time4,time2loc,locgrid1301
time4,time2loc,locgrid1302
time4,time2loc,locgrid1303
time4,time2loc,locgrid1304
time4,time2loc,locgrid1305
time4,time2loc,locgrid1306
time4,time2loc,locgrid1307
time4,time2loc,locgrid1308
time4,time2loc,locgrid1309
time4,time2loc,locgrid1310
time4,time2loc,locgrid1311
time4,time2loc,locgrid1312
time4,time2loc,locgrid1313
time4,time2loc,locgrid1314
time4,time2loc,locgrid1315
time4,time2loc,locgrid1316
time4,time2loc,locgrid1317
time4,time2loc,locgrid1318
time4,time2loc,locgrid1319
time4,time2loc,locgrid1320
time4,time2loc,locgrid1321
time4,time2loc,locgrid1322
time4,time2loc,locgrid1323
time4,time2loc,locgrid1324
time4,time2loc,locgrid1325
time4,time2loc,locgrid1326
time4,time2loc,locgrid1327
time4,time2loc,locgrid1328
time4,time2loc,locgrid1329
time4,time2loc,locgrid1330
time4,time2loc,locgrid1331
time4,time2loc,locgrid1332
time4,time2loc,locgrid1333
time4,time2loc,locgrid1334
time4,time2loc,locgrid1335
time4,time2loc,locgrid1336
time4,time2loc,locgrid1337
time4,time2loc,locgrid1338
time4,time2loc,locgrid1339
time4,time2loc,locgrid1340
time4,time2loc,locgrid1341
time4,time2loc,locgrid1342
time4,time2loc,locgrid1343
time4,time2loc,locgrid1344
time4,time2loc,locgrid1345
time4,time2loc,locgrid1346
time4,time2loc,locgrid1347
time4,time2loc,locgrid1348
time4,time2loc,locgrid1349
time4,time2loc,locgrid1350
time4,time2loc,locgrid1351
time4,time2loc,locgrid1352
time4,time2loc,locgrid1353
time4,time2loc,locgrid1354
time4,time2loc,locgrid1355
time4,time2loc,locgrid1356
time4,time2loc,locgrid1357
time4,time2loc,locgrid1358
time4,time2loc,locgrid1359
time4,time2loc,locgrid1360
time4,time2loc,locgrid1361
time4,time2loc,locgrid1362
time4,time2loc,locgrid1363
time4,time2loc,locgrid1364
time4,time2loc,locgrid1365
time4,time2loc,locgrid1366
time4,time2loc,locgrid1367
time4,time2loc,locgrid1368
time4,time2loc,locgrid1369
time4,time2loc,locgrid1370
time4,time2loc,locgrid1371
time4,time2loc,locgrid1372
time4,time2loc,locgrid1373
time4,time2loc,locgrid1374
time4,time2loc,locgrid1375
time4,time2loc,locgrid1376
time4,time2loc,locgrid1377
time4,time2loc,locgrid1378
time4,time2loc,locgrid1379
time4,time2loc,locgrid1380
time4,time2loc,locgrid1381
time4,time2loc,locgrid1382
time4,time2loc,locgrid1383
time4,time2loc,locgrid1384
time4,time2loc,locgrid1385
time4,time2loc,locgrid1386
time4,time2loc,locgrid1387
time4,time2loc,locgrid1388
time4,time2loc,locgrid1389
time4,time2loc,locgrid1390
time4,time2loc,locgrid1391
time4,time2loc,locgrid1392
time4,time2loc,locgrid1393
time4,time2loc,locgrid1394
time4,time2loc,locgrid1395
time4,time2loc,locgrid1396
time4,time2loc,locgrid1397
time4,time2loc,locgrid1398
time4,time2loc,locgrid1399
time4,time2loc,locgrid1400
time4,time2loc,locgrid1401
time4,time2loc,locgrid1402
time4,time2loc,locgrid1403
time4,time2loc,locgrid1404
time4,time2loc,locgrid1405
time4,time2loc,locgrid1406
time4,time2loc,locgrid1407
time4,time2loc,locgrid1408
time4,time2loc,locgrid1409
time4,time2loc,locgrid1410
time4,time2loc,locgrid1411
time4,time2loc,locgrid1412
time4,time2loc,locgrid1413
time4,time2loc,locgrid1414
time4,time2loc,locgrid1415
time4,time2loc,locgrid1416
time4,time2loc,locgrid1417
time4,time2loc,locgrid1418
time4,time2loc,locgrid1419
time4,time2loc,locgrid1420
time4,time2loc,locgrid1421
time4,time2loc,locgrid1422
time4,time2loc,locgrid1423
time4,time2loc,locgrid1424
time4,time2loc,locgrid1425
time4,time2loc,locgrid1426
time4,time2loc,locgrid1427
time4,time2loc,locgrid1428
time4,time2loc,locgrid1429
time4,time2loc,locgrid1430
time4,time2loc,locgrid1431
time4,time2loc,locgrid1432
time4,time2loc,locgrid1433
time4,time2loc,locgrid1434
time4,time2loc,locgrid1435
time4,time2loc,locgrid1436
time4,time2loc,locgrid1437
time4,time2loc,locgrid1438
time4,time2loc,locgrid1439
time4,time2loc,locgrid1440
time4,time2loc,locgrid1441
time4,time2loc,locgrid1442
time4,time2loc,locgrid1443
time4,time2loc,locgrid1444
time4,time2loc,locgrid1445
time4,time2loc,locgrid1446
time4,time2loc,locgrid1447
time4,time2loc,locgrid1448
time4,time2loc,locgrid1449
time4,time2loc,locgrid1450
time4,time2loc,locgrid1451
time4,time2loc,locgrid1452
time5,time2loc,locgrid1453
time5,time2loc,locgrid1454
time5,time2loc,locgrid1455
time5,time2loc,locgrid1456
time5,time2loc,locgrid1457
time5,time2loc,locgrid1458
time5,time2loc,locgrid1459
time5,time2loc,locgrid1460
time5,time2loc,locgrid1461
time5,time2loc,locgrid1462
time5,time2loc,locgrid1463
time5,time2loc,locgrid1464
time5,time2loc,locgrid1465
time5,time2loc,locgrid1466
time5,time2loc,locgrid1467
time5,time2loc,locgrid1468
time5,time2loc,locgrid1469
time5,time2loc,locgrid1470
time5,time2loc,locgrid1471
time5,time2loc,locgrid1472
time5,time2loc,locgrid1473
time5,time2loc,locgrid1474
time5,time2loc,locgrid1475
time5,time2loc,locgrid1476
time5,time2loc,locgrid1477
time5,time2loc,locgrid1478
time5,time2loc,locgrid1479
time5,time2loc,locgrid1480
time5,time2loc,locgrid1481
time5,time2loc,locgrid1482
time5,time2loc,locgrid1483
time5,time2loc,locgrid1484
time5,time2loc,locgrid1485
time5,time2loc,locgrid1486
time5,time2loc,locgrid1487
time5,time2loc,locgrid1488
time5,time2loc,locgrid1489
time5,time2loc,locgrid1490
time5,time2loc,locgrid1491
time5,time2loc,locgrid1492
time5,time2loc,locgrid1493
time5,time2loc,locgrid1494
time5,time2loc,locgrid1495
time5,time2loc,locgrid1496
time5,time2loc,locgrid1497
time5,time2loc,locgrid1498
time5,time2loc,locgrid1499
time5,time2loc,locgrid1500
time5,time2loc,locgrid1501
time5,time2loc,locgrid1502
time5,time2loc,locgrid1503
time5,time2loc,locgrid1504
time5,time2loc,locgrid1505
time5,time2loc,locgrid1506
time5,time2loc,locgrid1507
time5,time2loc,locgrid1508
time5,time2loc,locgrid1509
time5,time2loc,locgrid1510
time5,time2loc,locgrid1511
time5,time2loc,locgrid1512
time5,time2loc,locgrid1513
time5,time2loc,locgrid1514
time5,time2loc,locgrid1515
time5,time2loc,locgrid1516
time5,time2loc,locgrid1517
time5,time2loc,locgrid1518
time5,time2loc,locgrid1519
time5,time2loc,locgrid1520
time5,time2loc,locgrid1521
time5,time2loc,locgrid1522
time5,time2loc,locgrid1523
time5,time2loc,locgrid1524
time5,time2loc,locgrid1525
time5,time2loc,locgrid1526
time5,time2loc,locgrid1527
time5,time2loc,locgrid1528
time5,time2loc,locgrid1529
time5,time2loc,locgrid1530
time5,time2loc,locgrid1531
time5,time2loc,locgrid1532
time5,time2loc,locgrid1533
time5,time2loc,locgrid1534
time5,time2loc,locgrid1535
time5,time2loc,locgrid1536
time5,time2loc,locgrid1537
time5,time2loc,locgrid1538
time5,time2loc,locgrid1539
time5,time2loc,locgrid1540
time5,time2loc,locgrid1541
time5,time2loc,locgrid1542
time5,time2loc,locgrid1543
time5,time2loc,locgrid1544
time5,time2loc,locgrid1545
time5,time2loc,locgrid1546
time5,time2loc,locgrid1547
time5,time2loc,locgrid1548
time5,time2loc,locgrid1549
time5,time2loc,locgrid1550
time5,time2loc,locgrid1551
time5,time2loc,locgrid1552
time5,time2loc,locgrid1553
time5,time2loc,locgrid1554
time5,time2loc,locgrid1555
time5,time2loc,locgrid1556
time5,time2loc,locgrid1557
time5,time2loc,locgrid1558
time5,time2loc,locgrid1559
time5,time2loc,locgrid1560
time5,time2loc,locgrid1561
time5,time2loc,locgrid1562
time5,time2loc,locgrid1563
time5,time2loc,locgrid1564
time5,time2loc,locgrid1565
time5,time2loc,locgrid1566
time5,time2loc,locgrid1567
time5,time2loc,locgrid1568
time5,time2loc,locgrid1569
time5,time2loc,locgrid1570
time5,time2loc,locgrid1571
time5,time2loc,locgrid1572
time5,time2loc,locgrid1573
time5,time2loc,locgrid1574
time5,time2loc,locgrid1575
time5,time2loc,locgrid1576
time5,time2loc,locgrid1577
time5,time2loc,locgrid1578
time5,time2loc,locgrid1579
time5,time2loc,locgrid1580
time5,time2loc,locgrid1581
time5,time2loc,locgrid1582
time5,time2loc,locgrid1583
time5,time2loc,locgrid1584
time5,time2loc,locgrid1585
time5,time2loc,locgrid1586
time5,time2loc,locgrid1587
time5,time2loc,locgrid1588
time5,time2loc,locgrid1589
time5,time2loc,locgrid1590
time5,time2loc,locgrid1591
time5,time2loc,locgrid1592
time5,time2loc,locgrid1593
time5,time2loc,locgrid1594
time5,time2loc,locgrid1595
time5,time2loc,locgrid1596
time5,time2loc,locgrid1597
time5,time2loc,locgrid1598
time5,time2loc,locgrid1599
time5,time2loc,locgrid1600
time5,time2loc,locgrid1601
time5,time2loc,locgrid1602
time5,time2loc,locgrid1603
time5,time2loc,locgrid1604
time5,time2loc,locgrid1605
time5,time2loc,locgrid1606
time5,time2loc,locgrid1607
time5,time2loc,locgrid1608
time5,time2loc,locgrid1609
time5,time2loc,locgrid1610
time5,time2loc,locgrid1611
time5,time2loc,locgrid1612
time5,time2loc,locgrid1613
time5,time2loc,locgrid1614
time5,time2loc,locgrid1615
time5,time2loc,locgrid1616
time5,time2loc,locgrid1617
time5,time2loc,locgrid1618
time5,time2loc,locgrid1619
time5,time2loc,locgrid1620
time5,time2loc,locgrid1621
time5,time2loc,locgrid1622
time5,time2loc,locgrid1623
time5,time2loc,locgrid1624
time5,time2loc,locgrid1625
time5,time2loc,locgrid1626
time5,time2loc,locgrid1627
time5,time2loc,locgrid1628
time5,time2loc,locgrid1629
time5,time2loc,locgrid1630
time5,time2loc,locgrid1631
time5,time2loc,locgrid1632
time5,time2loc,locgrid1633
time5,time2loc,locgrid1634
time5,time2loc,locgrid1635
time5,time2loc,locgrid1636
time5,time2loc,locgrid1637
time5,time2loc,locgrid1638
time5,time2loc,locgrid1639
time5,time2loc,locgrid1640
time5,time2loc,locgrid1641
time5,time2loc,locgrid1642
time5,time2loc,locgrid1643
time5,time2loc,locgrid1644
time5,time2loc,locgrid1645
time5,time2loc,locgrid1646
time5,time2loc,locgrid1647
time5,time2loc,locgrid1648
time5,time2loc,locgrid1649
time5,time2loc,locgrid1650
time5,time2loc,locgrid1651
time5,time2loc,locgrid1652
time5,time2loc,locgrid1653
time5,time2loc,locgrid1654
time5,time2loc,locgrid1655
time5,time2loc,locgrid1656
time5,time2loc,locgrid1657
time5,time2loc,locgrid1658
time5,time2loc,locgrid1659
time5,time2loc,locgrid1660
time5,time2loc,locgrid1661
time5,time2loc,locgrid1662
time5,time2loc,locgrid1663
time5,time2loc,locgrid1664
time5,time2loc,locgrid1665
time5,time2loc,locgrid1666
time5,time2loc,locgrid1667
time5,time2loc,locgrid1668
time5,time2loc,locgrid1669
time5,time2loc,locgrid1670
time5,time2loc,locgrid1671
time5,time2loc,locgrid1672
time5,time2loc,locgrid1673
time5,time2loc,locgrid1674
time5,time2loc,locgrid1675
time5,time2loc,locgrid1676
time5,time2loc,locgrid1677
time5,time2loc,locgrid1678
time5,time2loc,locgrid1679
time5,time2loc,locgrid1680
time5,time2loc,locgrid1681
time5,time2loc,locgrid1682
time5,time2loc,locgrid1683
time5,time2loc,locgrid1684
time5,time2loc,locgrid1685
time5,time2loc,locgrid1686
time5,time2loc,locgrid1687
time5,time2loc,locgrid1688
time5,time2loc,locgrid1689
time5,time2loc,locgrid1690
time5,time2loc,locgrid1691
time5,time2loc,locgrid1692
time5,time2loc,locgrid1693
time5,time2loc,locgrid1694
time5,time2loc,locgrid1695
time5,time2loc,locgrid1696
time5,time2loc,locgrid1697
time5,time2loc,locgrid1698
time5,time2loc,locgrid1699
time5,time2loc,locgrid1700
time5,time2loc,locgrid1701
time5,time2loc,locgrid1702
time5,time2loc,locgrid1703
time5,time2loc,locgrid1704
time5,time2loc,locgrid1705
time5,time2loc,locgrid1706
time5,time2loc,locgrid1707
time5,time2loc,locgrid1708
time5,time2loc,locgrid1709
time5,time2loc,locgrid1710
time5,time2loc,locgrid1711
time5,time2loc,locgrid1712
time5,time2loc,locgrid1713
time5,time2loc,locgrid1714
time5,time2loc,locgrid1715
time5,time2loc,locgrid1716
time5,time2loc,locgrid1717
time5,time2loc,locgrid1718
time5,time2loc,locgrid1719
time5,time2loc,locgrid1720
time5,time2loc,locgrid1721
time5,time2loc,locgrid1722
time5,time2loc,locgrid1723
time5,time2loc,locgrid1724
time5,time2loc,locgrid1725
time5,time2loc,locgrid1726
time5,time2loc,locgrid1727
time5,time2loc,locgrid1728
time5,time2loc,locgrid1729
time5,time2loc,locgrid1730
time5,time2loc,locgrid1731
time5,time2loc,locgrid1732
time5,time2loc,locgrid1733
time5,time2loc,locgrid1734
time5,time2loc,locgrid1735
time5,time2loc,locgrid1736
time5,time2loc,locgrid1737
time6,time2loc,locgrid1738
time6,time2loc,locgrid1739
time6,time2loc,locgrid1740
time6,time2loc,locgrid1741
time6,time2loc,locgrid1742
time6,time2loc,locgrid1743
time6,time2loc,locgrid1744
time6,time2loc,locgrid1745
time6,time2loc,locgrid1746
time6,time2loc,locgrid1747
time6,time2loc,locgrid1748
time6,time2loc,locgrid1749
time6,time2loc,locgrid1750
time6,time2loc,locgrid1751
time6,time2loc,locgrid1752
time6,time2loc,locgrid1753
time6,time2loc,locgrid1754
time6,time2loc,locgrid1755
time6,time2loc,locgrid1756
time6,time2loc,locgrid1757
time6,time2loc,locgrid1758
time6,time2loc,locgrid1759
time6,time2loc,locgrid1760
time6,time2loc,locgrid1761
time6,time2loc,locgrid1762
time6,time2loc,locgrid1763
time6,time2loc,locgrid1764
time6,time2loc,locgrid1765
time6,time2loc,locgrid1766
time6,time2loc,locgrid1767
time6,time2loc,locgrid1768
time6,time2loc,locgrid1769
time6,time2loc,locgrid1770
time6,time2loc,locgrid1771
time6,time2loc,locgrid1772
time6,time2loc,locgrid1773
time6,time2loc,locgrid1774
time6,time2loc,locgrid1775
time6,time2loc,locgrid1776
time6,time2loc,locgrid1777
time6,time2loc,locgrid1778
time6,time2loc,locgrid1779
time6,time2loc,locgrid1780
time6,time2loc,locgrid1781
time6,time2loc,locgrid1782
time6,time2loc,locgrid1783
time6,time2loc,locgrid1784
time6,time2loc,locgrid1785
time6,time2loc,locgrid1786
time6,time2loc,locgrid1787
time6,time2loc,locgrid1788
time6,time2loc,locgrid1789
time6,time2loc,locgrid1790
time6,time2loc,locgrid1791
time6,time2loc,locgrid1792
time6,time2loc,locgrid1793
time6,time2loc,locgrid1794
time6,time2loc,locgrid1795
time6,time2loc,locgrid1796
time6,time2loc,locgrid1797
time6,time2loc,locgrid1798
time6,time2loc,locgrid1799
time6,time2loc,locgrid1800
time6,time2loc,locgrid1801
time6,time2loc,locgrid1802
time6,time2loc,locgrid1803
time6,time2loc,locgrid1804
time6,time2loc,locgrid1805
time6,time2loc,locgrid1806
time6,time2loc,locgrid1807
time6,time2loc,locgrid1808
time6,time2loc,locgrid1809
time6,time2loc,locgrid1810
time6,time2loc,locgrid1811
time6,time2loc,locgrid1812
time6,time2loc,locgrid1813
time6,time2loc,locgrid1814
time6,time2loc,locgrid1815
time6,time2loc,locgrid1816
time6,time2loc,locgrid1817
time6,time2loc,locgrid1818
time6,time2loc,locgrid1819
time6,time2loc,locgrid1820
time6,time2loc,locgrid1821
time6,time2loc,locgrid1822
time6,time2loc,locgrid1823
time6,time2loc,locgrid1824
time6,time2loc,locgrid1825
time6,time2loc,locgrid1826
time6,time2loc,locgrid1827
time6,time2loc,locgrid1828
time6,time2loc,locgrid1829
time6,time2loc,locgrid1830
time6,time2loc,locgrid1831
time6,time2loc,locgrid1832
time6,time2loc,locgrid1833
time6,time2loc,locgrid1834
time6,time2loc,locgrid1835
time6,time2loc,locgrid1836
time6,time2loc,locgrid1837
time6,time2loc,locgrid1838
time6,time2loc,locgrid1839
time6,time2loc,locgrid1840
time6,time2loc,locgrid1841
time6,time2loc,locgrid1842
time6,time2loc,locgrid1843
time6,time2loc,locgrid1844
time6,time2loc,locgrid1845
time6,time2loc,locgrid1846
time6,time2loc,locgrid1847
time6,time2loc,locgrid1848
time6,time2loc,locgrid1849
time6,time2loc,locgrid1850
time6,time2loc,locgrid1851
time6,time2loc,locgrid1852
time6,time2loc,locgrid1853
time6,time2loc,locgrid1854
time6,time2loc,locgrid1855
time6,time2loc,locgrid1856
time6,time2loc,locgrid1857
time6,time2loc,locgrid1858
time6,time2loc,locgrid1859
time6,time2loc,locgrid1860
time6,time2loc,locgrid1861
time6,time2loc,locgrid1862
time6,time2loc,locgrid1863
time6,time2loc,locgrid1864
time6,time2loc,locgrid1865
time6,time2loc,locgrid1866
time6,time2loc,locgrid1867
time6,time2loc,locgrid1868
time6,time2loc,locgrid1869
time6,time2loc,locgrid1870
time6,time2loc,locgrid1871
time6,time2loc,locgrid1872
time6,time2loc,locgrid1873
time6,time2loc,locgrid1874
time6,time2loc,locgrid1875
time6,time2loc,locgrid1876
time6,time2loc,locgrid1877
time6,time2loc,locgrid1878
time6,time2loc,locgrid1879
time6,time2loc,locgrid1880
time6,time2loc,locgrid1881
time6,time2loc,locgrid1882
time6,time2loc,locgrid1883
time6,time2loc,locgrid1884
time6,time2loc,locgrid1885
time6,time2loc,locgrid1886
time6,time2loc,locgrid1887
time6,time2loc,locgrid1888
time6,time2loc,locgrid1889
time6,time2loc,locgrid1890
time6,time2loc,locgrid1891
time6,time2loc,locgrid1892
time6,time2loc,locgrid1893
time6,time2loc,locgrid1894
time6,time2loc,locgrid1895
time6,time2loc,locgrid1896
time6,time2loc,locgrid1897
time6,time2loc,locgrid1898
time6,time2loc,locgrid1899
time6,time2loc,locgrid1900
time6,time2loc,locgrid1901
time6,time2loc,locgrid1902
time6,time2loc,locgrid1903
time6,time2loc,locgrid1904
time6,time2loc,locgrid1905
time6,time2loc,locgrid1906
time6,time2loc,locgrid1907
time6,time2loc,locgrid1908
time6,time2loc,locgrid1909
time6,time2loc,locgrid1910
time6,time2loc,locgrid1911
time6,time2loc,locgrid1912
time6,time2loc,locgrid1913
time6,time2loc,locgrid1914
time6,time2loc,locgrid1915
time6,time2loc,locgrid1916
time6,time2loc,locgrid1917
time6,time2loc,locgrid1918
time6,time2loc,locgrid1919
time6,time2loc,locgrid1920
time6,time2loc,locgrid1921
time6,time2loc,locgrid1922
time6,time2loc,locgrid1923
time6,time2loc,locgrid1924
time6,time2loc,locgrid1925
time6,time2loc,locgrid1926
time6,time2loc,locgrid1927
time6,time2loc,locgrid1928
time6,time2loc,locgrid1929
time6,time2loc,locgrid1930
time6,time2loc,locgrid1931
time6,time2loc,locgrid1932
time6,time2loc,locgrid1933
time6,time2loc,locgrid1934
time6,time2loc,locgrid1935
time6,time2loc,locgrid1936
time6,time2loc,locgrid1937
time6,time2loc,locgrid1938
time6,time2loc,locgrid1939
time6,time2loc,locgrid1940
time6,time2loc,locgrid1941
time6,time2loc,locgrid1942
time6,time2loc,locgrid1943
time6,time2loc,locgrid1944
time6,time2loc,locgrid1945
time6,time2loc,locgrid1946
time6,time2loc,locgrid1947
time6,time2loc,locgrid1948
time6,time2loc,locgrid1949
time6,time2loc,locgrid1950
time6,time2loc,locgrid1951
time6,time2loc,locgrid1952
time6,time2loc,locgrid1953
time6,time2loc,locgrid1954
time6,time2loc,locgrid1955
time6,time2loc,locgrid1956
time6,time2loc,locgrid1957
time6,time2loc,locgrid1958
time6,time2loc,locgrid1959
time6,time2loc,locgrid1960
time6,time2loc,locgrid1961
time6,time2loc,locgrid1962
time6,time2loc,locgrid1963
time6,time2loc,locgrid1964
time6,time2loc,locgrid1965
time6,time2loc,locgrid1966
time6,time2loc,locgrid1967
time6,time2loc,locgrid1968
time6,time2loc,locgrid1969
time6,time2loc,locgrid1970
time6,time2loc,locgrid1971
time6,time2loc,locgrid1972
time6,time2loc,locgrid1973
time6,time2loc,locgrid1974
time6,time2loc,locgrid1975
time6,time2loc,locgrid1976
time6,time2loc,locgrid1977
time6,time2loc,locgrid1978
time6,time2loc,locgrid1979
time6,time2loc,locgrid1980
time6,time2loc,locgrid1981
time6,time2loc,locgrid1982
time6,time2loc,locgrid1983
time6,time2loc,locgrid1984
time6,time2loc,locgrid1985
time6,time2loc,locgrid1986
time6,time2loc,locgrid1987
time6,time2loc,locgrid1988
time6,time2loc,locgrid1989
time6,time2loc,locgrid1990
time6,time2loc,locgrid1991
time6,time2loc,locgrid1992
time6,time2loc,locgrid1993
time6,time2loc,locgrid1994
time6,time2loc,locgrid1995
time6,time2loc,locgrid1996
time6,time2loc,locgrid1997
time6,time2loc,locgrid1998
time6,time2loc,locgrid1999
time6,time2loc,locgrid2000
time6,time2loc,locgrid2001
time6,time2loc,locgrid2002
time6,time2loc,locgrid2003
time6,time2loc,locgrid2004
time6,time2loc,locgrid2005
time6,time2loc,locgrid2006
time6,time2loc,locgrid2007
time6,time2loc,locgrid2008
time6,time2loc,locgrid2009
time6,time2loc,locgrid2010
time6,time2loc,locgrid2011
time6,time2loc,locgrid2012
time6,time2loc,locgrid2013
time6,time2loc,locgrid2014
time6,time2loc,locgrid2015
time6,time2loc,locgrid2016
time6,time2loc,locgrid2017
time6,time2loc,locgrid2018
time7,time2loc,locgrid2019
time7,time2loc,locgrid2020
time7,time2loc,locgrid2021
time7,time2loc,locgrid2022
time7,time2loc,locgrid2023
time7,time2loc,locgrid2024
time7,time2loc,locgrid2025
time7,time2loc,locgrid2026
time7,time2loc,locgrid2027
time7,time2loc,locgrid2028
time7,time2loc,locgrid2029
time7,time2loc,locgrid2030
time7,time2loc,locgrid2031
time7,time2loc,locgrid2032
time7,time2loc,locgrid2033
time7,time2loc,locgrid2034
time7,time2loc,locgrid2035
time7,time2loc,locgrid2036
time7,time2loc,locgrid2037
time7,time2loc,locgrid2038
time7,time2loc,locgrid2039
time7,time2loc,locgrid2040
time7,time2loc,locgrid2041
time7,time2loc,locgrid2042
time7,time2loc,locgrid2043
time7,time2loc,locgrid2044
time7,time2loc,locgrid2045
time7,time2loc,locgrid2046
time7,time2loc,locgrid2047
time7,time2loc,locgrid2048
time7,time2loc,locgrid2049
time7,time2loc,locgrid2050
time7,time2loc,locgrid2051
time7,time2loc,locgrid2052
time7,time2loc,locgrid2053
time7,time2loc,locgrid2054
time7,time2loc,locgrid2055
time7,time2loc,locgrid2056
time7,time2loc,locgrid2057
time7,time2loc,locgrid2058
time7,time2loc,locgrid2059
time7,time2loc,locgrid2060
time7,time2loc,locgrid2061
time7,time2loc,locgrid2062
time7,time2loc,locgrid2063
time7,time2loc,locgrid2064
time7,time2loc,locgrid2065
time7,time2loc,locgrid2066
time7,time2loc,locgrid2067
time7,time2loc,locgrid2068
time7,time2loc,locgrid2069
time7,time2loc,locgrid2070
time7,time2loc,locgrid2071
time7,time2loc,locgrid2072
time7,time2loc,locgrid2073
time7,time2loc,locgrid2074
time7,time2loc,locgrid2075
time7,time2loc,locgrid2076
time7,time2loc,locgrid2077
time7,time2loc,locgrid2078
time7,time2loc,locgrid2079
time7,time2loc,locgrid2080
time7,time2loc,locgrid2081
time7,time2loc,locgrid2082
time7,time2loc,locgrid2083
time7,time2loc,locgrid2084
time7,time2loc,locgrid2085
time7,time2loc,locgrid2086
time7,time2loc,locgrid2087
time7,time2loc,locgrid2088
time7,time2loc,locgrid2089
time7,time2loc,locgrid2090
time7,time2loc,locgrid2091
time7,time2loc,locgrid2092
time7,time2loc,locgrid2093
time7,time2loc,locgrid2094
time7,time2loc,locgrid2095
time7,time2loc,locgrid2096
time7,time2loc,locgrid2097
time7,time2loc,locgrid2098
time7,time2loc,locgrid2099
time7,time2loc,locgrid2100
time7,time2loc,locgrid2101
time7,time2loc,locgrid2102
time7,time2loc,locgrid2103
time7,time2loc,locgrid2104
time7,time2loc,locgrid2105
time7,time2loc,locgrid2106
time7,time2loc,locgrid2107
time7,time2loc,locgrid2108
time7,time2loc,locgrid2109
time7,time2loc,locgrid2110
time7,time2loc,locgrid2111
time7,time2loc,locgrid2112
time7,time2loc,locgrid2113
time7,time2loc,locgrid2114
time7,time2loc,locgrid2115
time7,time2loc,locgrid2116
time7,time2loc,locgrid2117
time7,time2loc,locgrid2118
time7,time2loc,locgrid2119
time7,time2loc,locgrid2120
time7,time2loc,locgrid2121
time7,time2loc,locgrid2122
time7,time2loc,locgrid2123
time7,time2loc,locgrid2124
time7,time2loc,locgrid2125
time7,time2loc,locgrid2126
time7,time2loc,locgrid2127
time7,time2loc,locgrid2128
time7,time2loc,locgrid2129
time7,time2loc,locgrid2130
time7,time2loc,locgrid2131
time7,time2loc,locgrid2132
time7,time2loc,locgrid2133
time7,time2loc,locgrid2134
time7,time2loc,locgrid2135
time7,time2loc,locgrid2136
time7,time2loc,locgrid2137
time7,time2loc,locgrid2138
time7,time2loc,locgrid2139
time7,time2loc,locgrid2140
time7,time2loc,locgrid2141
time7,time2loc,locgrid2142
time7,time2loc,locgrid2143
time7,time2loc,locgrid2144
time7,time2loc,locgrid2145
time7,time2loc,locgrid2146
time7,time2loc,locgrid2147
time7,time2loc,locgrid2148
time7,time2loc,locgrid2149
time7,time2loc,locgrid2150
time7,time2loc,locgrid2151
time7,time2loc,locgrid2152
time7,time2loc,locgrid2153
time7,time2loc,locgrid2154
time7,time2loc,locgrid2155
time7,time2loc,locgrid2156
time7,time2loc,locgrid2157
time7,time2loc,locgrid2158
time7,time2loc,locgrid2159
time7,time2loc,locgrid2160
time7,time2loc,locgrid2161
time7,time2loc,locgrid2162
time7,time2loc,locgrid2163
time7,time2loc,locgrid2164
time7,time2loc,locgrid2165
time7,time2loc,locgrid2166
time7,time2loc,locgrid2167
time7,time2loc,locgrid2168
time7,time2loc,locgrid2169
time7,time2loc,locgrid2170
time7,time2loc,locgrid2171
time7,time2loc,locgrid2172
time7,time2loc,locgrid2173
time7,time2loc,locgrid2174
time7,time2loc,locgrid2175
time7,time2loc,locgrid2176
time7,time2loc,locgrid2177
time7,time2loc,locgrid2178
time7,time2loc,locgrid2179
time7,time2loc,locgrid2180
time7,time2loc,locgrid2181
time7,time2loc,locgrid2182
time7,time2loc,locgrid2183
time7,time2loc,locgrid2184
time7,time2loc,locgrid2185
time7,time2loc,locgrid2186
time7,time2loc,locgrid2187
time7,time2loc,locgrid2188
time7,time2loc,locgrid2189
time7,time2loc,locgrid2190
time7,time2loc,locgrid2191
time7,time2loc,locgrid2192
time7,time2loc,locgrid2193
time7,time2loc,locgrid2194
time7,time2loc,locgrid2195
time7,time2loc,locgrid2196
time7,time2loc,locgrid2197
time7,time2loc,locgrid2198
time7,time2loc,locgrid2199
time7,time2loc,locgrid2200
time7,time2loc,locgrid2201
time7,time2loc,locgrid2202
time7,time2loc,locgrid2203
time7,time2loc,locgrid2204
time7,time2loc,locgrid2205
time7,time2loc,locgrid2206
time7,time2loc,locgrid2207
time7,time2loc,locgrid2208
time7,time2loc,locgrid2209
time7,time2loc,locgrid2210
time7,time2loc,locgrid2211
time7,time2loc,locgrid2212
time7,time2loc,locgrid2213
time7,time2loc,locgrid2214
time7,time2loc,locgrid2215
time7,time2loc,locgrid2216
time7,time2loc,locgrid2217
time7,time2loc,locgrid2218
time7,time2loc,locgrid2219
time7,time2loc,locgrid2220
time7,time2loc,locgrid2221
time7,time2loc,locgrid2222
time7,time2loc,locgrid2223
time7,time2loc,locgrid2224
time7,time2loc,locgrid2225
time7,time2loc,locgrid2226
time7,time2loc,locgrid2227
time7,time2loc,locgrid2228
time7,time2loc,locgrid2229
time7,time2loc,locgrid2230
time7,time2loc,locgrid2231
time7,time2loc,locgrid2232
time7,time2loc,locgrid2233
time7,time2loc,locgrid2234
time7,time2loc,locgrid2235
time7,time2loc,locgrid2236
time7,time2loc,locgrid2237
time7,time2loc,locgrid2238
time7,time2loc,locgrid2239
time7,time2loc,locgrid2240
time7,time2loc,locgrid2241
time7,time2loc,locgrid2242
time7,time2loc,locgrid2243
time7,time2loc,locgrid2244
time7,time2loc,locgrid2245
time7,time2loc,locgrid2246
time7,time2loc,locgrid2247
time7,time2loc,locgrid2248
time7,time2loc,locgrid2249
time7,time2loc,locgrid2250
time7,time2loc,locgrid2251
time7,time2loc,locgrid2252
time7,time2loc,locgrid2253
time7,time2loc,locgrid2254
time7,time2loc,locgrid2255
time7,time2loc,locgrid2256
time7,time2loc,locgrid2257
time7,time2loc,locgrid2258
time7,time2loc,locgrid2259
time7,time2loc,locgrid2260
time7,time2loc,locgrid2261
time7,time2loc,locgrid2262
time7,time2loc,locgrid2263
time7,time2loc,locgrid2264
time7,time2loc,locgrid2265
time7,time2loc,locgrid2266
time7,time2loc,locgrid2267
time7,time2loc,locgrid2268
time7,time2loc,locgrid2269
time7,time2loc,locgrid2270
time7,time2loc,locgrid2271
time7,time2loc,locgrid2272
time7,time2loc,locgrid2273
time7,time2loc,locgrid2274
time7,time2loc,locgrid2275
time7,time2loc,locgrid2276
time7,time2loc,locgrid2277
time7,time2loc,locgrid2278
time7,time2loc,locgrid2279
time7,time2loc,locgrid2280
time7,time2loc,locgrid2281
time7,time2loc,locgrid2282
time7,time2loc,locgrid2283
time7,time2loc,locgrid2284
time7,time2loc,locgrid2285
time7,time2loc,locgrid2286
time7,time2loc,locgrid2287
time7,time2loc,locgrid2288
time7,time2loc,locgrid2289
time7,time2loc,locgrid2290
time7,time2loc,locgrid2291
time7,time2loc,locgrid2292
time7,time2loc,locgrid2293
time7,time2loc,locgrid2294
time7,time2loc,locgrid2295
time7,time2loc,locgrid2296
time7,time2loc,locgrid2297
time7,time2loc,locgrid2298
time7,time2loc,locgrid2299
time7,time2loc,locgrid2300
time7,time2loc,locgrid2301
time7,time2loc,locgrid2302
time7,time2loc,locgrid2303
time7,time2loc,locgrid2304
time7,time2loc,locgrid2305
time7,time2loc,locgrid2306
time7,time2loc,locgrid2307
time7,time2loc,locgrid2308
time7,time2loc,locgrid2309
time7,time2loc,locgrid2310
time7,time2loc,locgrid2311
time7,time2loc,locgrid2312
time7,time2loc,locgrid2313
time7,time2loc,locgrid2314
time7,time2loc,locgrid2315
time7,time2loc,locgrid2316
time7,time2loc,locgrid2317
time7,time2loc,locgrid2318
time7,time2loc,locgrid2319
time7,time2loc,locgrid2320
time7,time2loc,locgrid2321
time7,time2loc,locgrid2322
time8,time2loc,locgrid2323
time8,time2loc,locgrid2324
time8,time2loc,locgrid2325
time8,time2loc,locgrid2326
time8,time2loc,locgrid2327
time8,time2loc,locgrid2328
time8,time2loc,locgrid2329
time8,time2loc,locgrid2330
time8,time2loc,locgrid2331
time8,time2loc,locgrid2332
time8,time2loc,locgrid2333
time8,time2loc,locgrid2334
time8,time2loc,locgrid2335
time8,time2loc,locgrid2336
time8,time2loc,locgrid2337
time8,time2loc,locgrid2338
time8,time2loc,locgrid2339
time8,time2loc,locgrid2340
time8,time2loc,locgrid2341
time8,time2loc,locgrid2342
time8,time2loc,locgrid2343
time8,time2loc,locgrid2344
time8,time2loc,locgrid2345
time8,time2loc,locgrid2346
time8,time2loc,locgrid2347
time8,time2loc,locgrid2348
time8,time2loc,locgrid2349
time8,time2loc,locgrid2350
time8,time2loc,locgrid2351
time8,time2loc,locgrid2352
time8,time2loc,locgrid2353
time8,time2loc,locgrid2354
time8,time2loc,locgrid2355
time8,time2loc,locgrid2356
time8,time2loc,locgrid2357
time8,time2loc,locgrid2358
time8,time2loc,locgrid2359
time8,time2loc,locgrid2360
time8,time2loc,locgrid2361
time8,time2loc,locgrid2362
time8,time2loc,locgrid2363
time8,time2loc,locgrid2364
time8,time2loc,locgrid2365
time8,time2loc,locgrid2366
time8,time2loc,locgrid2367
time8,time2loc,locgrid2368
time8,time2loc,locgrid2369
time8,time2loc,locgrid2370
time8,time2loc,locgrid2371
time8,time2loc,locgrid2372
time8,time2loc,locgrid2373
time8,time2loc,locgrid2374
time8,time2loc,locgrid2375
time8,time2loc,locgrid2376
time8,time2loc,locgrid2377
time8,time2loc,locgrid2378
time8,time2loc,locgrid2379
time8,time2loc,locgrid2380
time8,time2loc,locgrid2381
time8,time2loc,locgrid2382
time8,time2loc,locgrid2383
time8,time2loc,locgrid2384
time8,time2loc,locgrid2385
time8,time2loc,locgrid2386
time8,time2loc,locgrid2387
time8,time2loc,locgrid2388
time8,time2loc,locgrid2389
time8,time2loc,locgrid2390
time8,time2loc,locgrid2391
time8,time2loc,locgrid2392
time8,time2loc,locgrid2393
time8,time2loc,locgrid2394
time8,time2loc,locgrid2395
time8,time2loc,locgrid2396
time8,time2loc,locgrid2397
time8,time2loc,locgrid2398
time8,time2loc,locgrid2399
time8,time2loc,locgrid2400
time8,time2loc,locgrid2401
time8,time2loc,locgrid2402
time8,time2loc,locgrid2403
time8,time2loc,locgrid2404
time8,time2loc,locgrid2405
time8,time2loc,locgrid2406
time8,time2loc,locgrid2407
time8,time2loc,locgrid2408
time8,time2loc,locgrid2409
time8,time2loc,locgrid2410
time8,time2loc,locgrid2411
time8,time2loc,locgrid2412
time8,time2loc,locgrid2413
time8,time2loc,locgrid2414
time8,time2loc,locgrid2415
time8,time2loc,locgrid2416
time8,time2loc,locgrid2417
time8,time2loc,locgrid2418
time8,time2loc,locgrid2419
time8,time2loc,locgrid2420
time8,time2loc,locgrid2421
time8,time2loc,locgrid2422
time8,time2loc,locgrid2423
time8,time2loc,locgrid2424
time8,time2loc,locgrid2425
time8,time2loc,locgrid2426
time8,time2loc,locgrid2427
time8,time2loc,locgrid2428
time8,time2loc,locgrid2429
time8,time2loc,locgrid2430
time8,time2loc,locgrid2431
time8,time2loc,locgrid2432
time8,time2loc,locgrid2433
time8,time2loc,locgrid2434
time8,time2loc,locgrid2435
time8,time2loc,locgrid2436
time8,time2loc,locgrid2437
time8,time2loc,locgrid2438
time8,time2loc,locgrid2439
time8,time2loc,locgrid2440
time8,time2loc,locgrid2441
time8,time2loc,locgrid2442
time8,time2loc,locgrid2443
time8,time2loc,locgrid2444
time8,time2loc,locgrid2445
time8,time2loc,locgrid2446
time8,time2loc,locgrid2447
time8,time2loc,locgrid2448
time8,time2loc,locgrid2449
time8,time2loc,locgrid2450
time8,time2loc,locgrid2451
time8,time2loc,locgrid2452
time8,time2loc,locgrid2453
time8,time2loc,locgrid2454
time8,time2loc,locgrid2455
time8,time2loc,locgrid2456
time8,time2loc,locgrid2457
time8,time2loc,locgrid2458
time8,time2loc,locgrid2459
time8,time2loc,locgrid2460
time8,time2loc,locgrid2461
time8,time2loc,locgrid2462
time8,time2loc,locgrid2463
time8,time2loc,locgrid2464
time8,time2loc,locgrid2465
time8,time2loc,locgrid2466
time8,time2loc,locgrid2467
time8,time2loc,locgrid2468
time8,time2loc,locgrid2469
time8,time2loc,locgrid2470
time8,time2loc,locgrid2471
time8,time2loc,locgrid2472
time8,time2loc,locgrid2473
time8,time2loc,locgrid2474
time8,time2loc,locgrid2475
time8,time2loc,locgrid2476
time8,time2loc,locgrid2477
time8,time2loc,locgrid2478
time8,time2loc,locgrid2479
time8,time2loc,locgrid2480
time8,time2loc,locgrid2481
time8,time2loc,locgrid2482
time8,time2loc,locgrid2483
time8,time2loc,locgrid2484
time8,time2loc,locgrid2485
time8,time2loc,locgrid2486
time8,time2loc,locgrid2487
time8,time2loc,locgrid2488
time8,time2loc,locgrid2489
time8,time2loc,locgrid2490
time8,time2loc,locgrid2491
time8,time2loc,locgrid2492
time8,time2loc,locgrid2493
time8,time2loc,locgrid2494
time8,time2loc,locgrid2495
time8,time2loc,locgrid2496
time8,time2loc,locgrid2497
time8,time2loc,locgrid2498
time8,time2loc,locgrid2499
time8,time2loc,locgrid2500
time8,time2loc,locgrid2501
time8,time2loc,locgrid2502
time8,time2loc,locgrid2503
time8,time2loc,locgrid2504
time8,time2loc,locgrid2505
time8,time2loc,locgrid2506
time8,time2loc,locgrid2507
time8,time2loc,locgrid2508
time8,time2loc,locgrid2509
time8,time2loc,locgrid2510
time8,time2loc,locgrid2511
time8,time2loc,locgrid2512
time8,time2loc,locgrid2513
time8,time2loc,locgrid2514
time8,time2loc,locgrid2515
time8,time2loc,locgrid2516
time8,time2loc,locgrid2517
time8,time2loc,locgrid2518
time8,time2loc,locgrid2519
time8,time2loc,locgrid2520
time8,time2loc,locgrid2521
time8,time2loc,locgrid2522
time8,time2loc,locgrid2523
time8,time2loc,locgrid2524
time8,time2loc,locgrid2525
time8,time2loc,locgrid2526
time8,time2loc,locgrid2527
time8,time2loc,locgrid2528
time8,time2loc,locgrid2529
time8,time2loc,locgrid2530
time8,time2loc,locgrid2531
time8,time2loc,locgrid2532
time8,time2loc,locgrid2533
time8,time2loc,locgrid2534
time8,time2loc,locgrid2535
time8,time2loc,locgrid2536
time8,time2loc,locgrid2537
time8,time2loc,locgrid2538
time8,time2loc,locgrid2539
time8,time2loc,locgrid2540
time8,time2loc,locgrid2541
time8,time2loc,locgrid2542
time8,time2loc,locgrid2543
time8,time2loc,locgrid2544
time8,time2loc,locgrid2545
time8,time2loc,locgrid2546
time8,time2loc,locgrid2547
time8,time2loc,locgrid2548
time8,time2loc,locgrid2549
time8,time2loc,locgrid2550
time8,time2loc,locgrid2551
time8,time2loc,locgrid2552
time8,time2loc,locgrid2553
time8,time2loc,locgrid2554
time8,time2loc,locgrid2555
time8,time2loc,locgrid2556
time8,time2loc,locgrid2557
time8,time2loc,locgrid2558
time8,time2loc,locgrid2559
time8,time2loc,locgrid2560
time8,time2loc,locgrid2561
time8,time2loc,locgrid2562
time8,time2loc,locgrid2563
time8,time2loc,locgrid2564
time8,time2loc,locgrid2565
time8,time2loc,locgrid2566
time8,time2loc,locgrid2567
time8,time2loc,locgrid2568
time8,time2loc,locgrid2569
time8,time2loc,locgrid2570
time8,time2loc,locgrid2571
time8,time2loc,locgrid2572
time8,time2loc,locgrid2573
time8,time2loc,locgrid2574
time8,time2loc,locgrid2575
time8,time2loc,locgrid2576
time8,time2loc,locgrid2577
time8,time2loc,locgrid2578
time8,time2loc,locgrid2579
time8,time2loc,locgrid2580
time8,time2loc,locgrid2581
time8,time2loc,locgrid2582
time8,time2loc,locgrid2583
time8,time2loc,locgrid2584
time8,time2loc,locgrid2585
time8,time2loc,locgrid2586
time8,time2loc,locgrid2587
time8,time2loc,locgrid2588
time8,time2loc,locgrid2589
time8,time2loc,locgrid2590
time8,time2loc,locgrid2591
time8,time2loc,locgrid2592
time8,time2loc,locgrid2593
time8,time2loc,locgrid2594
time8,time2loc,locgrid2595
time8,time2loc,locgrid2596
time8,time2loc,locgrid2597
time8,time2loc,locgrid2598
time8,time2loc,locgrid2599
time8,time2loc,locgrid2600
time8,time2loc,locgrid2601
time8,time2loc,locgrid2602
time8,time2loc,locgrid2603
time8,time2loc,locgrid2604
time8,time2loc,locgrid2605
time8,time2loc,locgrid2606
time8,time2loc,locgrid2607
time8,time2loc,locgrid2608
time8,time2loc,locgrid2609
time8,time2loc,locgrid2610
time8,time2loc,locgrid2611
time8,time2loc,locgrid2612
time8,time2loc,locgrid2613
time8,time2loc,locgrid2614
time8,time2loc,locgrid2615
time8,time2loc,locgrid2616
time8,time2loc,locgrid2617
time8,time2loc,locgrid2618
time8,time2loc,locgrid2619
time8,time2loc,locgrid2620
time8,time2loc,locgrid2621
time8,time2loc,locgrid2622
time9,time2loc,locgrid2623
time9,time2loc,locgrid2624
time9,time2loc,locgrid2625
time9,time2loc,locgrid2626
time9,time2loc,locgrid2627
time9,time2loc,locgrid2628
time9,time2loc,locgrid2629
time9,time2loc,locgrid2630
time9,time2loc,locgrid2631
time9,time2loc,locgrid2632
time9,time2loc,locgrid2633
time9,time2loc,locgrid2634
time9,time2loc,locgrid2635
time9,time2loc,locgrid2636
time9,time2loc,locgrid2637
time9,time2loc,locgrid2638
time9,time2loc,locgrid2639
time9,time2loc,locgrid2640
time9,time2loc,locgrid2641
time9,time2loc,locgrid2642
time9,time2loc,locgrid2643
time9,time2loc,locgrid2644
time9,time2loc,locgrid2645
time9,time2loc,locgrid2646
time9,time2loc,locgrid2647
time9,time2loc,locgrid2648
time9,time2loc,locgrid2649
time9,time2loc,locgrid2650
time9,time2loc,locgrid2651
time9,time2loc,locgrid2652
time9,time2loc,locgrid2653
time9,time2loc,locgrid2654
time9,time2loc,locgrid2655
time9,time2loc,locgrid2656
time9,time2loc,locgrid2657
time9,time2loc,locgrid2658
time9,time2loc,locgrid2659
time9,time2loc,locgrid2660
time9,time2loc,locgrid2661
time9,time2loc,locgrid2662
time9,time2loc,locgrid2663
time9,time2loc,locgrid2664
time9,time2loc,locgrid2665
time9,time2loc,locgrid2666
time9,time2loc,locgrid2667
time9,time2loc,locgrid2668
time9,time2loc,locgrid2669
time9,time2loc,locgrid2670
time9,time2loc,locgrid2671
time9,time2loc,locgrid2672
time9,time2loc,locgrid2673
time9,time2loc,locgrid2674
time9,time2loc,locgrid2675
time9,time2loc,locgrid2676
time9,time2loc,locgrid2677
time9,time2loc,locgrid2678
time9,time2loc,locgrid2679
time9,time2loc,locgrid2680
time9,time2loc,locgrid2681
time9,time2loc,locgrid2682
time9,time2loc,locgrid2683
time9,time2loc,locgrid2684
time9,time2loc,locgrid2685
time9,time2loc,locgrid2686
time9,time2loc,locgrid2687
time9,time2loc,locgrid2688
time9,time2loc,locgrid2689
time9,time2loc,locgrid2690
time9,time2loc,locgrid2691
time9,time2loc,locgrid2692
time9,time2loc,locgrid2693
time9,time2loc,locgrid2694
time9,time2loc,locgrid2695
time9,time2loc,locgrid2696
time9,time2loc,locgrid2697
time9,time2loc,locgrid2698
time9,time2loc,locgrid2699
time9,time2loc,locgrid2700
time9,time2loc,locgrid2701
time9,time2loc,locgrid2702
time9,time2loc,locgrid2703
time9,time2loc,locgrid2704
time9,time2loc,locgrid2705
time9,time2loc,locgrid2706
time9,time2loc,locgrid2707
time9,time2loc,locgrid2708
time9,time2loc,locgrid2709
time9,time2loc,locgrid2710
time9,time2loc,locgrid2711
time9,time2loc,locgrid2712
time9,time2loc,locgrid2713
time9,time2loc,locgrid2714
time9,time2loc,locgrid2715
time9,time2loc,locgrid2716
time9,time2loc,locgrid2717
time9,time2loc,locgrid2718
time9,time2loc,locgrid2719
time9,time2loc,locgrid2720
time9,time2loc,locgrid2721
time9,time2loc,locgrid2722
time9,time2loc,locgrid2723
time9,time2loc,locgrid2724
time9,time2loc,locgrid2725
time9,time2loc,locgrid2726
time9,time2loc,locgrid2727
time9,time2loc,locgrid2728
time9,time2loc,locgrid2729
time9,time2loc,locgrid2730
time9,time2loc,locgrid2731
time9,time2loc,locgrid2732
time9,time2loc,locgrid2733
time9,time2loc,locgrid2734
time9,time2loc,locgrid2735
time9,time2loc,locgrid2736
time9,time2loc,locgrid2737
time9,time2loc,locgrid2738
time9,time2loc,locgrid2739
time9,time2loc,locgrid2740
time9,time2loc,locgrid2741
time9,time2loc,locgrid2742
time9,time2loc,locgrid2743
time9,time2loc,locgrid2744
time9,time2loc,locgrid2745
time9,time2loc,locgrid2746
time9,time2loc,locgrid2747
time9,time2loc,locgrid2748
time9,time2loc,locgrid2749
time9,time2loc,locgrid2750
time9,time2loc,locgrid2751
time9,time2loc,locgrid2752
time9,time2loc,locgrid2753
time9,time2loc,locgrid2754
time9,time2loc,locgrid2755
time9,time2loc,locgrid2756
time9,time2loc,locgrid2757
time9,time2loc,locgrid2758
time9,time2loc,locgrid2759
time9,time2loc,locgrid2760
time9,time2loc,locgrid2761
time9,time2loc,locgrid2762
time9,time2loc,locgrid2763
time9,time2loc,locgrid2764
time9,time2loc,locgrid2765
time9,time2loc,locgrid2766
time9,time2loc,locgrid2767
time9,time2loc,locgrid2768
time9,time2loc,locgrid2769
time9,time2loc,locgrid2770
time9,time2loc,locgrid2771
time9,time2loc,locgrid2772
time9,time2loc,locgrid2773
time9,time2loc,locgrid2774
time9,time2loc,locgrid2775
time9,time2loc,locgrid2776
time9,time2loc,locgrid2777
time9,time2loc,locgrid2778
time9,time2loc,locgrid2779
time9,time2loc,locgrid2780
time9,time2loc,locgrid2781
time9,time2loc,locgrid2782
time9,time2loc,locgrid2783
time9,time2loc,locgrid2784
time9,time2loc,locgrid2785
time9,time2loc,locgrid2786
time9,time2loc,locgrid2787
time9,time2loc,locgrid2788
time9,time2loc,locgrid2789
time9,time2loc,locgrid2790
time9,time2loc,locgrid2791
time9,time2loc,locgrid2792
time9,time2loc,locgrid2793
time9,time2loc,locgrid2794
time9,time2loc,locgrid2795
time9,time2loc,locgrid2796
time9,time2loc,locgrid2797
time9,time2loc,locgrid2798
time9,time2loc,locgrid2799
time9,time2loc,locgrid2800
time9,time2loc,locgrid2801
time9,time2loc,locgrid2802
time9,time2loc,locgrid2803
time9,time2loc,locgrid2804
time9,time2loc,locgrid2805
time9,time2loc,locgrid2806
time9,time2loc,locgrid2807
time9,time2loc,locgrid2808
time9,time2loc,locgrid2809
time9,time2loc,locgrid2810
time9,time2loc,locgrid2811
time9,time2loc,locgrid2812
time9,time2loc,locgrid2813
time9,time2loc,locgrid2814
time9,time2loc,locgrid2815
time9,time2loc,locgrid2816
time9,time2loc,locgrid2817
time9,time2loc,locgrid2818
time9,time2loc,locgrid2819
time9,time2loc,locgrid2820
time9,time2loc,locgrid2821
time9,time2loc,locgrid2822
time9,time2loc,locgrid2823
time9,time2loc,locgrid2824
time9,time2loc,locgrid2825
time9,time2loc,locgrid2826
time9,time2loc,locgrid2827
time9,time2loc,locgrid2828
time9,time2loc,locgrid2829
time9,time2loc,locgrid2830
time9,time2loc,locgrid2831
time9,time2loc,locgrid2832
time9,time2loc,locgrid2833
time9,time2loc,locgrid2834
time9,time2loc,locgrid2835
time9,time2loc,locgrid2836
time9,time2loc,locgrid2837
time9,time2loc,locgrid2838
time9,time2loc,locgrid2839
time9,time2loc,locgrid2840
time9,time2loc,locgrid2841
time9,time2loc,locgrid2842
time9,time2loc,locgrid2843
time9,time2loc,locgrid2844
time9,time2loc,locgrid2845
time9,time2loc,locgrid2846
time9,time2loc,locgrid2847
time9,time2loc,locgrid2848
time9,time2loc,locgrid2849
time9,time2loc,locgrid2850
time9,time2loc,locgrid2851
time9,time2loc,locgrid2852
time9,time2loc,locgrid2853
time9,time2loc,locgrid2854
time9,time2loc,locgrid2855
time9,time2loc,locgrid2856
time9,time2loc,locgrid2857
time9,time2loc,locgrid2858
time9,time2loc,locgrid2859
time9,time2loc,locgrid2860
time9,time2loc,locgrid2861
time9,time2loc,locgrid2862
time9,time2loc,locgrid2863
time9,time2loc,locgrid2864
time9,time2loc,locgrid2865
time9,time2loc,locgrid2866
time9,time2loc,locgrid2867
time9,time2loc,locgrid2868
time9,time2loc,locgrid2869
time9,time2loc,locgrid2870
time9,time2loc,locgrid2871
time9,time2loc,locgrid2872
time9,time2loc,locgrid2873
time9,time2loc,locgrid2874
time9,time2loc,locgrid2875
time9,time2loc,locgrid2876
time9,time2loc,locgrid2877
time9,time2loc,locgrid2878
time9,time2loc,locgrid2879
time9,time2loc,locgrid2880
time9,time2loc,locgrid2881
time9,time2loc,locgrid2882
time9,time2loc,locgrid2883
time9,time2loc,locgrid2884
time9,time2loc,locgrid2885
time9,time2loc,locgrid2886
time9,time2loc,locgrid2887
time9,time2loc,locgrid2888
time9,time2loc,locgrid2889
time9,time2loc,locgrid2890
time9,time2loc,locgrid2891
time9,time2loc,locgrid2892
time9,time2loc,locgrid2893
time9,time2loc,locgrid2894
time9,time2loc,locgrid2895
time9,time2loc,locgrid2896
time9,time2loc,locgrid2897
time9,time2loc,locgrid2898
time9,time2loc,locgrid2899
time9,time2loc,locgrid2900
time9,time2loc,locgrid2901
time9,time2loc,locgrid2902
time9,time2loc,locgrid2903
time9,time2loc,locgrid2904
time9,time2loc,locgrid2905
time9,time2loc,locgrid2906
time9,time2loc,locgrid2907
time9,time2loc,locgrid2908
time9,time2loc,locgrid2909
time9,time2loc,locgrid2910
time9,time2loc,locgrid2911
time9,time2loc,locgrid2912
time9,time2loc,locgrid2913
time9,time2loc,locgrid2914
time9,time2loc,locgrid2915
time9,time2loc,locgrid2916
time9,time2loc,locgrid2917
time9,time2loc,locgrid2918
time9,time2loc,locgrid2919
time9,time2loc,locgrid2920
time9,time2loc,locgrid2921
time9,time2loc,locgrid2922
time9,time2loc,locgrid2923
time9,time2loc,locgrid2924
time9,time2loc,locgrid2925
time9,time2loc,locgrid2926
time9,time2loc,locgrid2927
time9,time2loc,locgrid2928
time9,time2loc,locgrid2929
time9,time2loc,locgrid2930
time9,time2loc,locgrid2931
time9,time2loc,locgrid2932
time9,time2loc,locgrid2933
time10,time2loc,locgrid2934
time10,time2loc,locgrid2935
time10,time2loc,locgrid2936
time10,time2loc,locgrid2937
time10,time2loc,locgrid2938
time10,time2loc,locgrid2939
time10,time2loc,locgrid2940
time10,time2loc,locgrid2941
time10,time2loc,locgrid2942
time10,time2loc,locgrid2943
time10,time2loc,locgrid2944
time10,time2loc,locgrid2945
time10,time2loc,locgrid2946
time10,time2loc,locgrid2947
time10,time2loc,locgrid2948
time10,time2loc,locgrid2949
time10,time2loc,locgrid2950
time10,time2loc,locgrid2951
time10,time2loc,locgrid2952
time10,time2loc,locgrid2953
time10,time2loc,locgrid2954
time10,time2loc,locgrid2955
time10,time2loc,locgrid2956
time10,time2loc,locgrid2957
time10,time2loc,locgrid2958
time10,time2loc,locgrid2959
time10,time2loc,locgrid2960
time10,time2loc,locgrid2961
time10,time2loc,locgrid2962
time10,time2loc,locgrid2963
time10,time2loc,locgrid2964
time10,time2loc,locgrid2965
time10,time2loc,locgrid2966
time10,time2loc,locgrid2967
time10,time2loc,locgrid2968
time10,time2loc,locgrid2969
time10,time2loc,locgrid2970
time10,time2loc,locgrid2971
time10,time2loc,locgrid2972
time10,time2loc,locgrid2973
time10,time2loc,locgrid2974
time10,time2loc,locgrid2975
time10,time2loc,locgrid2976
time10,time2loc,locgrid2977
time10,time2loc,locgrid2978
time10,time2loc,locgrid2979
time10,time2loc,locgrid2980
time10,time2loc,locgrid2981
time10,time2loc,locgrid2982
time10,time2loc,locgrid2983
time10,time2loc,locgrid2984
time10,time2loc,locgrid2985
time10,time2loc,locgrid2986
time10,time2loc,locgrid2987
time10,time2loc,locgrid2988
time10,time2loc,locgrid2989
time10,time2loc,locgrid2990
time10,time2loc,locgrid2991
time10,time2loc,locgrid2992
time10,time2loc,locgrid2993
time10,time2loc,locgrid2994
time10,time2loc,locgrid2995
time10,time2loc,locgrid2996
time10,time2loc,locgrid2997
time10,time2loc,locgrid2998
time10,time2loc,locgrid2999
time10,time2loc,locgrid3000
time10,time2loc,locgrid3001
time10,time2loc,locgrid3002
time10,time2loc,locgrid3003
time10,time2loc,locgrid3004
time10,time2loc,locgrid3005
time10,time2loc,locgrid3006
time10,time2loc,locgrid3007
time10,time2loc,locgrid3008
time10,time2loc,locgrid3009
time10,time2loc,locgrid3010
time10,time2loc,locgrid3011
time10,time2loc,locgrid3012
time10,time2loc,locgrid3013
time10,time2loc,locgrid3014
time10,time2loc,locgrid3015
time10,time2loc,locgrid3016
time10,time2loc,locgrid3017
time10,time2loc,locgrid3018
time10,time2loc,locgrid3019
time10,time2loc,locgrid3020
time10,time2loc,locgrid3021
time10,time2loc,locgrid3022
time10,time2loc,locgrid3023
time10,time2loc,locgrid3024
time10,time2loc,locgrid3025
time10,time2loc,locgrid3026
time10,time2loc,locgrid3027
time10,time2loc,locgrid3028
time10,time2loc,locgrid3029
time10,time2loc,locgrid3030
time10,time2loc,locgrid3031
time10,time2loc,locgrid3032
time10,time2loc,locgrid3033
time10,time2loc,locgrid3034
time10,time2loc,locgrid3035
time10,time2loc,locgrid3036
time10,time2loc,locgrid3037
time10,time2loc,locgrid3038
time10,time2loc,locgrid3039
time10,time2loc,locgrid3040
time10,time2loc,locgrid3041
time10,time2loc,locgrid3042
time10,time2loc,locgrid3043
time10,time2loc,locgrid3044
time10,time2loc,locgrid3045
time10,time2loc,locgrid3046
time10,time2loc,locgrid3047
time10,time2loc,locgrid3048
time10,time2loc,locgrid3049
time10,time2loc,locgrid3050
time10,time2loc,locgrid3051
time10,time2loc,locgrid3052
time10,time2loc,locgrid3053
time10,time2loc,locgrid3054
time10,time2loc,locgrid3055
time10,time2loc,locgrid3056
time10,time2loc,locgrid3057
time10,time2loc,locgrid3058
time10,time2loc,locgrid3059
time10,time2loc,locgrid3060
time10,time2loc,locgrid3061
time10,time2loc,locgrid3062
time10,time2loc,locgrid3063
time10,time2loc,locgrid3064
time10,time2loc,locgrid3065
time10,time2loc,locgrid3066
time10,time2loc,locgrid3067
time10,time2loc,locgrid3068
time10,time2loc,locgrid3069
time10,time2loc,locgrid3070
time10,time2loc,locgrid3071
time10,time2loc,locgrid3072
time10,time2loc,locgrid3073
time10,time2loc,locgrid3074
time10,time2loc,locgrid3075
time10,time2loc,locgrid3076
time10,time2loc,locgrid3077
time10,time2loc,locgrid3078
time10,time2loc,locgrid3079
time10,time2loc,locgrid3080
time10,time2loc,locgrid3081
time10,time2loc,locgrid3082
time10,time2loc,locgrid3083
time10,time2loc,locgrid3084
time10,time2loc,locgrid3085
time10,time2loc,locgrid3086
time10,time2loc,locgrid3087
time10,time2loc,locgrid3088
time10,time2loc,locgrid3089
time10,time2loc,locgrid3090
time10,time2loc,locgrid3091
time10,time2loc,locgrid3092
time10,time2loc,locgrid3093
time10,time2loc,locgrid3094
time10,time2loc,locgrid3095
time10,time2loc,locgrid3096
time10,time2loc,locgrid3097
time10,time2loc,locgrid3098
time10,time2loc,locgrid3099
time10,time2loc,locgrid3100
time10,time2loc,locgrid3101
time10,time2loc,locgrid3102
time10,time2loc,locgrid3103
time10,time2loc,locgrid3104
time10,time2loc,locgrid3105
time10,time2loc,locgrid3106
time10,time2loc,locgrid3107
time10,time2loc,locgrid3108
time10,time2loc,locgrid3109
time10,time2loc,locgrid3110
time10,time2loc,locgrid3111
time10,time2loc,locgrid3112
time10,time2loc,locgrid3113
time10,time2loc,locgrid3114
time10,time2loc,locgrid3115
time10,time2loc,locgrid3116
time10,time2loc,locgrid3117
time10,time2loc,locgrid3118
time10,time2loc,locgrid3119
time10,time2loc,locgrid3120
time10,time2loc,locgrid3121
time10,time2loc,locgrid3122
time10,time2loc,locgrid3123
time10,time2loc,locgrid3124
time10,time2loc,locgrid3125
time10,time2loc,locgrid3126
time10,time2loc,locgrid3127
time10,time2loc,locgrid3128
time10,time2loc,locgrid3129
time10,time2loc,locgrid3130
time10,time2loc,locgrid3131
time10,time2loc,locgrid3132
time10,time2loc,locgrid3133
time10,time2loc,locgrid3134
time10,time2loc,locgrid3135
time10,time2loc,locgrid3136
time10,time2loc,locgrid3137
time10,time2loc,locgrid3138
time10,time2loc,locgrid3139
time10,time2loc,locgrid3140
time10,time2loc,locgrid3141
time10,time2loc,locgrid3142
time10,time2loc,locgrid3143
time10,time2loc,locgrid3144
time10,time2loc,locgrid3145
time10,time2loc,locgrid3146
time10,time2loc,locgrid3147
time10,time2loc,locgrid3148
time10,time2loc,locgrid3149
time10,time2loc,locgrid3150
time10,time2loc,locgrid3151
time10,time2loc,locgrid3152
time10,time2loc,locgrid3153
time10,time2loc,locgrid3154
time10,time2loc,locgrid3155
time10,time2loc,locgrid3156
time10,time2loc,locgrid3157
time10,time2loc,locgrid3158
time10,time2loc,locgrid3159
time10,time2loc,locgrid3160
time10,time2loc,locgrid3161
time10,time2loc,locgrid3162
time10,time2loc,locgrid3163
time10,time2loc,locgrid3164
time10,time2loc,locgrid3165
time10,time2loc,locgrid3166
time10,time2loc,locgrid3167
time10,time2loc,locgrid3168
time10,time2loc,locgrid3169
time10,time2loc,locgrid3170
time10,time2loc,locgrid3171
time10,time2loc,locgrid3172
time10,time2loc,locgrid3173
time10,time2loc,locgrid3174
time10,time2loc,locgrid3175
time10,time2loc,locgrid3176
time10,time2loc,locgrid3177
time10,time2loc,locgrid3178
time10,time2loc,locgrid3179
time10,time2loc,locgrid3180
time10,time2loc,locgrid3181
time10,time2loc,locgrid3182
time10,time2loc,locgrid3183
time10,time2loc,locgrid3184
time10,time2loc,locgrid3185
time10,time2loc,locgrid3186
time10,time2loc,locgrid3187
time10,time2loc,locgrid3188
time10,time2loc,locgrid3189
time10,time2loc,locgrid3190
time10,time2loc,locgrid3191
time10,time2loc,locgrid3192
time10,time2loc,locgrid3193
time10,time2loc,locgrid3194
time10,time2loc,locgrid3195
time10,time2loc,locgrid3196
time10,time2loc,locgrid3197
time10,time2loc,locgrid3198
time10,time2loc,locgrid3199
time10,time2loc,locgrid3200
time10,time2loc,locgrid3201
time10,time2loc,locgrid3202
time10,time2loc,locgrid3203
time10,time2loc,locgrid3204
time10,time2loc,locgrid3205
time10,time2loc,locgrid3206
time10,time2loc,locgrid3207
time10,time2loc,locgrid3208
time10,time2loc,locgrid3209
time10,time2loc,locgrid3210
time10,time2loc,locgrid3211
time10,time2loc,locgrid3212
time10,time2loc,locgrid3213
time10,time2loc,locgrid3214
time10,time2loc,locgrid3215
time10,time2loc,locgrid3216
time10,time2loc,locgrid3217
time10,time2loc,locgrid3218
time10,time2loc,locgrid3219
time10,time2loc,locgrid3220
time10,time2loc,locgrid3221
time10,time2loc,locgrid3222
time10,time2loc,locgrid3223
time10,time2loc,locgrid3224
time10,time2loc,locgrid3225
time10,time2loc,locgrid3226
time10,time2loc,locgrid3227
time10,time2loc,locgrid3228
time10,time2loc,locgrid3229
time10,time2loc,locgrid3230
time10,time2loc,locgrid3231
time10,time2loc,locgrid3232
time10,time2loc,locgrid3233
time10,time2loc,locgrid3234
time10,time2loc,locgrid3235
time10,time2loc,locgrid3236
time10,time2loc,locgrid3237
time10,time2loc,locgrid3238
time10,time2loc,locgrid3239
time10,time2loc,locgrid3240
time10,time2loc,locgrid3241
time10,time2loc,locgrid3242
time10,time2loc,locgrid3243
time10,time2loc,locgrid3244
time10,time2loc,locgrid3245
time10,time2loc,locgrid3246
time10,time2loc,locgrid3247
time10,time2loc,locgrid3248
time10,time2loc,locgrid3249
time10,time2loc,locgrid3250
time11,time2loc,locgrid3251
time11,time2loc,locgrid3252
time11,time2loc,locgrid3253
time11,time2loc,locgrid3254
time11,time2loc,locgrid3255
time11,time2loc,locgrid3256
time11,time2loc,locgrid3257
time11,time2loc,locgrid3258
time11,time2loc,locgrid3259
time11,time2loc,locgrid3260
time11,time2loc,locgrid3261
time11,time2loc,locgrid3262
time11,time2loc,locgrid3263
time11,time2loc,locgrid3264
time11,time2loc,locgrid3265
time11,time2loc,locgrid3266
time11,time2loc,locgrid3267
time11,time2loc,locgrid3268
time11,time2loc,locgrid3269
time11,time2loc,locgrid3270
time11,time2loc,locgrid3271
time11,time2loc,locgrid3272
time11,time2loc,locgrid3273
time11,time2loc,locgrid3274
time11,time2loc,locgrid3275
time11,time2loc,locgrid3276
time11,time2loc,locgrid3277
time11,time2loc,locgrid3278
time11,time2loc,locgrid3279
time11,time2loc,locgrid3280
time11,time2loc,locgrid3281
time11,time2loc,locgrid3282
time11,time2loc,locgrid3283
time11,time2loc,locgrid3284
time11,time2loc,locgrid3285
time11,time2loc,locgrid3286
time11,time2loc,locgrid3287
time11,time2loc,locgrid3288
time11,time2loc,locgrid3289
time11,time2loc,locgrid3290
time11,time2loc,locgrid3291
time11,time2loc,locgrid3292
time11,time2loc,locgrid3293
time11,time2loc,locgrid3294
time11,time2loc,locgrid3295
time11,time2loc,locgrid3296
time11,time2loc,locgrid3297
time11,time2loc,locgrid3298
time11,time2loc,locgrid3299
time11,time2loc,locgrid3300
time11,time2loc,locgrid3301
time11,time2loc,locgrid3302
time11,time2loc,locgrid3303
time11,time2loc,locgrid3304
time11,time2loc,locgrid3305
time11,time2loc,locgrid3306
time11,time2loc,locgrid3307
time11,time2loc,locgrid3308
time11,time2loc,locgrid3309
time11,time2loc,locgrid3310
time11,time2loc,locgrid3311
time11,time2loc,locgrid3312
time11,time2loc,locgrid3313
time11,time2loc,locgrid3314
time11,time2loc,locgrid3315
time11,time2loc,locgrid3316
time11,time2loc,locgrid3317
time11,time2loc,locgrid3318
time11,time2loc,locgrid3319
time11,time2loc,locgrid3320
time11,time2loc,locgrid3321
time11,time2loc,locgrid3322
time11,time2loc,locgrid3323
time11,time2loc,locgrid3324
time11,time2loc,locgrid3325
time11,time2loc,locgrid3326
time11,time2loc,locgrid3327
time11,time2loc,locgrid3328
time11,time2loc,locgrid3329
time11,time2loc,locgrid3330
time11,time2loc,locgrid3331
time11,time2loc,locgrid3332
time11,time2loc,locgrid3333
time11,time2loc,locgrid3334
time11,time2loc,locgrid3335
time11,time2loc,locgrid3336
time11,time2loc,locgrid3337
time11,time2loc,locgrid3338
time11,time2loc,locgrid3339
time11,time2loc,locgrid3340
time11,time2loc,locgrid3341
time11,time2loc,locgrid3342
time11,time2loc,locgrid3343
time11,time2loc,locgrid3344
time11,time2loc,locgrid3345
time11,time2loc,locgrid3346
time11,time2loc,locgrid3347
time11,time2loc,locgrid3348
time11,time2loc,locgrid3349
time11,time2loc,locgrid3350
time11,time2loc,locgrid3351
time11,time2loc,locgrid3352
time11,time2loc,locgrid3353
time11,time2loc,locgrid3354
time11,time2loc,locgrid3355
time11,time2loc,locgrid3356
time11,time2loc,locgrid3357
time11,time2loc,locgrid3358
time11,time2loc,locgrid3359
time11,time2loc,locgrid3360
time11,time2loc,locgrid3361
time11,time2loc,locgrid3362
time11,time2loc,locgrid3363
time11,time2loc,locgrid3364
time11,time2loc,locgrid3365
time11,time2loc,locgrid3366
time11,time2loc,locgrid3367
time11,time2loc,locgrid3368
time11,time2loc,locgrid3369
time11,time2loc,locgrid3370
time11,time2loc,locgrid3371
time11,time2loc,locgrid3372
time11,time2loc,locgrid3373
time11,time2loc,locgrid3374
time11,time2loc,locgrid3375
time11,time2loc,locgrid3376
time11,time2loc,locgrid3377
time11,time2loc,locgrid3378
time11,time2loc,locgrid3379
time11,time2loc,locgrid3380
time11,time2loc,locgrid3381
time11,time2loc,locgrid3382
time11,time2loc,locgrid3383
time11,time2loc,locgrid3384
time11,time2loc,locgrid3385
time11,time2loc,locgrid3386
time11,time2loc,locgrid3387
time11,time2loc,locgrid3388
time11,time2loc,locgrid3389
time11,time2loc,locgrid3390
time11,time2loc,locgrid3391
time11,time2loc,locgrid3392
time11,time2loc,locgrid3393
time11,time2loc,locgrid3394
time11,time2loc,locgrid3395
time11,time2loc,locgrid3396
time11,time2loc,locgrid3397
time11,time2loc,locgrid3398
time11,time2loc,locgrid3399
time11,time2loc,locgrid3400
time11,time2loc,locgrid3401
time11,time2loc,locgrid3402
time11,time2loc,locgrid3403
time11,time2loc,locgrid3404
time11,time2loc,locgrid3405
time11,time2loc,locgrid3406
time11,time2loc,locgrid3407
time11,time2loc,locgrid3408
time11,time2loc,locgrid3409
time11,time2loc,locgrid3410
time11,time2loc,locgrid3411
time11,time2loc,locgrid3412
time11,time2loc,locgrid3413
time11,time2loc,locgrid3414
time11,time2loc,locgrid3415
time11,time2loc,locgrid3416
time11,time2loc,locgrid3417
time11,time2loc,locgrid3418
time11,time2loc,locgrid3419
time11,time2loc,locgrid3420
time11,time2loc,locgrid3421
time11,time2loc,locgrid3422
time11,time2loc,locgrid3423
time11,time2loc,locgrid3424
time11,time2loc,locgrid3425
time11,time2loc,locgrid3426
time11,time2loc,locgrid3427
time11,time2loc,locgrid3428
time11,time2loc,locgrid3429
time11,time2loc,locgrid3430
time11,time2loc,locgrid3431
time11,time2loc,locgrid3432
time11,time2loc,locgrid3433
time11,time2loc,locgrid3434
time11,time2loc,locgrid3435
time11,time2loc,locgrid3436
time11,time2loc,locgrid3437
time11,time2loc,locgrid3438
time11,time2loc,locgrid3439
time11,time2loc,locgrid3440
time11,time2loc,locgrid3441
time11,time2loc,locgrid3442
time11,time2loc,locgrid3443
time11,time2loc,locgrid3444
time11,time2loc,locgrid3445
time11,time2loc,locgrid3446
time11,time2loc,locgrid3447
time11,time2loc,locgrid3448
time11,time2loc,locgrid3449
time11,time2loc,locgrid3450
time11,time2loc,locgrid3451
time11,time2loc,locgrid3452
time11,time2loc,locgrid3453
time11,time2loc,locgrid3454
time11,time2loc,locgrid3455
time11,time2loc,locgrid3456
time11,time2loc,locgrid3457
time11,time2loc,locgrid3458
time11,time2loc,locgrid3459
time11,time2loc,locgrid3460
time11,time2loc,locgrid3461
time11,time2loc,locgrid3462
time11,time2loc,locgrid3463
time11,time2loc,locgrid3464
time11,time2loc,locgrid3465
time11,time2loc,locgrid3466
time11,time2loc,locgrid3467
time11,time2loc,locgrid3468
time11,time2loc,locgrid3469
time11,time2loc,locgrid3470
time11,time2loc,locgrid3471
time11,time2loc,locgrid3472
time11,time2loc,locgrid3473
time11,time2loc,locgrid3474
time11,time2loc,locgrid3475
time11,time2loc,locgrid3476
time11,time2loc,locgrid3477
time11,time2loc,locgrid3478
time11,time2loc,locgrid3479
time11,time2loc,locgrid3480
time11,time2loc,locgrid3481
time11,time2loc,locgrid3482
time11,time2loc,locgrid3483
time11,time2loc,locgrid3484
time11,time2loc,locgrid3485
time11,time2loc,locgrid3486
time11,time2loc,locgrid3487
time11,time2loc,locgrid3488
time11,time2loc,locgrid3489
time11,time2loc,locgrid3490
time11,time2loc,locgrid3491
time11,time2loc,locgrid3492
time11,time2loc,locgrid3493
time11,time2loc,locgrid3494
time11,time2loc,locgrid3495
time11,time2loc,locgrid3496
time11,time2loc,locgrid3497
time11,time2loc,locgrid3498
time11,time2loc,locgrid3499
time11,time2loc,locgrid3500
time11,time2loc,locgrid3501
time11,time2loc,locgrid3502
time11,time2loc,locgrid3503
time11,time2loc,locgrid3504
time11,time2loc,locgrid3505
time11,time2loc,locgrid3506
time11,time2loc,locgrid3507
time11,time2loc,locgrid3508
time11,time2loc,locgrid3509
time11,time2loc,locgrid3510
time11,time2loc,locgrid3511
time11,time2loc,locgrid3512
time11,time2loc,locgrid3513
time11,time2loc,locgrid3514
time11,time2loc,locgrid3515
time11,time2loc,locgrid3516
time11,time2loc,locgrid3517
time11,time2loc,locgrid3518
time11,time2loc,locgrid3519
time11,time2loc,locgrid3520
time11,time2loc,locgrid3521
time11,time2loc,locgrid3522
time11,time2loc,locgrid3523
time11,time2loc,locgrid3524
time11,time2loc,locgrid3525
time11,time2loc,locgrid3526
time11,time2loc,locgrid3527
time11,time2loc,locgrid3528
time11,time2loc,locgrid3529
time11,time2loc,locgrid3530
time11,time2loc,locgrid3531
time11,time2loc,locgrid3532
time11,time2loc,locgrid3533
time11,time2loc,locgrid3534
time11,time2loc,locgrid3535
time11,time2loc,locgrid3536
time11,time2loc,locgrid3537
time11,time2loc,locgrid3538
time11,time2loc,locgrid3539
time11,time2loc,locgrid3540
time11,time2loc,locgrid3541
time11,time2loc,locgrid3542
time11,time2loc,locgrid3543
time11,time2loc,locgrid3544
time11,time2loc,locgrid3545
time11,time2loc,locgrid3546
time11,time2loc,locgrid3547
time11,time2loc,locgrid3548
time11,time2loc,locgrid3549
time11,time2loc,locgrid3550
time11,time2loc,locgrid3551
time11,time2loc,locgrid3552
time11,time2loc,locgrid3553
time11,time2loc,locgrid3554
time11,time2loc,locgrid3555
time11,time2loc,locgrid3556
time11,time2loc,locgrid3557
time11,time2loc,locgrid3558
time11,time2loc,locgrid3559
time11,time2loc,locgrid3560
time11,time2loc,locgrid3561
time11,time2loc,locgrid3562
time11,time2loc,locgrid3563
time11,time2loc,locgrid3564
time11,time2loc,locgrid3565
time11,time2loc,locgrid3566
time11,time2loc,locgrid3567
time11,time2loc,locgrid3568
time11,time2loc,locgrid3569
time11,time2loc,locgrid3570
time11,time2loc,locgrid3571
time11,time2loc,locgrid3572
time11,time2loc,locgrid3573
time11,time2loc,locgrid3574
