heading_ID,name_he,label
heading0,294.6,heading
heading1,347.5,heading
heading2,290.1,heading
heading3,163.0,heading
heading4,34.600002,heading
heading5,207.2,heading
heading6,75.4,heading
heading7,344.0,heading
heading8,99.9,heading
heading9,17.2,heading
heading10,131.7,heading
heading11,293.7,heading
heading12,347.4,heading
heading13,100.0,heading
heading14,33.0,heading
heading15,359.30002,heading
heading16,338.0,heading
heading17,179.5,heading
heading18,70.7,heading
heading19,299.2,heading
heading20,263.0,heading
heading21,13.2,heading
heading22,204.5,heading
heading23,212.7,heading
heading24,51.3,heading
heading25,148.4,heading
heading26,38.1,heading
heading27,187.6,heading
heading28,117.4,heading
heading29,66.0,heading
heading30,90.3,heading
heading31,33.3,heading
heading32,290.0,heading
heading33,183.6,heading
heading34,159.0,heading
heading35,57.5,heading
heading36,63.3,heading
heading37,328.0,heading
heading38,224.4,heading
heading39,138.0,heading
heading40,142.0,heading
heading41,349.4,heading
heading42,53.9,heading
heading43,151.8,heading
heading44,76.8,heading
heading45,207.1,heading
heading46,58.6,heading
heading47,183.1,heading
heading48,252.7,heading
heading49,27.6,heading
heading50,158.1,heading
heading51,246.6,heading
heading52,279.3,heading
heading53,230.4,heading
heading54,39.0,heading
heading55,263.8,heading
heading56,51.600002,heading
heading57,104.1,heading
heading58,49.3,heading
heading59,150.0,heading
heading60,131.0,heading
heading61,252.0,heading
heading62,300.8,heading
heading63,288.0,heading
heading64,94.9,heading
heading65,71.0,heading
heading66,245.8,heading
heading67,91.0,heading
heading68,57.9,heading
heading69,1.4,heading
heading70,128.1,heading
heading71,145.4,heading
heading72,149.7,heading
heading73,188.6,heading
heading74,149.0,heading
heading75,102.5,heading
heading76,113.1,heading
heading77,4.7,heading
heading78,31.300001,heading
heading79,129.40001,heading
heading80,314.7,heading
heading81,158.3,heading
heading82,333.0,heading
heading83,299.4,heading
heading84,105.4,heading
heading85,291.3,heading
heading86,29.0,heading
heading87,184.7,heading
heading88,113.8,heading
heading89,186.6,heading
heading90,30.3,heading
heading91,76.4,heading
heading92,274.0,heading
heading93,47.4,heading
heading94,73.0,heading
heading95,249.0,heading
heading96,281.0,heading
heading97,357.0,heading
heading98,286.1,heading
heading99,208.7,heading
heading100,241.9,heading
heading101,76.0,heading
heading102,322.0,heading
heading103,17.4,heading
heading104,252.9,heading
heading105,210.3,heading
heading106,62.9,heading
heading107,135.6,heading
heading108,131.90001,heading
heading109,28.5,heading
heading110,106.0,heading
heading111,187.6,heading
heading112,10.0,heading
heading113,314.0,heading
heading114,106.3,heading
heading115,53.0,heading
heading116,285.8,heading
heading117,264.2,heading
heading118,107.0,heading
heading119,276.4,heading
heading120,179.0,heading
heading121,33.1,heading
heading122,197.1,heading
heading123,268.7,heading
heading124,19.1,heading
heading125,220.1,heading
heading126,41.9,heading
heading127,21.6,heading
heading128,195.7,heading
heading129,279.9,heading
heading130,334.6,heading
heading131,91.6,heading
heading132,329.2,heading
heading133,52.8,heading
heading134,203.0,heading
heading135,311.6,heading
heading136,258.7,heading
heading137,102.0,heading
heading138,2.5,heading
heading139,47.8,heading
heading140,7.8,heading
heading141,305.6,heading
heading142,190.4,heading
heading143,58.1,heading
heading144,352.8,heading
heading145,94.200005,heading
heading146,12.7,heading
heading147,185.8,heading
heading148,204.8,heading
heading149,66.6,heading
heading150,162.0,heading
heading151,143.3,heading
heading152,94.3,heading
heading153,231.0,heading
heading154,333.3,heading
heading155,123.3,heading
heading156,20.0,heading
heading157,80.4,heading
heading158,355.2,heading
heading159,148.7,heading
heading160,233.0,heading
heading161,314.0,heading
heading162,244.8,heading
heading163,73.2,heading
heading164,267.5,heading
heading165,342.5,heading
heading166,130.1,heading
heading167,173.9,heading
heading168,216.6,heading
heading169,177.5,heading
heading170,78.2,heading
heading171,57.5,heading
heading172,279.2,heading
heading173,185.8,heading
heading174,205.7,heading
heading175,149.9,heading
heading176,305.0,heading
heading177,195.9,heading
heading178,2.8,heading
heading179,1.0,heading
heading180,299.9,heading
heading181,179.0,heading
heading182,53.7,heading
heading183,145.5,heading
heading184,313.30002,heading
heading185,163.2,heading
heading186,25.1,heading
heading187,42.600002,heading
heading188,165.0,heading
heading189,241.5,heading
heading190,149.0,heading
heading191,23.0,heading
heading192,218.7,heading
heading193,159.6,heading
heading194,119.5,heading
heading195,0.0,heading
heading196,122.9,heading
heading197,348.8,heading
heading198,321.80002,heading
heading199,356.3,heading
heading200,33.9,heading
heading201,108.6,heading
heading202,164.0,heading
heading203,6.1,heading
heading204,77.4,heading
heading205,34.5,heading
heading206,33.8,heading
heading207,141.5,heading
heading208,240.7,heading
heading209,93.1,heading
heading210,240.0,heading
heading211,129.8,heading
heading212,279.30002,heading
heading213,330.4,heading
heading214,185.0,heading
heading215,279.0,heading
heading216,103.0,heading
heading217,165.0,heading
heading218,310.2,heading
heading219,31.6,heading
heading220,83.4,heading
heading221,86.0,heading
heading222,255.0,heading
heading223,344.6,heading
heading224,145.6,heading
heading225,160.40001,heading
heading226,157.0,heading
heading227,328.4,heading
heading228,360.0,heading
heading229,196.0,heading
heading230,348.7,heading
heading231,241.0,heading
heading232,62.0,heading
heading233,219.40001,heading
heading234,326.9,heading
heading235,235.1,heading
heading236,234.8,heading
heading237,246.1,heading
heading238,155.0,heading
heading239,259.9,heading
heading240,88.0,heading
heading241,287.30002,heading
heading242,175.3,heading
heading243,122.3,heading
heading244,188.1,heading
heading245,188.9,heading
heading246,257.5,heading
heading247,215.4,heading
heading248,360.0,heading
heading249,334.2,heading
heading250,25.0,heading
heading251,7.5,heading
heading252,231.0,heading
heading253,243.5,heading
heading254,225.9,heading
heading255,155.6,heading
heading256,119.4,heading
heading257,164.0,heading
heading258,5.0,heading
heading259,62.0,heading
heading260,260.1,heading
heading261,189.2,heading
heading262,325.80002,heading
heading263,145.2,heading
heading264,30.1,heading
heading265,256.9,heading
heading266,165.6,heading
heading267,242.7,heading
heading268,349.6,heading
heading269,336.0,heading
heading270,187.4,heading
heading271,245.1,heading
heading272,19.0,heading
heading273,234.4,heading
heading274,310.7,heading
heading275,59.0,heading
heading276,107.4,heading
heading277,359.0,heading
heading278,334.0,heading
heading279,108.4,heading
heading280,72.9,heading
heading281,262.4,heading
heading282,177.8,heading
heading283,133.6,heading
heading284,253.7,heading
heading285,211.40001,heading
heading286,145.1,heading
heading287,78.0,heading
heading288,145.0,heading
heading289,253.0,heading
heading290,189.90001,heading
heading291,320.0,heading
heading292,199.0,heading
heading293,154.1,heading
heading294,259.0,heading
heading295,245.40001,heading
heading296,258.0,heading
heading297,14.400001000000001,heading
heading298,0.0,heading
heading299,14.8,heading
heading300,164.8,heading
heading301,256.7,heading
heading302,342.9,heading
heading303,94.8,heading
heading304,115.3,heading
heading305,72.4,heading
heading306,292.9,heading
heading307,348.2,heading
heading308,154.1,heading
heading309,38.0,heading
heading310,24.3,heading
heading311,338.1,heading
heading312,264.9,heading
heading313,71.7,heading
heading314,299.2,heading
heading315,247.0,heading
heading316,222.5,heading
heading317,159.8,heading
heading318,186.1,heading
heading319,179.4,heading
heading320,51.1,heading
heading321,358.5,heading
heading322,223.3,heading
heading323,31.5,heading
heading324,183.8,heading
heading325,117.5,heading
heading326,53.0,heading
heading327,68.3,heading
heading328,105.6,heading
heading329,290.0,heading
heading330,188.8,heading
heading331,157.7,heading
heading332,156.3,heading
heading333,25.8,heading
heading334,110.0,heading
heading335,227.6,heading
heading336,148.7,heading
heading337,43.9,heading
heading338,77.9,heading
heading339,236.5,heading
heading340,66.0,heading
heading341,145.8,heading
heading342,25.3,heading
heading343,167.8,heading
heading344,259.2,heading
heading345,263.8,heading
heading346,52.7,heading
heading347,109.1,heading
heading348,29.8,heading
heading349,212.0,heading
heading350,128.0,heading
heading351,309.6,heading
heading352,245.9,heading
heading353,220.3,heading
heading354,283.0,heading
heading355,95.8,heading
heading356,59.7,heading
heading357,42.5,heading
heading358,276.5,heading
heading359,29.4,heading
heading360,90.0,heading
heading361,91.6,heading
heading362,149.5,heading
heading363,182.2,heading
heading364,173.0,heading
heading365,115.5,heading
heading366,8.3,heading
heading367,23.0,heading
heading368,32.100002,heading
heading369,134.6,heading
heading370,314.7,heading
heading371,231.0,heading
heading372,197.3,heading
heading373,10.3,heading
heading374,331.0,heading
heading375,313.0,heading
heading376,73.2,heading
heading377,291.3,heading
heading378,252.0,heading
heading379,117.700005,heading
heading380,282.4,heading
heading381,122.0,heading
heading382,81.3,heading
heading383,86.7,heading
heading384,276.0,heading
heading385,49.7,heading
heading386,292.4,heading
heading387,251.2,heading
heading388,34.0,heading
heading389,358.0,heading
heading390,322.6,heading
heading391,287.4,heading
heading392,346.0,heading
heading393,236.0,heading
heading394,85.1,heading
heading395,210.9,heading
heading396,290.6,heading
heading397,235.6,heading
heading398,114.5,heading
heading399,354.0,heading
heading400,176.0,heading
heading401,79.4,heading
heading402,12.7,heading
heading403,21.0,heading
heading404,192.5,heading
heading405,210.8,heading
heading406,115.4,heading
heading407,287.2,heading
heading408,143.7,heading
heading409,342.7,heading
heading410,189.3,heading
heading411,10.0,heading
heading412,99.8,heading
heading413,190.8,heading
heading414,134.1,heading
heading415,45.7,heading
heading416,269.4,heading
heading417,334.5,heading
heading418,320.6,heading
heading419,32.0,heading
heading420,37.0,heading
heading421,33.5,heading
heading422,354.0,heading
heading423,277.1,heading
heading424,356.7,heading
heading425,260.3,heading
heading426,59.6,heading
heading427,169.5,heading
heading428,10.2,heading
heading429,267.4,heading
heading430,334.0,heading
heading431,305.7,heading
heading432,279.2,heading
heading433,145.1,heading
heading434,89.4,heading
heading435,216.0,heading
heading436,332.9,heading
heading437,123.2,heading
heading438,193.8,heading
heading439,22.0,heading
heading440,148.9,heading
heading441,86.0,heading
heading442,233.0,heading
heading443,318.0,heading
heading444,71.5,heading
heading445,33.0,heading
heading446,213.1,heading
heading447,136.1,heading
heading448,103.9,heading
heading449,76.0,heading
heading450,57.1,heading
heading451,288.5,heading
heading452,185.2,heading
heading453,83.8,heading
heading454,248.3,heading
heading455,150.7,heading
heading456,304.0,heading
heading457,195.90001,heading
heading458,296.7,heading
heading459,62.0,heading
heading460,145.6,heading
heading461,279.0,heading
heading462,163.9,heading
heading463,24.7,heading
heading464,193.5,heading
heading465,165.0,heading
heading466,209.1,heading
heading467,324.3,heading
heading468,325.0,heading
heading469,151.0,heading
heading470,24.8,heading
heading471,178.6,heading
heading472,101.0,heading
heading473,0.0,heading
heading474,123.0,heading
heading475,74.1,heading
heading476,346.2,heading
heading477,153.0,heading
heading478,347.5,heading
heading479,34.600002,heading
heading480,21.5,heading
heading481,168.6,heading
heading482,167.7,heading
heading483,237.3,heading
heading484,102.200005,heading
heading485,2.3,heading
heading486,142.6,heading
heading487,310.0,heading
heading488,263.3,heading
heading489,117.0,heading
heading490,203.7,heading
heading491,117.3,heading
heading492,178.1,heading
heading493,281.5,heading
heading494,325.6,heading
heading495,119.0,heading
heading496,280.0,heading
heading497,108.0,heading
heading498,166.1,heading
heading499,306.2,heading
heading500,31.6,heading
heading501,270.0,heading
heading502,83.0,heading
heading503,307.0,heading
heading504,313.0,heading
heading505,349.8,heading
heading506,141.3,heading
heading507,165.3,heading
heading508,169.0,heading
heading509,6.7000003,heading
heading510,337.0,heading
heading511,360.0,heading
heading512,80.5,heading
heading513,211.4,heading
heading514,250.0,heading
heading515,29.1,heading
heading516,308.6,heading
heading517,188.90001,heading
heading518,107.200005,heading
heading519,254.7,heading
heading520,154.0,heading
heading521,338.7,heading
heading522,233.0,heading
heading523,320.1,heading
heading524,359.2,heading
heading525,129.3,heading
heading526,189.3,heading
heading527,44.6,heading
heading528,286.5,heading
heading529,333.7,heading
heading530,65.1,heading
heading531,186.1,heading
heading532,,heading
heading533,75.0,heading
heading534,5.7,heading
heading535,123.6,heading
heading536,186.0,heading
heading537,153.8,heading
heading538,23.8,heading
heading539,129.0,heading
heading540,5.0,heading
heading541,131.0,heading
heading542,271.80002,heading
heading543,193.0,heading
heading544,181.1,heading
heading545,141.4,heading
heading546,337.9,heading
heading547,285.5,heading
heading548,78.0,heading
heading549,28.6,heading
heading550,295.5,heading
heading551,302.80002,heading
heading552,145.0,heading
heading553,342.7,heading
heading554,332.8,heading
heading555,245.1,heading
heading556,145.9,heading
heading557,225.0,heading
heading558,55.0,heading
heading559,38.0,heading
heading560,360.0,heading
heading561,188.5,heading
heading562,145.40001,heading
heading563,2.4,heading
heading564,288.0,heading
heading565,337.2,heading
heading566,269.4,heading
heading567,166.0,heading
heading568,131.90001,heading
heading569,182.5,heading
heading570,209.40001,heading
heading571,247.7,heading
heading572,320.0,heading
heading573,180.0,heading
heading574,77.0,heading
heading575,287.0,heading
heading576,80.0,heading
heading577,160.0,heading
heading578,181.0,heading
heading579,116.0,heading
heading580,245.40001,heading
heading581,285.0,heading
heading582,44.100002,heading
heading583,360.0,heading
heading584,31.300001,heading
heading585,70.3,heading
heading586,310.1,heading
heading587,341.6,heading
heading588,100.1,heading
heading589,334.1,heading
heading590,350.0,heading
heading591,116.0,heading
heading592,125.0,heading
heading593,66.5,heading
heading594,9.7,heading
heading595,343.7,heading
heading596,12.1,heading
heading597,278.2,heading
heading598,136.4,heading
heading599,86.0,heading
heading600,43.2,heading
heading601,239.0,heading
heading602,312.6,heading
heading603,154.8,heading
heading604,58.6,heading
heading605,358.6,heading
heading606,223.8,heading
heading607,299.8,heading
heading608,33.2,heading
heading609,133.4,heading
heading610,115.4,heading
heading611,66.0,heading
heading612,118.3,heading
heading613,297.6,heading
heading614,128.2,heading
heading615,208.40001,heading
heading616,176.2,heading
heading617,156.3,heading
heading618,50.1,heading
heading619,143.0,heading
heading620,225.2,heading
heading621,138.0,heading
heading622,160.3,heading
heading623,170.6,heading
heading624,44.1,heading
heading625,151.8,heading
heading626,272.0,heading
heading627,78.1,heading
heading628,218.3,heading
heading629,67.7,heading
heading630,183.1,heading
heading631,272.6,heading
heading632,156.8,heading
heading633,88.3,heading
heading634,271.0,heading
heading635,140.8,heading
heading636,294.2,heading
heading637,269.7,heading
heading638,198.0,heading
heading639,3.6000001000000004,heading
heading640,109.4,heading
heading641,28.7,heading
heading642,185.0,heading
heading643,170.0,heading
heading644,295.4,heading
heading645,278.3,heading
heading646,283.5,heading
heading647,307.0,heading
heading648,286.0,heading
heading649,171.0,heading
heading650,65.5,heading
heading651,39.1,heading
heading652,25.0,heading
heading653,239.2,heading
heading654,198.2,heading
heading655,6.1,heading
heading656,82.3,heading
heading657,84.5,heading
heading658,75.5,heading
heading659,153.6,heading
heading660,184.0,heading
heading661,176.0,heading
heading662,117.0,heading
heading663,6.0,heading
heading664,17.0,heading
heading665,29.300001,heading
heading666,132.7,heading
heading667,10.4,heading
heading668,96.200005,heading
heading669,16.0,heading
heading670,327.0,heading
heading671,311.5,heading
heading672,38.5,heading
heading673,199.0,heading
heading674,261.0,heading
heading675,101.0,heading
heading676,218.90001,heading
heading677,46.5,heading
heading678,270.4,heading
heading679,1.1,heading
heading680,293.2,heading
heading681,243.6,heading
heading682,15.0,heading
heading683,339.2,heading
heading684,84.1,heading
heading685,49.1,heading
heading686,207.0,heading
heading687,125.0,heading
heading688,36.2,heading
heading689,238.9,heading
heading690,295.5,heading
heading691,292.2,heading
heading692,28.300001,heading
heading693,18.0,heading
heading694,269.9,heading
heading695,165.0,heading
heading696,358.7,heading
heading697,173.90001,heading
heading698,62.600002,heading
heading699,264.2,heading
heading700,175.0,heading
heading701,290.1,heading
heading702,268.9,heading
heading703,317.8,heading
heading704,333.2,heading
heading705,329.80002,heading
heading706,288.2,heading
heading707,19.3,heading
heading708,86.1,heading
heading709,327.6,heading
heading710,335.2,heading
heading711,101.0,heading
heading712,162.0,heading
heading713,14.6,heading
heading714,262.0,heading
heading715,311.6,heading
heading716,7.2,heading
heading717,94.0,heading
heading718,153.40001,heading
heading719,248.2,heading
heading720,30.6,heading
heading721,174.2,heading
heading722,292.2,heading
heading723,64.1,heading
heading724,254.0,heading
heading725,325.5,heading
heading726,118.5,heading
heading727,355.6,heading
heading728,236.1,heading
heading729,292.7,heading
heading730,304.9,heading
heading731,237.2,heading
heading732,141.0,heading
heading733,89.5,heading
heading734,57.0,heading
heading735,305.8,heading
heading736,122.2,heading
heading737,179.2,heading
heading738,35.0,heading
heading739,183.2,heading
heading740,99.8,heading
heading741,345.7,heading
heading742,234.0,heading
heading743,271.0,heading
heading744,143.3,heading
heading745,71.5,heading
heading746,324.30002,heading
heading747,95.8,heading
heading748,95.700005,heading
heading749,207.2,heading
heading750,165.8,heading
heading751,6.0,heading
heading752,112.0,heading
heading753,68.7,heading
heading754,59.4,heading
heading755,286.2,heading
heading756,29.1,heading
heading757,283.1,heading
heading758,152.9,heading
heading759,306.0,heading
heading760,93.4,heading
heading761,348.0,heading
heading762,47.9,heading
heading763,127.1,heading
heading764,335.1,heading
heading765,201.6,heading
heading766,27.4,heading
heading767,203.8,heading
heading768,122.8,heading
heading769,222.3,heading
heading770,184.0,heading
heading771,150.0,heading
heading772,19.7,heading
heading773,86.9,heading
heading774,28.800001,heading
heading775,357.0,heading
heading776,288.0,heading
heading777,268.3,heading
heading778,231.6,heading
heading779,352.7,heading
heading780,308.5,heading
heading781,347.5,heading
heading782,18.1,heading
heading783,24.6,heading
heading784,52.600002,heading
heading785,163.90001,heading
heading786,358.0,heading
heading787,114.8,heading
heading788,41.0,heading
heading789,0.4,heading
heading790,34.100002,heading
heading791,148.3,heading
heading792,259.1,heading
heading793,335.80002,heading
heading794,150.0,heading
heading795,281.0,heading
heading796,59.9,heading
heading797,242.8,heading
heading798,282.6,heading
heading799,329.4,heading
heading800,207.0,heading
heading801,277.0,heading
heading802,85.0,heading
heading803,300.2,heading
heading804,317.6,heading
heading805,54.100002,heading
heading806,76.0,heading
heading807,273.2,heading
heading808,94.0,heading
heading809,2.9,heading
heading810,255.0,heading
heading811,140.8,heading
heading812,57.8,heading
heading813,258.0,heading
heading814,3.5,heading
heading815,15.3,heading
heading816,38.100002,heading
heading817,198.7,heading
heading818,54.6,heading
heading819,307.80002,heading
heading820,133.7,heading
heading821,209.0,heading
heading822,198.40001,heading
heading823,140.0,heading
heading824,212.0,heading
heading825,91.0,heading
heading826,315.2,heading
heading827,61.4,heading
heading828,125.0,heading
heading829,199.6,heading
heading830,353.8,heading
heading831,257.5,heading
heading832,286.7,heading
heading833,20.6,heading
heading834,97.6,heading
heading835,226.0,heading
heading836,,heading
heading837,35.0,heading
heading838,7.7,heading
heading839,109.0,heading
heading840,0.0,heading
heading841,161.0,heading
heading842,170.7,heading
heading843,36.8,heading
heading844,157.0,heading
heading845,285.2,heading
heading846,21.8,heading
heading847,326.8,heading
heading848,205.0,heading
heading849,285.5,heading
heading850,130.6,heading
heading851,32.5,heading
heading852,295.5,heading
heading853,165.6,heading
heading854,353.30002,heading
heading855,336.4,heading
heading856,334.0,heading
heading857,186.9,heading
heading858,250.1,heading
heading859,272.3,heading
heading860,224.7,heading
heading861,53.0,heading
heading862,219.0,heading
heading863,162.2,heading
heading864,350.0,heading
heading865,311.0,heading
heading866,107.9,heading
heading867,0.0,heading
heading868,18.0,heading
heading869,5.5,heading
heading870,337.2,heading
heading871,288.0,heading
heading872,338.2,heading
heading873,259.0,heading
heading874,108.8,heading
heading875,201.40001,heading
heading876,123.4,heading
heading877,84.0,heading
heading878,15.0,heading
heading879,275.0,heading
heading880,276.80002,heading
heading881,82.0,heading
heading882,186.0,heading
heading883,89.6,heading
heading884,261.2,heading
heading885,95.0,heading
heading886,0.0,heading
heading887,249.1,heading
heading888,108.0,heading
heading889,120.4,heading
heading890,353.6,heading
heading891,86.6,heading
heading892,305.3,heading
heading893,160.0,heading
heading894,304.0,heading
heading895,274.2,heading
heading896,347.6,heading
heading897,180.2,heading
heading898,111.7,heading
heading899,22.300001,heading
heading900,329.9,heading
heading901,32.2,heading
heading902,57.7,heading
heading903,299.2,heading
heading904,255.0,heading
heading905,31.2,heading
heading906,130.5,heading
heading907,73.4,heading
heading908,55.9,heading
heading909,357.5,heading
heading910,220.6,heading
heading911,119.2,heading
heading912,170.6,heading
heading913,38.4,heading
heading914,103.6,heading
heading915,93.3,heading
heading916,109.4,heading
heading917,341.1,heading
heading918,67.200005,heading
heading919,334.4,heading
heading920,194.2,heading
heading921,120.0,heading
heading922,242.2,heading
heading923,138.0,heading
heading924,177.1,heading
heading925,141.1,heading
heading926,60.4,heading
heading927,273.0,heading
heading928,80.4,heading
heading929,230.0,heading
heading930,65.9,heading
heading931,177.1,heading
heading932,272.6,heading
heading933,85.6,heading
heading934,263.6,heading
heading935,103.700005,heading
heading936,346.3,heading
heading937,245.4,heading
heading938,159.7,heading
heading939,88.2,heading
heading940,341.2,heading
heading941,260.0,heading
heading942,268.0,heading
heading943,295.4,heading
heading944,277.6,heading
heading945,282.2,heading
heading946,302.0,heading
heading947,72.9,heading
heading948,106.0,heading
heading949,53.7,heading
heading950,35.6,heading
heading951,177.4,heading
heading952,264.7,heading
heading953,11.1,heading
heading954,68.6,heading
heading955,155.40001,heading
heading956,18.6,heading
heading957,173.0,heading
heading958,95.200005,heading
heading959,42.3,heading
heading960,30.0,heading
heading961,179.40001,heading
heading962,314.7,heading
heading963,259.3,heading
heading964,293.30002,heading
heading965,352.7,heading
heading966,289.0,heading
heading967,311.9,heading
heading968,59.9,heading
heading969,281.0,heading
heading970,343.5,heading
heading971,101.0,heading
heading972,174.3,heading
heading973,5.3,heading
heading974,46.4,heading
heading975,297.5,heading
heading976,336.4,heading
heading977,276.6,heading
heading978,227.3,heading
heading979,353.0,heading
heading980,9.0,heading
heading981,284.1,heading
heading982,332.0,heading
heading983,101.7,heading
heading984,223.8,heading
heading985,310.0,heading
heading986,38.9,heading
heading987,252.9,heading
heading988,251.0,heading
heading989,260.9,heading
heading990,290.6,heading
heading991,356.6,heading
heading992,180.1,heading
heading993,25.5,heading
heading994,41.0,heading
heading995,283.5,heading
heading996,198.40001,heading
heading997,62.600002,heading
heading998,336.80002,heading
heading999,217.0,heading
heading1000,303.7,heading
heading1001,158.8,heading
heading1002,44.8,heading
heading1003,294.6,heading
heading1004,158.3,heading
heading1005,16.6,heading
heading1006,90.5,heading
heading1007,134.6,heading
heading1008,316.3,heading
heading1009,271.80002,heading
heading1010,280.8,heading
heading1011,91.0,heading
heading1012,17.6,heading
heading1013,354.9,heading
heading1014,1.1,heading
heading1015,229.2,heading
heading1016,24.6,heading
heading1017,335.2,heading
heading1018,56.3,heading
heading1019,325.80002,heading
heading1020,267.2,heading
heading1021,355.1,heading
heading1022,178.8,heading
heading1023,165.2,heading
heading1024,136.0,heading
heading1025,85.4,heading
heading1026,229.0,heading
heading1027,307.2,heading
heading1028,123.6,heading
heading1029,14.0,heading
heading1030,32.0,heading
heading1031,69.8,heading
heading1032,236.90001,heading
heading1033,230.0,heading
heading1034,294.0,heading
heading1035,40.6,heading
heading1036,74.4,heading
heading1037,251.1,heading
heading1038,31.5,heading
heading1039,238.3,heading
heading1040,138.2,heading
heading1041,238.7,heading
heading1042,131.2,heading
heading1043,82.7,heading
heading1044,61.7,heading
heading1045,288.1,heading
heading1046,300.4,heading
heading1047,150.40001,heading
heading1048,304.0,heading
heading1049,162.0,heading
heading1050,320.6,heading
heading1051,196.0,heading
heading1052,55.4,heading
heading1053,134.2,heading
heading1054,248.1,heading
heading1055,168.3,heading
heading1056,24.4,heading
heading1057,259.4,heading
heading1058,81.0,heading
heading1059,210.2,heading
heading1060,134.0,heading
heading1061,103.1,heading
heading1062,152.7,heading
heading1063,47.9,heading
heading1064,0.0,heading
heading1065,293.1,heading
heading1066,157.6,heading
heading1067,347.9,heading
heading1068,14.3,heading
heading1069,331.5,heading
heading1070,164.2,heading
heading1071,43.7,heading
heading1072,353.5,heading
heading1073,1.1,heading
heading1074,164.0,heading
heading1075,249.8,heading
heading1076,127.6,heading
heading1077,12.4,heading
heading1078,15.3,heading
heading1079,297.2,heading
heading1080,330.1,heading
heading1081,270.0,heading
heading1082,324.0,heading
heading1083,345.1,heading
heading1084,20.5,heading
heading1085,119.700005,heading
heading1086,167.0,heading
heading1087,260.80002,heading
heading1088,104.0,heading
heading1089,352.4,heading
heading1090,195.0,heading
heading1091,145.4,heading
heading1092,41.0,heading
heading1093,172.2,heading
heading1094,15.3,heading
heading1095,333.2,heading
heading1096,82.4,heading
heading1097,205.0,heading
heading1098,307.0,heading
heading1099,88.0,heading
heading1100,304.6,heading
heading1101,236.7,heading
heading1102,21.0,heading
heading1103,137.6,heading
heading1104,330.0,heading
heading1105,305.3,heading
heading1106,182.2,heading
heading1107,49.7,heading
heading1108,274.7,heading
heading1109,68.9,heading
heading1110,257.5,heading
heading1111,360.0,heading
heading1112,163.3,heading
heading1113,251.90001,heading
heading1114,323.0,heading
heading1115,282.0,heading
heading1116,25.0,heading
heading1117,3.9,heading
heading1118,0.0,heading
heading1119,264.6,heading
heading1120,227.5,heading
heading1121,215.6,heading
heading1122,34.0,heading
heading1123,189.3,heading
heading1124,33.8,heading
heading1125,0.0,heading
heading1126,141.7,heading
heading1127,79.7,heading
heading1128,202.0,heading
heading1129,199.6,heading
heading1130,19.0,heading
heading1131,195.2,heading
heading1132,212.7,heading
heading1133,337.0,heading
heading1134,356.0,heading
heading1135,49.3,heading
heading1136,287.9,heading
heading1137,223.1,heading
heading1138,109.3,heading
heading1139,235.7,heading
heading1140,335.3,heading
heading1141,334.4,heading
heading1142,194.5,heading
heading1143,253.3,heading
heading1144,48.0,heading
heading1145,225.2,heading
heading1146,307.0,heading
heading1147,191.2,heading
heading1148,326.0,heading
heading1149,275.3,heading
heading1150,262.0,heading
heading1151,102.2,heading
heading1152,4.6,heading
heading1153,318.30002,heading
heading1154,320.0,heading
heading1155,13.5,heading
heading1156,182.5,heading
heading1157,235.1,heading
heading1158,247.7,heading
heading1159,33.0,heading
heading1160,173.0,heading
heading1161,272.0,heading
heading1162,190.0,heading
heading1163,284.1,heading
heading1164,79.0,heading
heading1165,305.5,heading
heading1166,65.4,heading
heading1167,350.0,heading
heading1168,103.200005,heading
heading1169,330.9,heading
heading1170,359.30002,heading
heading1171,234.9,heading
heading1172,91.9,heading
heading1173,4.1,heading
heading1174,306.3,heading
heading1175,193.0,heading
heading1176,244.6,heading
heading1177,98.2,heading
heading1178,126.0,heading
heading1179,169.90001,heading
heading1180,254.3,heading
heading1181,95.1,heading
heading1182,39.9,heading
heading1183,351.2,heading
heading1184,359.0,heading
heading1185,266.0,heading
heading1186,87.8,heading
heading1187,168.5,heading
heading1188,0.1,heading
heading1189,57.5,heading
heading1190,356.8,heading
heading1191,303.2,heading
heading1192,120.9,heading
heading1193,36.8,heading
heading1194,96.5,heading
heading1195,327.4,heading
heading1196,10.2,heading
heading1197,244.2,heading
heading1198,209.2,heading
heading1199,160.3,heading
heading1200,60.1,heading
heading1201,6.2,heading
heading1202,123.0,heading
heading1203,266.6,heading
heading1204,277.8,heading
heading1205,349.2,heading
heading1206,55.3,heading
heading1207,268.0,heading
heading1208,65.3,heading
heading1209,10.5,heading
heading1210,66.6,heading
heading1211,89.1,heading
heading1212,39.5,heading
heading1213,207.6,heading
heading1214,9.1,heading
heading1215,65.5,heading
heading1216,234.0,heading
heading1217,27.5,heading
heading1218,278.6,heading
heading1219,193.4,heading
heading1220,43.0,heading
heading1221,0.2,heading
heading1222,294.9,heading
heading1223,212.1,heading
heading1224,269.0,heading
heading1225,6.7,heading
heading1226,63.0,heading
heading1227,139.9,heading
heading1228,176.6,heading
heading1229,172.0,heading
heading1230,150.3,heading
heading1231,231.7,heading
heading1232,76.5,heading
heading1233,154.8,heading
heading1234,192.2,heading
heading1235,169.0,heading
heading1236,93.9,heading
heading1237,20.2,heading
heading1238,27.6,heading
heading1239,236.8,heading
heading1240,272.0,heading
heading1241,86.9,heading
heading1242,288.0,heading
heading1243,310.8,heading
heading1244,80.5,heading
heading1245,214.0,heading
heading1246,335.1,heading
heading1247,295.8,heading
heading1248,313.80002,heading
heading1249,272.2,heading
heading1250,206.8,heading
heading1251,183.0,heading
heading1252,11.0,heading
heading1253,299.8,heading
heading1254,63.4,heading
heading1255,163.1,heading
heading1256,115.0,heading
heading1257,183.0,heading
heading1258,249.1,heading
heading1259,261.6,heading
heading1260,251.1,heading
heading1261,152.9,heading
heading1262,36.3,heading
heading1263,43.0,heading
heading1264,219.5,heading
heading1265,5.5,heading
heading1266,140.0,heading
heading1267,186.6,heading
heading1268,15.8,heading
heading1269,0.8,heading
heading1270,299.80002,heading
heading1271,316.4,heading
heading1272,302.4,heading
heading1273,273.0,heading
heading1274,180.8,heading
heading1275,213.5,heading
heading1276,289.0,heading
heading1277,94.1,heading
heading1278,328.1,heading
heading1279,271.9,heading
heading1280,69.5,heading
heading1281,225.3,heading
heading1282,75.0,heading
heading1283,123.0,heading
heading1284,25.5,heading
heading1285,79.0,heading
heading1286,217.0,heading
heading1287,311.6,heading
heading1288,339.4,heading
heading1289,335.6,heading
heading1290,123.5,heading
heading1291,264.4,heading
heading1292,27.9,heading
heading1293,14.1,heading
heading1294,304.4,heading
heading1295,322.3,heading
heading1296,62.7,heading
heading1297,30.0,heading
heading1298,325.7,heading
heading1299,272.4,heading
heading1300,68.6,heading
heading1301,241.5,heading
heading1302,158.3,heading
heading1303,133.8,heading
heading1304,215.0,heading
heading1305,308.4,heading
heading1306,12.3,heading
heading1307,197.5,heading
heading1308,107.700005,heading
heading1309,250.0,heading
heading1310,183.2,heading
heading1311,44.2,heading
heading1312,235.0,heading
heading1313,218.6,heading
heading1314,74.0,heading
heading1315,265.9,heading
heading1316,92.3,heading
heading1317,169.5,heading
heading1318,233.3,heading
heading1319,328.0,heading
heading1320,129.2,heading
heading1321,59.7,heading
heading1322,288.4,heading
heading1323,192.5,heading
heading1324,235.1,heading
heading1325,151.3,heading
heading1326,304.0,heading
heading1327,8.2,heading
heading1328,93.4,heading
heading1329,207.5,heading
heading1330,49.8,heading
heading1331,94.0,heading
heading1332,195.7,heading
heading1333,179.0,heading
heading1334,34.8,heading
heading1335,279.2,heading
heading1336,131.0,heading
heading1337,272.8,heading
heading1338,216.6,heading
heading1339,215.0,heading
heading1340,132.0,heading
heading1341,203.4,heading
heading1342,182.0,heading
heading1343,41.3,heading
heading1344,358.0,heading
heading1345,304.0,heading
heading1346,279.7,heading
heading1347,143.1,heading
heading1348,350.2,heading
heading1349,8.0,heading
heading1350,353.9,heading
heading1351,237.8,heading
heading1352,161.9,heading
heading1353,339.9,heading
heading1354,279.30002,heading
heading1355,36.9,heading
heading1356,353.1,heading
heading1357,0.9,heading
heading1358,11.1,heading
heading1359,168.8,heading
heading1360,241.0,heading
heading1361,193.0,heading
heading1362,347.4,heading
heading1363,170.3,heading
heading1364,161.7,heading
heading1365,303.1,heading
heading1366,327.3,heading
heading1367,201.0,heading
heading1368,291.0,heading
heading1369,300.0,heading
heading1370,235.6,heading
heading1371,125.0,heading
heading1372,260.80002,heading
heading1373,228.0,heading
heading1374,324.5,heading
heading1375,159.0,heading
heading1376,149.2,heading
heading1377,145.2,heading
heading1378,323.0,heading
heading1379,293.4,heading
heading1380,32.9,heading
heading1381,95.9,heading
heading1382,304.1,heading
heading1383,205.0,heading
heading1384,260.0,heading
heading1385,19.0,heading
heading1386,302.7,heading
heading1387,89.700005,heading
heading1388,330.2,heading
heading1389,194.5,heading
heading1390,11.0,heading
heading1391,151.0,heading
heading1392,325.0,heading
heading1393,1.1,heading
heading1394,27.300001,heading
heading1395,28.6,heading
heading1396,285.2,heading
heading1397,72.2,heading
heading1398,151.3,heading
heading1399,161.7,heading
heading1400,167.1,heading
heading1401,247.40001,heading
heading1402,,heading
heading1403,315.0,heading
heading1404,35.8,heading
heading1405,0.0,heading
heading1406,254.0,heading
heading1407,235.2,heading
heading1408,194.0,heading
heading1409,239.7,heading
heading1410,39.2,heading
heading1411,339.30002,heading
heading1412,174.40001,heading
heading1413,157.2,heading
heading1414,168.0,heading
heading1415,5.0,heading
heading1416,271.8,heading
heading1417,327.0,heading
heading1418,35.3,heading
heading1419,359.0,heading
heading1420,186.0,heading
heading1421,59.5,heading
heading1422,285.5,heading
heading1423,3.1000001,heading
heading1424,49.2,heading
heading1425,76.4,heading
heading1426,326.0,heading
heading1427,179.3,heading
heading1428,221.3,heading
heading1429,331.0,heading
heading1430,335.8,heading
heading1431,186.3,heading
heading1432,250.5,heading
heading1433,302.8,heading
heading1434,228.8,heading
heading1435,55.0,heading
heading1436,326.0,heading
heading1437,83.1,heading
heading1438,16.800001,heading
heading1439,45.9,heading
heading1440,265.8,heading
heading1441,337.2,heading
heading1442,32.0,heading
heading1443,221.8,heading
heading1444,24.0,heading
heading1445,60.0,heading
heading1446,306.0,heading
heading1447,348.4,heading
heading1448,158.0,heading
heading1449,263.1,heading
heading1450,266.0,heading
heading1451,298.7,heading
heading1452,157.0,heading
heading1453,312.80002,heading
heading1454,264.80002,heading
heading1455,11.8,heading
heading1456,124.200005,heading
heading1457,53.600002,heading
heading1458,4.0,heading
heading1459,283.0,heading
heading1460,305.4,heading
heading1461,196.3,heading
heading1462,90.6,heading
heading1463,347.5,heading
heading1464,83.4,heading
heading1465,27.5,heading
heading1466,345.8,heading
heading1467,205.5,heading
heading1468,57.9,heading
heading1469,299.2,heading
heading1470,256.0,heading
heading1471,184.1,heading
heading1472,28.6,heading
heading1473,50.2,heading
heading1474,357.6,heading
heading1475,242.7,heading
heading1476,120.4,heading
heading1477,106.5,heading
heading1478,35.600002,heading
heading1479,57.5,heading
heading1480,0.4,heading
heading1481,196.0,heading
heading1482,160.1,heading
heading1483,39.3,heading
heading1484,268.5,heading
heading1485,14.6,heading
heading1486,172.0,heading
heading1487,268.1,heading
heading1488,138.0,heading
heading1489,170.6,heading
heading1490,159.0,heading
heading1491,51.7,heading
heading1492,294.0,heading
heading1493,94.3,heading
heading1494,276.2,heading
heading1495,67.6,heading
heading1496,177.1,heading
heading1497,219.90001,heading
heading1498,105.6,heading
heading1499,39.9,heading
heading1500,290.3,heading
heading1501,290.0,heading
heading1502,46.0,heading
heading1503,276.1,heading
heading1504,85.5,heading
heading1505,236.0,heading
heading1506,190.0,heading
heading1507,148.40001,heading
heading1508,220.3,heading
heading1509,265.6,heading
heading1510,272.0,heading
heading1511,52.9,heading
heading1512,72.0,heading
heading1513,216.4,heading
heading1514,311.1,heading
heading1515,112.200005,heading
heading1516,166.9,heading
heading1517,72.3,heading
heading1518,154.7,heading
heading1519,188.2,heading
heading1520,154.0,heading
heading1521,96.2,heading
heading1522,5.7000003,heading
heading1523,35.5,heading
heading1524,236.7,heading
heading1525,314.7,heading
heading1526,231.0,heading
heading1527,270.0,heading
heading1528,317.0,heading
heading1529,103.7,heading
heading1530,346.5,heading
heading1531,34.0,heading
heading1532,270.4,heading
heading1533,45.9,heading
heading1534,35.3,heading
heading1535,299.4,heading
heading1536,265.9,heading
heading1537,267.1,heading
heading1538,271.9,heading
heading1539,8.4,heading
heading1540,282.2,heading
heading1541,243.1,heading
heading1542,7.0,heading
heading1543,269.3,heading
heading1544,246.0,heading
heading1545,267.9,heading
heading1546,114.0,heading
heading1547,247.0,heading
heading1548,183.3,heading
heading1549,245.0,heading
heading1550,290.6,heading
heading1551,101.6,heading
heading1552,345.9,heading
heading1553,28.9,heading
heading1554,19.4,heading
heading1555,39.0,heading
heading1556,218.6,heading
heading1557,2.7,heading
heading1558,301.4,heading
heading1559,15.9,heading
heading1560,2.7,heading
heading1561,269.8,heading
heading1562,45.600002,heading
heading1563,128.2,heading
heading1564,264.2,heading
heading1565,42.9,heading
heading1566,55.8,heading
heading1567,247.8,heading
heading1568,224.2,heading
heading1569,231.3,heading
heading1570,333.2,heading
heading1571,95.8,heading
heading1572,350.0,heading
heading1573,40.7,heading
heading1574,302.9,heading
heading1575,81.4,heading
heading1576,153.8,heading
heading1577,67.0,heading
heading1578,188.0,heading
heading1579,355.2,heading
heading1580,196.0,heading
heading1581,345.7,heading
heading1582,95.0,heading
heading1583,269.6,heading
heading1584,214.0,heading
heading1585,347.4,heading
heading1586,26.8,heading
heading1587,19.800001,heading
heading1588,290.1,heading
heading1589,213.0,heading
heading1590,70.8,heading
heading1591,337.2,heading
heading1592,326.0,heading
heading1593,282.30002,heading
heading1594,285.8,heading
heading1595,334.0,heading
heading1596,304.9,heading
heading1597,54.4,heading
heading1598,54.0,heading
heading1599,307.0,heading
heading1600,89.9,heading
heading1601,56.9,heading
heading1602,119.0,heading
heading1603,353.0,heading
heading1604,72.9,heading
heading1605,270.4,heading
heading1606,231.0,heading
heading1607,47.4,heading
heading1608,270.0,heading
heading1609,226.4,heading
heading1610,237.5,heading
heading1611,92.0,heading
heading1612,233.6,heading
heading1613,328.0,heading
heading1614,140.6,heading
heading1615,62.9,heading
heading1616,288.8,heading
heading1617,191.90001,heading
heading1618,151.1,heading
heading1619,304.0,heading
heading1620,5.7000003,heading
heading1621,34.0,heading
heading1622,43.100002,heading
heading1623,13.0,heading
heading1624,167.40001,heading
heading1625,27.7,heading
heading1626,274.80002,heading
heading1627,119.0,heading
heading1628,214.7,heading
heading1629,131.0,heading
heading1630,177.6,heading
heading1631,45.3,heading
heading1632,355.0,heading
heading1633,190.3,heading
heading1634,343.2,heading
heading1635,354.9,heading
heading1636,7.8,heading
heading1637,3.3,heading
heading1638,346.1,heading
heading1639,338.4,heading
heading1640,354.2,heading
heading1641,356.5,heading
heading1642,8.5,heading
heading1643,169.1,heading
heading1644,281.0,heading
heading1645,229.2,heading
heading1646,303.2,heading
heading1647,8.6,heading
heading1648,300.6,heading
heading1649,331.2,heading
heading1650,321.0,heading
heading1651,295.0,heading
heading1652,80.0,heading
heading1653,276.80002,heading
heading1654,0.1,heading
heading1655,152.0,heading
heading1656,337.0,heading
heading1657,104.1,heading
heading1658,246.0,heading
heading1659,157.5,heading
heading1660,297.5,heading
heading1661,166.0,heading
heading1662,2.3,heading
heading1663,279.9,heading
heading1664,225.1,heading
heading1665,206.0,heading
heading1666,156.0,heading
heading1667,213.3,heading
heading1668,306.0,heading
heading1669,77.0,heading
heading1670,278.7,heading
heading1671,335.0,heading
heading1672,336.0,heading
heading1673,274.4,heading
heading1674,356.4,heading
heading1675,1.3000001,heading
heading1676,26.300001,heading
heading1677,25.3,heading
heading1678,273.0,heading
heading1679,212.5,heading
heading1680,250.4,heading
heading1681,241.5,heading
heading1682,360.0,heading
heading1683,151.3,heading
heading1684,147.6,heading
heading1685,220.0,heading
heading1686,,heading
heading1687,275.0,heading
heading1688,27.8,heading
heading1689,284.1,heading
heading1690,355.0,heading
heading1691,148.3,heading
heading1692,0.0,heading
heading1693,135.5,heading
heading1694,56.4,heading
heading1695,196.7,heading
heading1696,309.7,heading
heading1697,143.7,heading
heading1698,15.1,heading
heading1699,294.0,heading
heading1700,5.0,heading
heading1701,297.0,heading
heading1702,326.6,heading
heading1703,170.6,heading
heading1704,247.5,heading
heading1705,269.0,heading
heading1706,49.2,heading
heading1707,357.4,heading
heading1708,341.3,heading
heading1709,221.3,heading
heading1710,129.0,heading
heading1711,337.1,heading
heading1712,189.3,heading
heading1713,252.5,heading
heading1714,303.7,heading
heading1715,356.2,heading
heading1716,169.0,heading
heading1717,61.0,heading
heading1718,186.0,heading
heading1719,45.3,heading
heading1720,122.0,heading
heading1721,124.3,heading
heading1722,15.0,heading
heading1723,324.80002,heading
heading1724,130.0,heading
heading1725,296.80002,heading
heading1726,28.0,heading
heading1727,2.0,heading
heading1728,182.5,heading
heading1729,43.2,heading
heading1730,258.1,heading
heading1731,334.0,heading
heading1732,250.5,heading
heading1733,200.0,heading
heading1734,187.0,heading
heading1735,325.0,heading
heading1736,335.7,heading
heading1737,212.9,heading
heading1738,313.5,heading
heading1739,11.8,heading
heading1740,59.4,heading
heading1741,160.7,heading
heading1742,138.0,heading
heading1743,89.6,heading
heading1744,134.2,heading
heading1745,299.6,heading
heading1746,137.1,heading
heading1747,204.0,heading
heading1748,347.1,heading
heading1749,77.3,heading
heading1750,127.0,heading
heading1751,255.0,heading
heading1752,245.7,heading
heading1753,144.0,heading
heading1754,29.300001,heading
heading1755,351.8,heading
heading1756,188.7,heading
heading1757,57.9,heading
heading1758,229.8,heading
heading1759,299.2,heading
heading1760,283.0,heading
heading1761,292.5,heading
heading1762,35.1,heading
heading1763,242.7,heading
heading1764,247.5,heading
heading1765,120.7,heading
heading1766,2.2,heading
heading1767,317.0,heading
heading1768,85.4,heading
heading1769,112.6,heading
heading1770,162.9,heading
heading1771,300.5,heading
heading1772,182.0,heading
heading1773,306.0,heading
heading1774,228.7,heading
heading1775,164.0,heading
heading1776,269.4,heading
heading1777,182.5,heading
heading1778,41.3,heading
heading1779,357.0,heading
heading1780,113.5,heading
heading1781,110.8,heading
heading1782,67.6,heading
heading1783,204.1,heading
heading1784,110.5,heading
heading1785,38.6,heading
heading1786,277.4,heading
heading1787,27.8,heading
heading1788,115.0,heading
heading1789,264.1,heading
heading1790,108.4,heading
heading1791,193.4,heading
heading1792,176.0,heading
heading1793,216.0,heading
heading1794,78.0,heading
heading1795,309.9,heading
heading1796,273.3,heading
heading1797,0.0,heading
heading1798,0.0,heading
heading1799,356.7,heading
heading1800,139.9,heading
heading1801,47.5,heading
heading1802,50.100002,heading
heading1803,195.4,heading
heading1804,198.3,heading
heading1805,205.4,heading
heading1806,72.9,heading
heading1807,154.0,heading
heading1808,186.8,heading
heading1809,256.0,heading
heading1810,167.3,heading
heading1811,281.6,heading
heading1812,32.0,heading
heading1813,248.6,heading
heading1814,196.1,heading
heading1815,158.0,heading
heading1816,276.0,heading
heading1817,312.6,heading
heading1818,65.8,heading
heading1819,252.2,heading
heading1820,67.3,heading
heading1821,57.2,heading
heading1822,56.9,heading
heading1823,202.8,heading
heading1824,18.300001,heading
heading1825,34.9,heading
heading1826,358.8,heading
heading1827,0.3,heading
heading1828,240.8,heading
heading1829,146.0,heading
heading1830,9.0,heading
heading1831,271.6,heading
heading1832,345.4,heading
heading1833,202.0,heading
heading1834,247.4,heading
heading1835,281.1,heading
heading1836,26.6,heading
heading1837,118.0,heading
heading1838,4.7,heading
heading1839,84.2,heading
heading1840,206.40001,heading
heading1841,33.600002,heading
heading1842,123.4,heading
heading1843,122.4,heading
heading1844,72.6,heading
heading1845,89.200005,heading
heading1846,249.0,heading
heading1847,225.0,heading
heading1848,37.9,heading
heading1849,324.1,heading
heading1850,193.0,heading
heading1851,342.0,heading
heading1852,339.7,heading
heading1853,173.0,heading
heading1854,262.7,heading
heading1855,337.3,heading
heading1856,291.2,heading
heading1857,333.7,heading
heading1858,94.0,heading
heading1859,311.6,heading
heading1860,345.9,heading
heading1861,164.40001,heading
heading1862,263.30002,heading
heading1863,290.9,heading
heading1864,26.8,heading
heading1865,110.9,heading
heading1866,52.9,heading
heading1867,24.9,heading
heading1868,327.0,heading
heading1869,98.0,heading
heading1870,192.2,heading
heading1871,187.1,heading
heading1872,204.2,heading
heading1873,303.6,heading
heading1874,75.4,heading
heading1875,133.0,heading
heading1876,55.0,heading
heading1877,306.5,heading
heading1878,87.2,heading
heading1879,227.0,heading
heading1880,88.9,heading
heading1881,107.0,heading
heading1882,70.6,heading
heading1883,19.800001,heading
heading1884,227.0,heading
heading1885,318.2,heading
heading1886,46.2,heading
heading1887,187.0,heading
heading1888,265.9,heading
heading1889,208.6,heading
heading1890,14.5,heading
heading1891,206.2,heading
heading1892,329.0,heading
heading1893,179.4,heading
heading1894,283.3,heading
heading1895,64.8,heading
heading1896,286.4,heading
heading1897,285.7,heading
heading1898,149.40001,heading
heading1899,305.0,heading
heading1900,93.4,heading
heading1901,222.0,heading
heading1902,132.5,heading
heading1903,43.0,heading
heading1904,170.0,heading
heading1905,17.6,heading
heading1906,173.40001,heading
heading1907,129.0,heading
heading1908,193.6,heading
heading1909,228.0,heading
heading1910,224.0,heading
heading1911,130.0,heading
heading1912,239.4,heading
heading1913,200.7,heading
heading1914,176.6,heading
heading1915,123.0,heading
heading1916,258.1,heading
heading1917,246.5,heading
heading1918,151.7,heading
heading1919,351.6,heading
heading1920,6.1,heading
heading1921,312.6,heading
heading1922,341.7,heading
heading1923,288.9,heading
heading1924,357.5,heading
heading1925,25.0,heading
heading1926,11.7,heading
heading1927,169.2,heading
heading1928,229.1,heading
heading1929,93.2,heading
heading1930,276.0,heading
heading1931,333.1,heading
heading1932,293.0,heading
heading1933,294.2,heading
heading1934,338.2,heading
heading1935,300.0,heading
heading1936,327.0,heading
heading1937,351.1,heading
heading1938,152.0,heading
heading1939,349.3,heading
heading1940,8.0,heading
heading1941,158.4,heading
heading1942,234.7,heading
heading1943,223.0,heading
heading1944,340.80002,heading
heading1945,360.0,heading
heading1946,144.3,heading
heading1947,215.0,heading
heading1948,45.2,heading
heading1949,304.4,heading
heading1950,55.2,heading
heading1951,306.9,heading
heading1952,76.700005,heading
heading1953,51.0,heading
heading1954,290.9,heading
heading1955,194.0,heading
heading1956,206.9,heading
heading1957,300.9,heading
heading1958,15.1,heading
heading1959,105.3,heading
heading1960,319.9,heading
heading1961,334.9,heading
heading1962,271.5,heading
heading1963,32.8,heading
heading1964,92.3,heading
heading1965,228.0,heading
heading1966,225.0,heading
heading1967,3.9,heading
heading1968,0.0,heading
heading1969,222.0,heading
heading1970,241.5,heading
heading1971,319.1,heading
heading1972,183.9,heading
heading1973,52.2,heading
heading1974,222.40001,heading
heading1975,307.80002,heading
heading1976,106.4,heading
heading1977,174.0,heading
heading1978,212.0,heading
heading1979,10.0,heading
heading1980,52.7,heading
heading1981,232.0,heading
heading1982,130.8,heading
heading1983,261.4,heading
heading1984,285.5,heading
heading1985,309.0,heading
heading1986,51.2,heading
heading1987,87.6,heading
heading1988,239.6,heading
heading1989,347.4,heading
heading1990,221.3,heading
heading1991,130.7,heading
heading1992,334.2,heading
heading1993,203.8,heading
heading1994,262.1,heading
heading1995,350.9,heading
heading1996,239.1,heading
heading1997,56.0,heading
heading1998,286.30002,heading
heading1999,186.0,heading
heading2000,23.8,heading
heading2001,162.0,heading
heading2002,73.0,heading
heading2003,87.0,heading
heading2004,337.2,heading
heading2005,40.0,heading
heading2006,149.4,heading
heading2007,129.2,heading
heading2008,182.5,heading
heading2009,16.1,heading
heading2010,254.1,heading
heading2011,127.9,heading
heading2012,281.0,heading
heading2013,101.8,heading
heading2014,136.0,heading
heading2015,234.0,heading
heading2016,282.0,heading
heading2017,335.7,heading
heading2018,268.0,heading
heading2019,75.0,heading
heading2020,39.9,heading
heading2021,264.0,heading
heading2022,301.3,heading
heading2023,130.3,heading
heading2024,113.1,heading
heading2025,284.6,heading
heading2026,4.0,heading
heading2027,325.0,heading
heading2028,289.4,heading
heading2029,298.0,heading
heading2030,276.5,heading
heading2031,244.6,heading
heading2032,348.0,heading
heading2033,78.6,heading
heading2034,135.0,heading
heading2035,112.5,heading
heading2036,350.7,heading
heading2037,278.2,heading
heading2038,206.1,heading
heading2039,324.7,heading
heading2040,304.0,heading
heading2041,187.0,heading
heading2042,170.3,heading
heading2043,332.0,heading
heading2044,27.3,heading
heading2045,358.80002,heading
heading2046,132.3,heading
heading2047,358.1,heading
heading2048,91.9,heading
heading2049,319.1,heading
heading2050,270.9,heading
heading2051,8.2,heading
heading2052,239.8,heading
heading2053,173.0,heading
heading2054,279.3,heading
heading2055,100.7,heading
heading2056,206.0,heading
heading2057,138.0,heading
heading2058,171.5,heading
heading2059,346.7,heading
heading2060,9.5,heading
heading2061,19.0,heading
heading2062,320.5,heading
heading2063,234.1,heading
heading2064,76.4,heading
heading2065,240.7,heading
heading2066,191.40001,heading
heading2067,104.5,heading
heading2068,196.4,heading
heading2069,242.4,heading
heading2070,72.5,heading
heading2071,124.0,heading
heading2072,148.3,heading
heading2073,108.2,heading
heading2074,101.0,heading
heading2075,212.0,heading
heading2076,41.0,heading
heading2077,176.9,heading
heading2078,357.2,heading
heading2079,0.0,heading
heading2080,93.4,heading
heading2081,84.1,heading
heading2082,95.6,heading
heading2083,244.7,heading
heading2084,65.4,heading
heading2085,154.7,heading
heading2086,183.0,heading
heading2087,307.0,heading
heading2088,87.9,heading
heading2089,8.0,heading
heading2090,169.3,heading
heading2091,145.9,heading
heading2092,24.800001,heading
heading2093,246.0,heading
heading2094,304.1,heading
heading2095,281.0,heading
heading2096,310.3,heading
heading2097,77.0,heading
heading2098,98.0,heading
heading2099,346.0,heading
heading2100,95.0,heading
heading2101,140.9,heading
heading2102,78.5,heading
heading2103,22.6,heading
heading2104,333.7,heading
heading2105,224.9,heading
heading2106,1.9,heading
heading2107,93.6,heading
heading2108,270.1,heading
heading2109,102.0,heading
heading2110,12.0,heading
heading2111,74.9,heading
heading2112,231.3,heading
heading2113,221.3,heading
heading2114,290.7,heading
heading2115,134.3,heading
heading2116,247.8,heading
heading2117,66.6,heading
heading2118,102.4,heading
heading2119,33.0,heading
heading2120,85.0,heading
heading2121,134.0,heading
heading2122,3.2,heading
heading2123,143.8,heading
heading2124,357.2,heading
heading2125,329.0,heading
heading2126,301.7,heading
heading2127,90.9,heading
heading2128,166.5,heading
heading2129,250.9,heading
heading2130,184.7,heading
heading2131,270.0,heading
heading2132,183.4,heading
heading2133,226.6,heading
heading2134,346.0,heading
heading2135,174.5,heading
heading2136,276.1,heading
heading2137,176.0,heading
heading2138,227.9,heading
heading2139,3.0,heading
heading2140,42.9,heading
heading2141,85.0,heading
heading2142,171.0,heading
heading2143,344.7,heading
heading2144,183.4,heading
heading2145,239.0,heading
heading2146,194.7,heading
heading2147,340.8,heading
heading2148,28.4,heading
heading2149,12.900001,heading
heading2150,316.3,heading
heading2151,311.6,heading
heading2152,45.2,heading
heading2153,328.7,heading
heading2154,98.700005,heading
heading2155,197.7,heading
heading2156,203.3,heading
heading2157,334.0,heading
heading2158,302.2,heading
heading2159,75.5,heading
heading2160,114.3,heading
heading2161,242.0,heading
heading2162,308.1,heading
heading2163,89.9,heading
heading2164,123.5,heading
heading2165,143.90001,heading
heading2166,145.0,heading
heading2167,67.9,heading
heading2168,127.1,heading
heading2169,231.0,heading
heading2170,181.3,heading
heading2171,25.8,heading
heading2172,265.9,heading
heading2173,13.0,heading
heading2174,236.9,heading
heading2175,323.0,heading
heading2176,192.1,heading
heading2177,66.2,heading
heading2178,287.1,heading
heading2179,192.0,heading
heading2180,148.1,heading
heading2181,304.0,heading
heading2182,19.9,heading
heading2183,354.3,heading
heading2184,270.0,heading
heading2185,176.8,heading
heading2186,236.7,heading
heading2187,199.0,heading
heading2188,41.5,heading
heading2189,340.80002,heading
heading2190,174.1,heading
heading2191,25.6,heading
heading2192,102.3,heading
heading2193,156.0,heading
heading2194,217.3,heading
heading2195,195.5,heading
heading2196,146.0,heading
heading2197,128.0,heading
heading2198,157.1,heading
heading2199,170.8,heading
heading2200,267.7,heading
heading2201,83.4,heading
heading2202,88.7,heading
heading2203,242.2,heading
heading2204,353.1,heading
heading2205,4.6,heading
heading2206,2.5,heading
heading2207,225.6,heading
heading2208,352.0,heading
heading2209,222.1,heading
heading2210,27.0,heading
heading2211,355.5,heading
heading2212,31.1,heading
heading2213,10.0,heading
heading2214,144.7,heading
heading2215,179.0,heading
heading2216,223.0,heading
heading2217,91.5,heading
heading2218,161.0,heading
heading2219,350.4,heading
heading2220,116.8,heading
heading2221,156.90001,heading
heading2222,273.4,heading
heading2223,343.8,heading
heading2224,235.0,heading
heading2225,161.0,heading
heading2226,299.0,heading
heading2227,16.2,heading
heading2228,70.4,heading
heading2229,180.0,heading
heading2230,143.0,heading
heading2231,196.0,heading
heading2232,347.8,heading
heading2233,310.0,heading
heading2234,150.6,heading
heading2235,12.5,heading
heading2236,56.0,heading
heading2237,339.5,heading
heading2238,320.1,heading
heading2239,360.0,heading
heading2240,279.9,heading
heading2241,280.0,heading
heading2242,207.0,heading
heading2243,32.0,heading
heading2244,137.9,heading
heading2245,296.6,heading
heading2246,18.3,heading
heading2247,282.9,heading
heading2248,212.4,heading
heading2249,151.7,heading
heading2250,178.0,heading
heading2251,53.2,heading
heading2252,42.5,heading
heading2253,244.0,heading
heading2254,39.6,heading
heading2255,153.1,heading
heading2256,12.0,heading
heading2257,188.7,heading
heading2258,15.3,heading
heading2259,5.6,heading
heading2260,103.9,heading
heading2261,299.0,heading
heading2262,359.1,heading
heading2263,222.4,heading
heading2264,360.0,heading
heading2265,28.5,heading
heading2266,16.6,heading
heading2267,223.1,heading
heading2268,,heading
heading2269,353.8,heading
heading2270,47.7,heading
heading2271,157.0,heading
heading2272,246.8,heading
heading2273,156.0,heading
heading2274,0.0,heading
heading2275,172.0,heading
heading2276,359.3,heading
heading2277,33.100002,heading
heading2278,47.0,heading
heading2279,0.0,heading
heading2280,287.6,heading
heading2281,154.0,heading
heading2282,5.0,heading
heading2283,257.3,heading
heading2284,35.0,heading
heading2285,349.1,heading
heading2286,86.8,heading
heading2287,182.0,heading
heading2288,95.2,heading
heading2289,304.0,heading
heading2290,285.5,heading
heading2291,48.9,heading
heading2292,346.6,heading
heading2293,258.0,heading
heading2294,232.6,heading
heading2295,137.3,heading
heading2296,301.3,heading
heading2297,336.0,heading
heading2298,203.40001,heading
heading2299,266.4,heading
heading2300,53.0,heading
heading2301,0.0,heading
heading2302,186.0,heading
heading2303,22.7,heading
heading2304,173.0,heading
heading2305,90.0,heading
heading2306,165.0,heading
heading2307,190.4,heading
heading2308,337.2,heading
heading2309,171.6,heading
heading2310,297.9,heading
heading2311,217.4,heading
heading2312,191.5,heading
heading2313,254.1,heading
heading2314,127.0,heading
heading2315,65.0,heading
heading2316,8.0,heading
heading2317,232.0,heading
heading2318,302.0,heading
heading2319,240.4,heading
heading2320,14.8,heading
heading2321,335.7,heading
heading2322,165.0,heading
heading2323,42.100002,heading
heading2324,281.1,heading
heading2325,242.0,heading
heading2326,319.4,heading
heading2327,106.0,heading
heading2328,251.7,heading
heading2329,236.6,heading
heading2330,328.30002,heading
heading2331,264.0,heading
heading2332,306.8,heading
heading2333,347.9,heading
heading2334,135.0,heading
heading2335,300.6,heading
heading2336,143.0,heading
heading2337,141.7,heading
heading2338,58.2,heading
heading2339,237.0,heading
heading2340,182.3,heading
heading2341,44.8,heading
heading2342,23.5,heading
heading2343,8.4,heading
heading2344,352.4,heading
heading2345,242.7,heading
heading2346,248.8,heading
heading2347,91.8,heading
heading2348,291.2,heading
heading2349,0.7,heading
heading2350,226.0,heading
heading2351,349.2,heading
heading2352,191.7,heading
heading2353,64.6,heading
heading2354,358.6,heading
heading2355,42.4,heading
heading2356,236.1,heading
heading2357,329.3,heading
heading2358,357.0,heading
heading2359,297.3,heading
heading2360,250.0,heading
heading2361,138.0,heading
heading2362,180.5,heading
heading2363,55.8,heading
heading2364,151.8,heading
heading2365,157.0,heading
heading2366,237.0,heading
heading2367,67.4,heading
heading2368,65.0,heading
heading2369,104.3,heading
heading2370,86.3,heading
heading2371,107.3,heading
heading2372,29.5,heading
heading2373,145.7,heading
heading2374,207.0,heading
heading2375,40.3,heading
heading2376,84.0,heading
heading2377,27.5,heading
heading2378,81.7,heading
heading2379,107.2,heading
heading2380,256.3,heading
heading2381,82.0,heading
heading2382,216.0,heading
heading2383,3.0,heading
heading2384,324.80002,heading
heading2385,6.0,heading
heading2386,35.1,heading
heading2387,11.0,heading
heading2388,134.5,heading
heading2389,261.2,heading
heading2390,204.2,heading
heading2391,340.2,heading
heading2392,101.9,heading
heading2393,185.2,heading
heading2394,241.0,heading
heading2395,67.5,heading
heading2396,114.4,heading
heading2397,185.3,heading
heading2398,293.0,heading
heading2399,167.6,heading
heading2400,177.7,heading
heading2401,237.8,heading
heading2402,23.7,heading
heading2403,247.40001,heading
heading2404,13.0,heading
heading2405,269.2,heading
heading2406,29.2,heading
heading2407,284.0,heading
heading2408,310.3,heading
heading2409,207.1,heading
heading2410,200.0,heading
heading2411,93.0,heading
heading2412,349.6,heading
heading2413,99.5,heading
heading2414,149.2,heading
heading2415,79.1,heading
heading2416,357.0,heading
heading2417,17.8,heading
heading2418,353.4,heading
heading2419,60.3,heading
heading2420,116.3,heading
heading2421,9.0,heading
heading2422,14.2,heading
heading2423,224.5,heading
heading2424,266.0,heading
heading2425,69.0,heading
heading2426,211.8,heading
heading2427,181.3,heading
heading2428,246.5,heading
heading2429,98.6,heading
heading2430,32.0,heading
heading2431,110.0,heading
heading2432,30.8,heading
heading2433,315.2,heading
heading2434,357.4,heading
heading2435,47.0,heading
heading2436,132.6,heading
heading2437,222.6,heading
heading2438,223.90001,heading
heading2439,243.0,heading
heading2440,210.3,heading
heading2441,247.4,heading
heading2442,128.6,heading
heading2443,270.0,heading
heading2444,322.9,heading
heading2445,57.5,heading
heading2446,63.9,heading
heading2447,33.0,heading
heading2448,267.9,heading
heading2449,141.5,heading
heading2450,100.9,heading
heading2451,225.8,heading
heading2452,136.1,heading
heading2453,53.9,heading
heading2454,86.0,heading
heading2455,29.0,heading
heading2456,311.6,heading
heading2457,347.9,heading
heading2458,281.0,heading
heading2459,345.5,heading
heading2460,200.9,heading
heading2461,23.6,heading
heading2462,7.8,heading
heading2463,139.7,heading
heading2464,308.3,heading
heading2465,46.1,heading
heading2466,8.0,heading
heading2467,327.9,heading
heading2468,154.8,heading
heading2469,46.0,heading
heading2470,0.4,heading
heading2471,334.0,heading
heading2472,66.4,heading
heading2473,111.700005,heading
heading2474,66.0,heading
heading2475,307.9,heading
heading2476,91.0,heading
heading2477,135.90001,heading
heading2478,155.0,heading
heading2479,199.40001,heading
heading2480,170.0,heading
heading2481,82.9,heading
heading2482,189.3,heading
heading2483,258.0,heading
heading2484,1.5,heading
heading2485,2.3,heading
heading2486,5.4,heading
heading2487,27.6,heading
heading2488,156.5,heading
heading2489,326.0,heading
heading2490,188.4,heading
heading2491,283.3,heading
heading2492,64.6,heading
heading2493,323.2,heading
heading2494,308.0,heading
heading2495,157.5,heading
heading2496,304.0,heading
heading2497,0.6,heading
heading2498,269.0,heading
heading2499,90.1,heading
heading2500,236.7,heading
heading2501,56.0,heading
heading2502,35.2,heading
heading2503,167.6,heading
heading2504,25.6,heading
heading2505,212.90001,heading
heading2506,89.0,heading
heading2507,174.0,heading
heading2508,215.3,heading
heading2509,176.8,heading
heading2510,129.0,heading
heading2511,136.5,heading
heading2512,13.0,heading
heading2513,267.3,heading
heading2514,248.6,heading
heading2515,85.8,heading
heading2516,345.2,heading
heading2517,35.100002,heading
heading2518,353.7,heading
heading2519,6.0,heading
heading2520,352.80002,heading
heading2521,353.0,heading
heading2522,129.90001,heading
heading2523,15.0,heading
heading2524,356.8,heading
heading2525,20.5,heading
heading2526,13.8,heading
heading2527,178.5,heading
heading2528,93.0,heading
heading2529,228.3,heading
heading2530,90.8,heading
heading2531,174.1,heading
heading2532,182.0,heading
heading2533,292.80002,heading
heading2534,347.7,heading
heading2535,344.0,heading
heading2536,113.0,heading
heading2537,280.0,heading
heading2538,46.0,heading
heading2539,90.9,heading
heading2540,304.8,heading
heading2541,119.9,heading
heading2542,89.0,heading
heading2543,221.0,heading
heading2544,355.6,heading
heading2545,143.8,heading
heading2546,29.0,heading
heading2547,183.0,heading
heading2548,190.0,heading
heading2549,280.5,heading
heading2550,360.0,heading
heading2551,208.0,heading
heading2552,220.0,heading
heading2553,298.8,heading
heading2554,300.30002,heading
heading2555,210.3,heading
heading2556,352.0,heading
heading2557,192.0,heading
heading2558,50.9,heading
heading2559,71.9,heading
heading2560,244.0,heading
heading2561,352.0,heading
heading2562,167.6,heading
heading2563,189.8,heading
heading2564,7.6,heading
heading2565,19.1,heading
heading2566,154.4,heading
heading2567,312.9,heading
heading2568,214.0,heading
heading2569,271.5,heading
heading2570,51.100002,heading
heading2571,285.9,heading
heading2572,62.0,heading
heading2573,208.0,heading
heading2574,45.0,heading
heading2575,353.30002,heading
heading2576,0.0,heading
heading2577,210.1,heading
heading2578,209.7,heading
heading2579,215.4,heading
heading2580,312.4,heading
heading2581,283.30002,heading
heading2582,75.2,heading
heading2583,318.0,heading
heading2584,79.0,heading
heading2585,57.100002,heading
heading2586,353.9,heading
heading2587,57.0,heading
heading2588,50.3,heading
heading2589,0.0,heading
heading2590,48.0,heading
heading2591,0.0,heading
heading2592,115.5,heading
heading2593,258.0,heading
heading2594,280.6,heading
heading2595,322.2,heading
heading2596,337.2,heading
heading2597,215.6,heading
heading2598,245.9,heading
heading2599,350.9,heading
heading2600,54.0,heading
heading2601,22.4,heading
heading2602,259.0,heading
heading2603,86.5,heading
heading2604,13.8,heading
heading2605,9.0,heading
heading2606,70.8,heading
heading2607,130.0,heading
heading2608,169.40001,heading
heading2609,328.0,heading
heading2610,129.0,heading
heading2611,231.0,heading
heading2612,47.5,heading
heading2613,128.1,heading
heading2614,26.0,heading
heading2615,209.0,heading
heading2616,30.0,heading
heading2617,112.1,heading
heading2618,228.0,heading
heading2619,198.0,heading
heading2620,25.0,heading
heading2621,335.7,heading
heading2622,283.0,heading
heading2623,0.0,heading
heading2624,90.3,heading
heading2625,348.0,heading
heading2626,297.2,heading
heading2627,338.2,heading
heading2628,114.3,heading
heading2629,214.0,heading
heading2630,269.1,heading
heading2631,351.30002,heading
heading2632,226.0,heading
heading2633,13.8,heading
heading2634,55.4,heading
heading2635,242.7,heading
heading2636,176.8,heading
heading2637,290.0,heading
heading2638,21.6,heading
heading2639,47.9,heading
heading2640,354.9,heading
heading2641,252.5,heading
heading2642,92.8,heading
heading2643,270.1,heading
heading2644,0.7,heading
heading2645,44.3,heading
heading2646,359.3,heading
heading2647,62.7,heading
heading2648,272.0,heading
heading2649,62.1,heading
heading2650,244.0,heading
heading2651,339.7,heading
heading2652,219.5,heading
heading2653,161.6,heading
heading2654,153.0,heading
heading2655,178.5,heading
heading2656,178.7,heading
heading2657,283.8,heading
heading2658,316.1,heading
heading2659,315.2,heading
heading2660,69.2,heading
heading2661,97.2,heading
heading2662,90.7,heading
heading2663,102.6,heading
heading2664,86.4,heading
heading2665,23.9,heading
heading2666,114.8,heading
heading2667,336.80002,heading
heading2668,55.6,heading
heading2669,90.0,heading
heading2670,27.5,heading
heading2671,184.40001,heading
heading2672,85.2,heading
heading2673,105.4,heading
heading2674,210.7,heading
heading2675,273.0,heading
heading2676,215.0,heading
heading2677,296.5,heading
heading2678,3.0,heading
heading2679,270.3,heading
heading2680,293.0,heading
heading2681,261.2,heading
heading2682,14.2,heading
heading2683,345.0,heading
heading2684,97.7,heading
heading2685,210.3,heading
heading2686,242.1,heading
heading2687,63.0,heading
heading2688,85.4,heading
heading2689,186.6,heading
heading2690,89.6,heading
heading2691,28.800001,heading
heading2692,118.2,heading
heading2693,40.2,heading
heading2694,140.3,heading
heading2695,28.6,heading
heading2696,339.6,heading
heading2697,319.0,heading
heading2698,290.0,heading
heading2699,311.4,heading
heading2700,76.3,heading
heading2701,45.0,heading
heading2702,88.1,heading
heading2703,20.4,heading
heading2704,289.1,heading
heading2705,261.4,heading
heading2706,169.4,heading
heading2707,224.7,heading
heading2708,56.9,heading
heading2709,307.9,heading
heading2710,282.7,heading
heading2711,14.0,heading
heading2712,1.1,heading
heading2713,58.5,heading
heading2714,121.9,heading
heading2715,340.0,heading
heading2716,153.0,heading
heading2717,9.0,heading
heading2718,265.1,heading
heading2719,147.9,heading
heading2720,248.0,heading
heading2721,271.0,heading
heading2722,157.6,heading
heading2723,205.5,heading
heading2724,248.2,heading
heading2725,66.6,heading
heading2726,237.2,heading
heading2727,328.1,heading
heading2728,36.7,heading
heading2729,58.0,heading
heading2730,12.6,heading
heading2731,251.0,heading
heading2732,140.0,heading
heading2733,164.0,heading
heading2734,133.8,heading
heading2735,302.6,heading
heading2736,17.9,heading
heading2737,248.90001,heading
heading2738,195.9,heading
heading2739,254.1,heading
heading2740,185.4,heading
heading2741,299.4,heading
heading2742,220.6,heading
heading2743,281.2,heading
heading2744,25.0,heading
heading2745,331.7,heading
heading2746,276.5,heading
heading2747,263.0,heading
heading2748,114.0,heading
heading2749,63.5,heading
heading2750,85.0,heading
heading2751,347.2,heading
heading2752,5.1,heading
heading2753,297.2,heading
heading2754,62.100002,heading
heading2755,17.6,heading
heading2756,128.9,heading
heading2757,315.2,heading
heading2758,325.2,heading
heading2759,161.0,heading
heading2760,356.0,heading
heading2761,303.0,heading
heading2762,166.90001,heading
heading2763,182.8,heading
heading2764,78.200005,heading
heading2765,114.6,heading
heading2766,56.0,heading
heading2767,307.0,heading
heading2768,90.3,heading
heading2769,42.0,heading
heading2770,205.3,heading
heading2771,148.0,heading
heading2772,3.8,heading
heading2773,231.0,heading
heading2774,206.9,heading
heading2775,261.0,heading
heading2776,38.2,heading
heading2777,234.3,heading
heading2778,209.3,heading
heading2779,265.9,heading
heading2780,217.8,heading
heading2781,172.6,heading
heading2782,210.9,heading
heading2783,327.0,heading
heading2784,239.0,heading
heading2785,43.2,heading
heading2786,357.9,heading
heading2787,191.5,heading
heading2788,100.1,heading
heading2789,158.3,heading
heading2790,303.0,heading
heading2791,93.4,heading
heading2792,336.1,heading
heading2793,87.3,heading
heading2794,114.4,heading
heading2795,21.6,heading
heading2796,177.0,heading
heading2797,25.8,heading
heading2798,293.4,heading
heading2799,143.0,heading
heading2800,285.2,heading
heading2801,160.7,heading
heading2802,211.0,heading
heading2803,132.0,heading
heading2804,88.2,heading
heading2805,37.5,heading
heading2806,266.5,heading
heading2807,322.2,heading
heading2808,323.6,heading
heading2809,90.7,heading
heading2810,348.9,heading
heading2811,219.0,heading
heading2812,352.2,heading
heading2813,332.4,heading
heading2814,35.3,heading
heading2815,270.0,heading
heading2816,341.0,heading
heading2817,354.6,heading
heading2818,23.1,heading
heading2819,15.0,heading
heading2820,173.4,heading
heading2821,80.0,heading
heading2822,223.7,heading
heading2823,94.1,heading
heading2824,6.5,heading
heading2825,213.0,heading
heading2826,103.2,heading
heading2827,20.2,heading
heading2828,174.7,heading
heading2829,358.7,heading
heading2830,358.0,heading
heading2831,325.0,heading
heading2832,48.0,heading
heading2833,85.0,heading
heading2834,126.1,heading
heading2835,75.0,heading
heading2836,149.0,heading
heading2837,6.4,heading
heading2838,143.8,heading
heading2839,32.0,heading
heading2840,145.3,heading
heading2841,151.8,heading
heading2842,185.0,heading
heading2843,43.5,heading
heading2844,320.1,heading
heading2845,360.0,heading
heading2846,279.9,heading
heading2847,302.0,heading
heading2848,208.0,heading
heading2849,219.1,heading
heading2850,300.3,heading
heading2851,78.4,heading
heading2852,304.7,heading
heading2853,354.0,heading
heading2854,189.5,heading
heading2855,279.0,heading
heading2856,128.7,heading
heading2857,269.0,heading
heading2858,356.6,heading
heading2859,21.0,heading
heading2860,10.4,heading
heading2861,11.2,heading
heading2862,145.0,heading
heading2863,35.6,heading
heading2864,285.7,heading
heading2865,342.1,heading
heading2866,167.1,heading
heading2867,120.200005,heading
heading2868,210.3,heading
heading2869,,heading
heading2870,13.1,heading
heading2871,0.0,heading
heading2872,109.0,heading
heading2873,246.8,heading
heading2874,54.0,heading
heading2875,164.5,heading
heading2876,214.0,heading
heading2877,224.2,heading
heading2878,231.3,heading
heading2879,146.5,heading
heading2880,216.0,heading
heading2881,98.0,heading
heading2882,118.0,heading
heading2883,79.0,heading
heading2884,88.9,heading
heading2885,227.90001,heading
heading2886,337.9,heading
heading2887,224.0,heading
heading2888,5.0,heading
heading2889,119.0,heading
heading2890,212.5,heading
heading2891,118.0,heading
heading2892,46.8,heading
heading2893,149.0,heading
heading2894,55.9,heading
heading2895,22.2,heading
heading2896,51.3,heading
heading2897,285.5,heading
heading2898,188.0,heading
heading2899,48.1,heading
heading2900,39.0,heading
heading2901,24.6,heading
heading2902,258.0,heading
heading2903,320.0,heading
heading2904,319.2,heading
heading2905,346.5,heading
heading2906,335.6,heading
heading2907,215.3,heading
heading2908,214.3,heading
heading2909,350.9,heading
heading2910,214.7,heading
heading2911,212.0,heading
heading2912,24.0,heading
heading2913,137.0,heading
heading2914,259.0,heading
heading2915,84.4,heading
heading2916,56.8,heading
heading2917,337.2,heading
heading2918,181.0,heading
heading2919,122.0,heading
heading2920,235.7,heading
heading2921,264.0,heading
heading2922,41.5,heading
heading2923,133.7,heading
heading2924,170.0,heading
heading2925,65.0,heading
heading2926,124.1,heading
heading2927,178.0,heading
heading2928,350.4,heading
heading2929,19.0,heading
heading2930,50.0,heading
heading2931,263.8,heading
heading2932,23.0,heading
heading2933,215.2,heading
heading2934,257.6,heading
heading2935,0.0,heading
heading2936,85.8,heading
heading2937,360.0,heading
heading2938,350.6,heading
heading2939,94.1,heading
heading2940,327.80002,heading
heading2941,84.5,heading
heading2942,200.7,heading
heading2943,348.5,heading
heading2944,133.0,heading
heading2945,115.1,heading
heading2946,266.2,heading
heading2947,20.6,heading
heading2948,16.4,heading
heading2949,12.5,heading
heading2950,278.2,heading
heading2951,249.2,heading
heading2952,184.0,heading
heading2953,133.9,heading
heading2954,248.0,heading
heading2955,7.0,heading
heading2956,183.6,heading
heading2957,21.0,heading
heading2958,3.7,heading
heading2959,211.0,heading
heading2960,300.30002,heading
heading2961,242.7,heading
heading2962,213.7,heading
heading2963,93.3,heading
heading2964,14.8,heading
heading2965,41.1,heading
heading2966,86.1,heading
heading2967,309.4,heading
heading2968,85.4,heading
heading2969,301.2,heading
heading2970,49.7,heading
heading2971,228.5,heading
heading2972,175.0,heading
heading2973,238.6,heading
heading2974,134.4,heading
heading2975,233.3,heading
heading2976,123.2,heading
heading2977,134.0,heading
heading2978,200.6,heading
heading2979,141.2,heading
heading2980,151.8,heading
heading2981,24.0,heading
heading2982,214.3,heading
heading2983,189.1,heading
heading2984,29.0,heading
heading2985,311.0,heading
heading2986,115.7,heading
heading2987,89.6,heading
heading2988,104.0,heading
heading2989,21.5,heading
heading2990,329.6,heading
heading2991,73.5,heading
heading2992,35.2,heading
heading2993,29.4,heading
heading2994,182.6,heading
heading2995,87.4,heading
heading2996,105.6,heading
heading2997,236.4,heading
heading2998,292.0,heading
heading2999,214.0,heading
heading3000,296.5,heading
heading3001,6.0,heading
heading3002,42.0,heading
heading3003,270.9,heading
heading3004,180.0,heading
heading3005,35.8,heading
heading3006,219.7,heading
heading3007,272.7,heading
heading3008,314.2,heading
heading3009,9.6,heading
heading3010,237.4,heading
heading3011,68.4,heading
heading3012,84.5,heading
heading3013,252.3,heading
heading3014,155.0,heading
heading3015,86.6,heading
heading3016,21.1,heading
heading3017,167.8,heading
heading3018,86.2,heading
heading3019,243.0,heading
heading3020,343.0,heading
heading3021,288.1,heading
heading3022,134.2,heading
heading3023,341.7,heading
heading3024,289.0,heading
heading3025,235.3,heading
heading3026,90.8,heading
heading3027,101.0,heading
heading3028,85.1,heading
heading3029,166.3,heading
heading3030,262.2,heading
heading3031,169.4,heading
heading3032,53.1,heading
heading3033,309.5,heading
heading3034,18.3,heading
heading3035,14.0,heading
heading3036,359.7,heading
heading3037,56.0,heading
heading3038,129.6,heading
heading3039,335.0,heading
heading3040,44.0,heading
heading3041,11.0,heading
heading3042,265.8,heading
heading3043,316.9,heading
heading3044,32.2,heading
heading3045,22.0,heading
heading3046,107.9,heading
heading3047,215.8,heading
heading3048,245.5,heading
heading3049,252.3,heading
heading3050,25.7,heading
heading3051,26.1,heading
heading3052,239.0,heading
heading3053,67.0,heading
heading3054,4.6,heading
heading3055,123.0,heading
heading3056,195.8,heading
heading3057,72.0,heading
heading3058,179.9,heading
heading3059,308.4,heading
heading3060,264.2,heading
heading3061,331.4,heading
heading3062,3.1000001,heading
heading3063,269.2,heading
heading3064,192.1,heading
heading3065,23.6,heading
heading3066,16.0,heading
heading3067,31.8,heading
heading3068,9.1,heading
heading3069,45.7,heading
heading3070,271.8,heading
heading3071,358.4,heading
heading3072,255.8,heading
heading3073,360.0,heading
heading3074,343.0,heading
heading3075,73.2,heading
heading3076,60.0,heading
heading3077,347.9,heading
heading3078,126.8,heading
heading3079,329.0,heading
heading3080,260.0,heading
heading3081,123.7,heading
heading3082,3.4,heading
heading3083,9.400001,heading
heading3084,205.6,heading
heading3085,231.2,heading
heading3086,39.600002,heading
heading3087,325.7,heading
heading3088,112.8,heading
heading3089,356.9,heading
heading3090,100.0,heading
heading3091,35.0,heading
heading3092,58.600002,heading
heading3093,229.0,heading
heading3094,308.2,heading
heading3095,231.5,heading
heading3096,103.0,heading
heading3097,176.3,heading
heading3098,196.1,heading
heading3099,38.0,heading
heading3100,319.0,heading
heading3101,265.0,heading
heading3102,312.2,heading
heading3103,265.9,heading
heading3104,52.6,heading
heading3105,292.7,heading
heading3106,196.6,heading
heading3107,329.0,heading
heading3108,231.9,heading
heading3109,283.3,heading
heading3110,47.1,heading
heading3111,125.4,heading
heading3112,192.3,heading
heading3113,86.200005,heading
heading3114,159.0,heading
heading3115,303.0,heading
heading3116,25.7,heading
heading3117,184.3,heading
heading3118,219.8,heading
heading3119,68.0,heading
heading3120,116.6,heading
heading3121,336.0,heading
heading3122,28.0,heading
heading3123,19.300001,heading
heading3124,172.5,heading
heading3125,25.9,heading
heading3126,353.7,heading
heading3127,302.1,heading
heading3128,181.7,heading
heading3129,209.7,heading
heading3130,299.0,heading
heading3131,273.4,heading
heading3132,263.6,heading
heading3133,322.7,heading
heading3134,60.2,heading
heading3135,350.4,heading
heading3136,248.40001,heading
heading3137,351.1,heading
heading3138,269.8,heading
heading3139,354.5,heading
heading3140,234.6,heading
heading3141,254.0,heading
heading3142,307.0,heading
heading3143,306.8,heading
heading3144,35.0,heading
heading3145,14.8,heading
heading3146,183.7,heading
heading3147,102.0,heading
heading3148,270.9,heading
heading3149,94.9,heading
heading3150,214.3,heading
heading3151,207.0,heading
heading3152,163.0,heading
heading3153,294.7,heading
heading3154,69.1,heading
heading3155,1.0,heading
heading3156,243.0,heading
heading3157,47.0,heading
heading3158,59.7,heading
heading3159,218.2,heading
heading3160,90.0,heading
heading3161,70.0,heading
heading3162,278.5,heading
heading3163,340.0,heading
heading3164,7.8,heading
heading3165,64.0,heading
heading3166,131.9,heading
heading3167,294.7,heading
heading3168,320.1,heading
heading3169,360.0,heading
heading3170,117.8,heading
heading3171,301.0,heading
heading3172,196.0,heading
heading3173,259.0,heading
heading3174,23.2,heading
heading3175,299.1,heading
heading3176,307.7,heading
heading3177,207.5,heading
heading3178,356.0,heading
heading3179,345.30002,heading
heading3180,331.0,heading
heading3181,90.8,heading
heading3182,152.2,heading
heading3183,248.0,heading
heading3184,30.2,heading
heading3185,265.1,heading
heading3186,297.80002,heading
heading3187,56.0,heading
heading3188,11.7,heading
heading3189,16.1,heading
heading3190,146.2,heading
heading3191,155.0,heading
heading3192,271.5,heading
heading3193,35.100002,heading
heading3194,344.2,heading
heading3195,360.0,heading
heading3196,30.800001,heading
heading3197,191.6,heading
heading3198,124.0,heading
heading3199,16.1,heading
heading3200,0.0,heading
heading3201,262.2,heading
heading3202,41.3,heading
heading3203,10.5,heading
heading3204,263.5,heading
heading3205,142.7,heading
heading3206,2.6000001,heading
heading3207,57.4,heading
heading3208,5.0,heading
heading3209,158.0,heading
heading3210,114.0,heading
heading3211,158.1,heading
heading3212,177.0,heading
heading3213,338.30002,heading
heading3214,24.6,heading
heading3215,285.5,heading
heading3216,287.0,heading
heading3217,51.2,heading
heading3218,221.3,heading
heading3219,42.1,heading
heading3220,68.8,heading
heading3221,258.0,heading
heading3222,256.2,heading
heading3223,349.2,heading
heading3224,335.4,heading
heading3225,217.5,heading
heading3226,218.3,heading
heading3227,179.4,heading
heading3228,22.0,heading
heading3229,197.1,heading
heading3230,47.100002,heading
heading3231,212.0,heading
heading3232,19.7,heading
heading3233,343.0,heading
heading3234,10.4,heading
heading3235,274.0,heading
heading3236,48.7,heading
heading3237,249.8,heading
heading3238,340.0,heading
heading3239,237.7,heading
heading3240,261.0,heading
heading3241,33.4,heading
heading3242,135.9,heading
heading3243,357.9,heading
heading3244,290.0,heading
heading3245,60.0,heading
heading3246,163.0,heading
heading3247,280.0,heading
heading3248,316.0,heading
heading3249,145.8,heading
heading3250,306.0,heading
heading3251,180.3,heading
heading3252,192.40001,heading
heading3253,202.5,heading
heading3254,291.2,heading
heading3255,70.5,heading
heading3256,314.30002,heading
heading3257,70.9,heading
heading3258,25.300001,heading
heading3259,194.6,heading
heading3260,46.3,heading
heading3261,347.5,heading
heading3262,136.0,heading
heading3263,168.4,heading
heading3264,314.2,heading
heading3265,22.0,heading
heading3266,19.1,heading
heading3267,147.0,heading
heading3268,257.4,heading
heading3269,137.7,heading
heading3270,116.9,heading
heading3271,181.0,heading
heading3272,70.0,heading
heading3273,236.0,heading
heading3274,18.1,heading
heading3275,0.5,heading
heading3276,295.5,heading
heading3277,188.1,heading
heading3278,93.7,heading
heading3279,146.2,heading
heading3280,16.3,heading
heading3281,11.4,heading
heading3282,91.5,heading
heading3283,88.0,heading
heading3284,111.3,heading
heading3285,234.5,heading
heading3286,211.0,heading
heading3287,272.9,heading
heading3288,175.4,heading
heading3289,31.7,heading
heading3290,23.2,heading
heading3291,143.4,heading
heading3292,32.9,heading
heading3293,321.7,heading
heading3294,151.8,heading
heading3295,256.0,heading
heading3296,51.7,heading
heading3297,13.2,heading
heading3298,218.2,heading
heading3299,114.6,heading
heading3300,103.8,heading
heading3301,131.6,heading
heading3302,83.0,heading
heading3303,21.1,heading
heading3304,297.2,heading
heading3305,314.2,heading
heading3306,112.200005,heading
heading3307,53.3,heading
heading3308,104.3,heading
heading3309,27.5,heading
heading3310,84.0,heading
heading3311,102.2,heading
heading3312,298.0,heading
heading3313,71.0,heading
heading3314,211.0,heading
heading3315,359.9,heading
heading3316,13.0,heading
heading3317,266.5,heading
heading3318,37.0,heading
heading3319,88.0,heading
heading3320,353.4,heading
heading3321,219.3,heading
heading3322,221.8,heading
heading3323,309.8,heading
heading3324,6.4,heading
heading3325,240.6,heading
heading3326,63.1,heading
heading3327,8.400001,heading
heading3328,243.3,heading
heading3329,89.2,heading
heading3330,179.3,heading
heading3331,345.3,heading
heading3332,263.2,heading
heading3333,8.8,heading
heading3334,239.0,heading
heading3335,114.0,heading
heading3336,244.1,heading
heading3337,188.7,heading
heading3338,321.8,heading
heading3339,308.0,heading
heading3340,170.5,heading
heading3341,102.700005,heading
heading3342,91.0,heading
heading3343,64.2,heading
heading3344,356.80002,heading
heading3345,97.4,heading
heading3346,299.7,heading
heading3347,185.2,heading
heading3348,56.9,heading
heading3349,306.7,heading
heading3350,92.5,heading
heading3351,328.7,heading
heading3352,185.6,heading
heading3353,14.0,heading
heading3354,57.600002,heading
heading3355,187.40001,heading
heading3356,343.0,heading
heading3357,6.0,heading
heading3358,18.5,heading
heading3359,268.7,heading
heading3360,139.90001,heading
heading3361,345.5,heading
heading3362,150.0,heading
heading3363,88.0,heading
heading3364,84.7,heading
heading3365,249.9,heading
heading3366,308.6,heading
heading3367,203.1,heading
heading3368,209.7,heading
heading3369,26.6,heading
heading3370,2.0,heading
heading3371,48.0,heading
heading3372,8.6,heading
heading3373,357.0,heading
heading3374,134.1,heading
heading3375,133.2,heading
heading3376,15.3,heading
heading3377,161.2,heading
heading3378,73.5,heading
heading3379,269.5,heading
heading3380,265.6,heading
heading3381,195.0,heading
heading3382,311.1,heading
heading3383,337.7,heading
heading3384,17.0,heading
heading3385,338.1,heading
heading3386,184.9,heading
heading3387,45.7,heading
heading3388,358.5,heading
heading3389,264.2,heading
heading3390,144.5,heading
heading3391,250.6,heading
heading3392,62.0,heading
heading3393,321.0,heading
heading3394,75.3,heading
heading3395,347.7,heading
heading3396,108.4,heading
heading3397,281.6,heading
heading3398,310.5,heading
heading3399,120.1,heading
heading3400,331.1,heading
heading3401,245.9,heading
heading3402,326.4,heading
heading3403,144.2,heading
heading3404,357.5,heading
heading3405,227.5,heading
heading3406,314.1,heading
heading3407,129.2,heading
heading3408,232.0,heading
heading3409,47.5,heading
heading3410,115.0,heading
heading3411,48.0,heading
heading3412,356.7,heading
heading3413,384.1,heading
heading3414,89.9,heading
heading3415,140.0,heading
heading3416,210.6,heading
heading3417,157.0,heading
heading3418,156.9,heading
heading3419,38.0,heading
heading3420,196.4,heading
heading3421,264.0,heading
heading3422,294.8,heading
heading3423,309.1,heading
heading3424,304.9,heading
heading3425,80.2,heading
heading3426,114.5,heading
heading3427,325.0,heading
heading3428,231.6,heading
heading3429,48.7,heading
heading3430,241.1,heading
heading3431,200.6,heading
heading3432,65.9,heading
heading3433,150.0,heading
heading3434,303.0,heading
heading3435,101.0,heading
heading3436,68.5,heading
heading3437,218.5,heading
heading3438,20.0,heading
heading3439,31.4,heading
heading3440,113.0,heading
heading3441,170.8,heading
heading3442,23.9,heading
heading3443,335.7,heading
heading3444,159.0,heading
heading3445,312.0,heading
heading3446,243.3,heading
heading3447,105.4,heading
heading3448,299.0,heading
heading3449,267.5,heading
heading3450,193.2,heading
heading3451,58.4,heading
heading3452,348.8,heading
heading3453,331.7,heading
heading3454,353.5,heading
heading3455,10.1,heading
heading3456,245.7,heading
heading3457,349.5,heading
heading3458,351.9,heading
heading3459,15.0,heading
heading3460,311.7,heading
heading3461,29.7,heading
heading3462,14.9,heading
heading3463,176.5,heading
heading3464,125.0,heading
heading3465,267.6,heading
heading3466,62.7,heading
heading3467,186.7,heading
heading3468,318.5,heading
heading3469,25.9,heading
heading3470,341.80002,heading
heading3471,209.5,heading
heading3472,332.0,heading
heading3473,329.0,heading
heading3474,50.0,heading
heading3475,271.1,heading
heading3476,57.100002,heading
heading3477,68.200005,heading
heading3478,74.0,heading
heading3479,256.4,heading
heading3480,336.0,heading
heading3481,8.0,heading
heading3482,75.0,heading
heading3483,132.1,heading
heading3484,107.1,heading
heading3485,50.0,heading
heading3486,341.3,heading
heading3487,201.6,heading
heading3488,272.8,heading
heading3489,301.0,heading
heading3490,346.2,heading
heading3491,181.0,heading
heading3492,63.0,heading
heading3493,301.1,heading
heading3494,56.2,heading
heading3495,296.6,heading
heading3496,350.0,heading
heading3497,27.300001,heading
heading3498,23.0,heading
heading3499,90.4,heading
heading3500,294.8,heading
heading3501,248.0,heading
heading3502,1.3,heading
heading3503,321.3,heading
heading3504,298.80002,heading
heading3505,50.0,heading
heading3506,4.7000003,heading
heading3507,15.7,heading
heading3508,145.7,heading
heading3509,155.7,heading
heading3510,36.7,heading
heading3511,271.5,heading
heading3512,322.2,heading
heading3513,169.1,heading
heading3514,134.2,heading
heading3515,203.0,heading
heading3516,94.0,heading
heading3517,16.6,heading
heading3518,231.7,heading
heading3519,182.0,heading
heading3520,57.0,heading
heading3521,183.4,heading
heading3522,21.3,heading
heading3523,135.0,heading
heading3524,0.0,heading
heading3525,109.7,heading
heading3526,274.0,heading
heading3527,5.0,heading
heading3528,159.0,heading
heading3529,197.0,heading
heading3530,227.0,heading
heading3531,349.7,heading
heading3532,59.5,heading
heading3533,73.700005,heading
heading3534,55.2,heading
heading3535,238.0,heading
heading3536,358.4,heading
heading3537,319.1,heading
heading3538,135.5,heading
heading3539,186.8,heading
heading3540,315.4,heading
heading3541,337.4,heading
heading3542,215.4,heading
heading3543,235.5,heading
heading3544,31.300001,heading
heading3545,249.5,heading
heading3546,321.0,heading
heading3547,19.9,heading
heading3548,222.0,heading
heading3549,44.0,heading
heading3550,228.3,heading
heading3551,337.2,heading
heading3552,128.1,heading
heading3553,26.0,heading
heading3554,128.0,heading
heading3555,61.0,heading
heading3556,25.4,heading
heading3557,270.1,heading
heading3558,251.0,heading
heading3559,233.6,heading
heading3560,47.5,heading
heading3561,135.2,heading
heading3562,7.5,heading
heading3563,188.0,heading
heading3564,35.0,heading
heading3565,118.9,heading
heading3566,7.2,heading
heading3567,333.0,heading
heading3568,238.3,heading
heading3569,344.0,heading
heading3570,251.0,heading
heading3571,234.1,heading
heading3572,347.7,heading
heading3573,264.6,heading
heading3574,205.0,heading
