entity0,leads,heading0
entity1,leads,heading1
entity2,leads,heading2
entity3,leads,heading3
entity4,leads,heading4
entity5,leads,heading5
entity6,leads,heading6
entity7,leads,heading7
entity8,leads,heading8
entity9,leads,heading9
entity10,leads,heading10
entity11,leads,heading11
entity12,leads,heading12
entity13,leads,heading13
entity14,leads,heading14
entity15,leads,heading15
entity16,leads,heading16
entity17,leads,heading17
entity18,leads,heading18
entity19,leads,heading19
entity20,leads,heading20
entity21,leads,heading21
entity22,leads,heading22
entity23,leads,heading23
entity24,leads,heading24
entity25,leads,heading25
entity26,leads,heading26
entity27,leads,heading27
entity28,leads,heading28
entity29,leads,heading29
entity30,leads,heading30
entity31,leads,heading31
entity32,leads,heading32
entity33,leads,heading33
entity34,leads,heading34
entity35,leads,heading35
entity36,leads,heading36
entity37,leads,heading37
entity38,leads,heading38
entity39,leads,heading39
entity40,leads,heading40
entity41,leads,heading41
entity42,leads,heading42
entity43,leads,heading43
entity44,leads,heading44
entity45,leads,heading45
entity46,leads,heading46
entity47,leads,heading47
entity48,leads,heading48
entity49,leads,heading49
entity50,leads,heading50
