location207,spatial location,location15
location486,adjacent,location310
location791,adjacent,location594
location_event2,escape,location3574
location_event2,escape,location3573
location_event2,escape,location3569
location_event2,escape,location3557
location_event2,escape,location3552
location_event2,escape,location3545
location_event2,escape,location3533
location_event2,escape,location3515
location_event2,escape,location3509
location_event2,escape,location3503
location_event2,escape,location3495
location_event2,escape,location3490
location_event2,escape,location3472
location_event2,escape,location3460
location_event2,escape,location3458
location_event2,escape,location3456
location_event2,escape,location3445
location_event2,escape,location3404
location_event2,escape,location3398
location_event2,escape,location3397
location_event2,escape,location3396
location_event2,escape,location3386
location_event2,escape,location3355
location_event2,escape,location3344
location_event2,escape,location3339
location_event2,escape,location3338
location_event2,escape,location3334
location_event2,escape,location3319
location_event2,escape,location3318
location_event2,escape,location3304
location_event2,escape,location3299
location_event2,escape,location3298
location_event2,escape,location3290
location_event2,escape,location3286
location_event2,escape,location3267
location_event2,escape,location3250
location_event2,escape,location3249
location_event2,escape,location3239
location_event2,escape,location3237
location_event2,escape,location3230
location_event2,escape,location3229
location_event2,escape,location3214
location_event2,escape,location3211
location_event2,escape,location3197
location_event2,escape,location3191
location_event2,escape,location3185
location_event2,escape,location3176
location_event2,escape,location3156
location_event2,escape,location3143
location_event2,escape,location3140
location_event2,escape,location3138
location_event2,escape,location3080
location_event2,escape,location3079
location_event2,escape,location3078
location_event2,escape,location3068
location_event3,escape,location3057
location_event3,escape,location3038
location_event3,escape,location3024
location_event3,escape,location3021
location_event3,escape,location3004
location_event3,escape,location2990
location_event3,escape,location2986
location_event3,escape,location2985
location_event3,escape,location2975
location_event3,escape,location2972
location_event3,escape,location2950
