time0,0:10,time
time1,1:16,time
time2,0:42,time
time3,1:8,time
time4,0:0,time
time5,0:0,time
time6,0:14,time
time7,0:20,time
time8,0:32,time
time9,0:50,time
time10,1:50,time
time11,0:10,time
time12,0:40,time
time13,0:2,time
time14,0:26,time
time15,0:2,time
time16,0:8,time
time17,1:8,time
time18,0:12,time
time19,0:14,time
time20,0:2,time
time21,0:2,time
time22,0:4,time
time23,0:38,time
time24,0:4,time
time25,1:40,time
time26,0:26,time
time27,0:10,time
time28,1:26,time
time29,0:14,time
time30,0:0,time
time31,0:8,time
time32,0:58,time
time33,0:34,time
time34,0:8,time
time35,0:0,time
time36,0:6,time
time37,0:52,time
time38,0:14,time
time39,1:40,time
time40,0:0,time
time41,1:48,time
time42,0:4,time
time43,0:42,time
time44,0:4,time
time45,0:0,time
time46,0:0,time
time47,1:44,time
time48,1:8,time
time49,0:22,time
time50,0:6,time
time51,0:10,time
time52,0:44,time
time53,0:54,time
time54,1:38,time
time55,0:32,time
time56,1:26,time
time57,1:38,time
time58,0:30,time
time59,0:12,time
time60,0:0,time
time61,1:32,time
time62,0:8,time
time63,0:38,time
time64,0:0,time
time65,0:6,time
time66,0:16,time
time67,0:6,time
time68,0:2,time
time69,1:34,time
time70,0:0,time
time71,0:0,time
time72,1:2,time
time73,0:46,time
time74,0:28,time
time75,0:24,time
time76,0:0,time
time77,1:44,time
time78,0:0,time
time79,1:8,time
time80,0:42,time
time81,0:24,time
time82,0:2,time
time83,0:0,time
time84,0:4,time
time85,0:0,time
time86,0:18,time
time87,0:44,time
time88,1:14,time
time89,0:40,time
time90,1:42,time
time91,0:0,time
time92,0:2,time
time93,0:18,time
time94,0:18,time
time95,0:22,time
time96,0:2,time
time97,1:18,time
time98,0:0,time
time99,0:0,time
time100,0:8,time
time101,0:4,time
time102,0:0,time
time103,0:0,time
time104,1:20,time
time105,0:6,time
time106,0:2,time
time107,0:16,time
time108,1:44,time
time109,0:0,time
time110,0:12,time
time111,1:22,time
time112,1:14,time
time113,0:0,time
time114,0:54,time
time115,0:16,time
time116,0:8,time
time117,1:32,time
time118,0:14,time
time119,1:12,time
time120,0:0,time
time121,0:28,time
time122,0:6,time
time123,1:44,time
time124,0:12,time
time125,0:22,time
time126,0:14,time
time127,1:44,time
time128,0:58,time
time129,0:32,time
time130,0:32,time
time131,0:10,time
time132,1:6,time
time133,0:10,time
time134,0:16,time
time135,1:10,time
time136,0:6,time
time137,1:40,time
time138,0:12,time
time139,0:10,time
time140,0:52,time
time141,1:42,time
time142,0:0,time
time143,0:30,time
time144,1:18,time
time145,0:4,time
time146,0:0,time
time147,0:34,time
time148,1:24,time
time149,0:6,time
time150,0:22,time
time151,0:10,time
time152,0:8,time
time153,0:26,time
time154,0:14,time
time155,0:20,time
time156,0:0,time
time157,0:12,time
time158,0:4,time
time159,0:16,time
time160,0:0,time
time161,0:14,time
time162,1:16,time
time163,0:6,time
time164,1:4,time
time165,0:12,time
time166,0:12,time
time167,0:14,time
time168,1:6,time
time169,0:46,time
time170,0:6,time
time171,0:8,time
time172,0:10,time
time173,0:44,time
time174,0:0,time
time175,0:8,time
time176,0:6,time
time177,1:54,time
time178,0:2,time
time179,0:54,time
time180,0:24,time
time181,0:14,time
time182,0:0,time
time183,0:36,time
time184,0:58,time
time185,0:30,time
time186,0:26,time
time187,0:24,time
time188,0:18,time
time189,1:36,time
time190,0:8,time
time191,0:14,time
time192,0:32,time
time193,0:44,time
time194,0:0,time
time195,0:26,time
time196,1:30,time
time197,0:4,time
time198,0:20,time
time199,0:28,time
time200,0:28,time
time201,0:6,time
time202,0:28,time
time203,0:24,time
time204,0:20,time
time205,0:54,time
time206,0:6,time
time207,0:0,time
time208,0:10,time
time209,1:40,time
time210,1:38,time
time211,0:8,time
time212,0:0,time
time213,0:0,time
time214,0:44,time
time215,0:0,time
time216,0:8,time
time217,0:0,time
time218,0:18,time
time219,0:0,time
time220,1:22,time
time221,0:10,time
time222,0:10,time
time223,0:4,time
time224,0:6,time
time225,0:22,time
time226,0:2,time
time227,0:0,time
time228,0:4,time
time229,0:0,time
time230,0:22,time
time231,0:52,time
time232,0:16,time
time233,1:30,time
time234,0:26,time
time235,0:6,time
time236,0:22,time
time237,0:0,time
time238,0:14,time
time239,0:22,time
time240,0:42,time
time241,0:0,time
time242,1:42,time
time243,0:18,time
time244,1:18,time
time245,0:30,time
time246,1:30,time
time247,0:24,time
time248,1:18,time
time249,0:6,time
time250,1:10,time
time251,0:48,time
time252,0:0,time
time253,0:30,time
time254,1:46,time
time255,0:52,time
time256,0:6,time
time257,1:48,time
time258,0:14,time
time259,0:2,time
time260,1:42,time
time261,0:6,time
time262,0:6,time
time263,0:32,time
time264,0:6,time
time265,0:40,time
time266,1:42,time
time267,0:0,time
time268,0:36,time
time269,0:14,time
time270,1:52,time
time271,0:2,time
time272,0:26,time
time273,1:34,time
time274,0:0,time
time275,0:40,time
time276,1:50,time
time277,0:18,time
time278,0:0,time
time279,0:32,time
time280,0:22,time
time281,0:8,time
time282,1:24,time
time283,0:0,time
time284,0:8,time
time285,0:0,time
time286,1:0,time
time287,0:22,time
time288,0:22,time
time289,0:6,time
time290,0:4,time
time291,0:18,time
time292,0:50,time
time293,0:8,time
time294,0:0,time
time295,1:44,time
time296,0:16,time
time297,2:52,time
time298,2:16,time
time299,2:22,time
time300,2:10,time
time301,2:4,time
time302,2:4,time
time303,2:14,time
time304,2:0,time
time305,3:14,time
time306,3:10,time
time307,2:0,time
time308,2:20,time
time309,2:16,time
time310,2:0,time
time311,2:58,time
time312,2:58,time
time313,2:14,time
time314,3:56,time
time315,2:0,time
time316,2:8,time
time317,2:56,time
time318,3:10,time
time319,2:12,time
time320,2:4,time
time321,2:38,time
time322,2:56,time
time323,2:22,time
time324,2:0,time
time325,2:20,time
time326,2:0,time
time327,2:0,time
time328,2:12,time
time329,3:40,time
time330,2:34,time
time331,2:12,time
time332,2:26,time
time333,2:6,time
time334,3:32,time
time335,2:0,time
time336,2:0,time
time337,2:4,time
time338,2:0,time
time339,2:0,time
time340,2:10,time
time341,2:4,time
time342,2:8,time
time343,2:18,time
time344,3:4,time
time345,3:32,time
time346,3:12,time
time347,2:2,time
time348,2:0,time
time349,3:50,time
time350,2:0,time
time351,3:2,time
time352,3:54,time
time353,2:2,time
time354,2:30,time
time355,2:0,time
time356,2:22,time
time357,2:14,time
time358,3:22,time
time359,2:0,time
time360,2:0,time
time361,2:4,time
time362,2:2,time
time363,2:22,time
time364,2:2,time
time365,2:46,time
time366,2:32,time
time367,2:12,time
time368,2:0,time
time369,2:0,time
time370,3:44,time
time371,2:24,time
time372,2:12,time
time373,2:28,time
time374,2:48,time
time375,2:0,time
time376,2:2,time
time377,3:0,time
time378,2:44,time
time379,3:44,time
time380,3:50,time
time381,3:46,time
time382,2:10,time
time383,2:0,time
time384,2:4,time
time385,2:4,time
time386,3:16,time
time387,2:8,time
time388,3:2,time
time389,2:0,time
time390,2:2,time
time391,3:12,time
time392,2:8,time
time393,2:42,time
time394,2:0,time
time395,2:6,time
time396,3:14,time
time397,2:22,time
time398,3:20,time
time399,3:24,time
time400,3:12,time
time401,2:58,time
time402,2:30,time
time403,2:42,time
time404,2:28,time
time405,3:14,time
time406,3:18,time
time407,2:4,time
time408,2:6,time
time409,2:52,time
time410,2:18,time
time411,2:0,time
time412,2:0,time
time413,3:44,time
time414,3:58,time
time415,2:12,time
time416,3:32,time
time417,2:8,time
time418,3:38,time
time419,2:24,time
time420,2:56,time
time421,2:10,time
time422,3:26,time
time423,2:14,time
time424,2:18,time
time425,2:14,time
time426,2:0,time
time427,2:10,time
time428,2:0,time
time429,2:2,time
time430,2:0,time
time431,3:14,time
time432,3:26,time
time433,2:30,time
time434,3:52,time
time435,2:8,time
time436,2:16,time
time437,2:4,time
time438,2:6,time
time439,2:0,time
time440,2:8,time
time441,2:2,time
time442,2:0,time
time443,2:8,time
time444,2:12,time
time445,2:12,time
time446,2:14,time
time447,2:0,time
time448,2:16,time
time449,2:0,time
time450,3:28,time
time451,2:16,time
time452,2:36,time
time453,2:0,time
time454,2:0,time
time455,2:4,time
time456,2:8,time
time457,2:24,time
time458,3:26,time
time459,2:0,time
time460,2:4,time
time461,2:0,time
time462,2:54,time
time463,2:56,time
time464,2:2,time
time465,2:14,time
time466,2:54,time
time467,2:12,time
time468,2:16,time
time469,2:18,time
time470,2:4,time
time471,3:44,time
time472,2:0,time
time473,2:20,time
time474,2:28,time
time475,2:6,time
time476,2:38,time
time477,2:20,time
time478,2:58,time
time479,2:36,time
time480,3:30,time
time481,2:32,time
time482,2:52,time
time483,2:0,time
time484,2:0,time
time485,2:2,time
time486,2:0,time
time487,2:52,time
time488,2:0,time
time489,3:4,time
time490,2:42,time
time491,2:2,time
time492,2:48,time
time493,2:0,time
time494,2:0,time
time495,2:48,time
time496,2:0,time
time497,2:14,time
time498,2:0,time
time499,2:4,time
time500,2:0,time
time501,3:16,time
time502,2:0,time
time503,3:2,time
time504,2:50,time
time505,2:8,time
time506,2:20,time
time507,2:8,time
time508,3:32,time
time509,2:34,time
time510,2:0,time
time511,3:34,time
time512,2:0,time
time513,2:58,time
time514,3:34,time
time515,2:20,time
time516,2:20,time
time517,2:0,time
time518,2:34,time
time519,2:0,time
time520,2:8,time
time521,2:56,time
time522,3:42,time
time523,2:0,time
time524,2:16,time
time525,2:0,time
time526,2:0,time
time527,2:26,time
time528,3:52,time
time529,3:0,time
time530,3:36,time
time531,3:34,time
time532,2:40,time
time533,3:50,time
time534,2:18,time
time535,3:24,time
time536,3:0,time
time537,2:40,time
time538,3:34,time
time539,2:48,time
time540,3:34,time
time541,3:10,time
time542,3:6,time
time543,2:40,time
time544,2:34,time
time545,3:4,time
time546,2:18,time
time547,2:52,time
time548,2:56,time
time549,2:6,time
time550,3:28,time
time551,3:46,time
time552,2:24,time
time553,2:48,time
time554,2:16,time
time555,2:4,time
time556,2:12,time
time557,2:10,time
time558,2:20,time
time559,2:0,time
time560,2:22,time
time561,2:50,time
time562,2:36,time
time563,2:36,time
time564,2:46,time
time565,2:12,time
time566,2:0,time
time567,2:46,time
time568,2:42,time
time569,3:12,time
time570,2:0,time
time571,2:32,time
time572,2:36,time
time573,3:24,time
time574,3:46,time
time575,2:8,time
time576,2:4,time
time577,2:50,time
time578,2:54,time
time579,3:10,time
time580,3:14,time
time581,4:32,time
time582,4:4,time
time583,5:2,time
time584,4:40,time
time585,4:0,time
time586,4:14,time
time587,4:4,time
time588,4:0,time
time589,4:26,time
time590,5:2,time
time591,5:46,time
time592,4:0,time
time593,4:6,time
time594,4:4,time
time595,4:20,time
time596,5:24,time
time597,5:36,time
time598,4:8,time
time599,5:14,time
time600,4:2,time
time601,4:0,time
time602,5:20,time
time603,4:0,time
time604,5:18,time
time605,4:18,time
time606,4:22,time
time607,4:16,time
time608,4:16,time
time609,4:0,time
time610,4:10,time
time611,4:0,time
time612,4:0,time
time613,4:14,time
time614,4:4,time
time615,4:2,time
time616,4:12,time
time617,5:30,time
time618,4:10,time
time619,4:0,time
time620,4:0,time
time621,4:50,time
time622,4:2,time
time623,4:20,time
time624,4:2,time
time625,4:28,time
time626,5:30,time
time627,4:0,time
time628,5:14,time
time629,4:12,time
time630,4:50,time
time631,4:8,time
time632,4:0,time
time633,4:2,time
time634,4:8,time
time635,4:12,time
time636,4:2,time
time637,4:0,time
time638,5:14,time
time639,4:14,time
time640,4:6,time
time641,4:14,time
time642,5:48,time
time643,4:0,time
time644,4:52,time
time645,4:2,time
time646,4:24,time
time647,4:28,time
time648,5:28,time
time649,4:0,time
time650,4:22,time
time651,4:6,time
time652,5:58,time
time653,4:56,time
time654,5:2,time
time655,4:16,time
time656,4:34,time
time657,4:0,time
time658,4:4,time
time659,4:12,time
time660,4:2,time
time661,4:46,time
time662,4:10,time
time663,5:0,time
time664,4:0,time
time665,4:0,time
time666,4:0,time
time667,4:2,time
time668,4:42,time
time669,4:0,time
time670,4:8,time
time671,4:0,time
time672,4:6,time
time673,5:20,time
time674,4:0,time
time675,4:8,time
time676,4:46,time
time677,4:2,time
time678,4:0,time
time679,4:2,time
time680,4:0,time
time681,4:6,time
time682,4:4,time
time683,4:2,time
time684,4:26,time
time685,5:56,time
time686,4:8,time
time687,4:12,time
time688,4:0,time
time689,4:8,time
time690,4:54,time
time691,5:32,time
time692,4:28,time
time693,4:38,time
time694,4:22,time
time695,5:58,time
time696,5:22,time
time697,4:58,time
time698,5:6,time
time699,4:34,time
time700,5:36,time
time701,4:0,time
time702,4:10,time
time703,5:54,time
time704,4:10,time
time705,4:32,time
time706,4:46,time
time707,4:2,time
time708,4:0,time
time709,5:44,time
time710,4:8,time
time711,4:0,time
time712,5:56,time
time713,4:6,time
time714,5:48,time
time715,4:22,time
time716,4:4,time
time717,4:6,time
time718,5:16,time
time719,4:24,time
time720,4:4,time
time721,5:18,time
time722,4:8,time
time723,4:26,time
time724,5:40,time
time725,4:10,time
time726,4:32,time
time727,4:6,time
time728,4:24,time
time729,5:36,time
time730,4:0,time
time731,5:46,time
time732,5:36,time
time733,5:42,time
time734,4:6,time
time735,4:2,time
time736,5:10,time
time737,5:20,time
time738,4:0,time
time739,5:50,time
time740,4:12,time
time741,5:20,time
time742,4:2,time
time743,5:48,time
time744,4:20,time
time745,4:16,time
time746,4:10,time
time747,4:12,time
time748,5:6,time
time749,4:58,time
time750,4:2,time
time751,4:58,time
time752,5:24,time
time753,4:0,time
time754,4:14,time
time755,4:6,time
time756,4:56,time
time757,4:0,time
time758,4:6,time
time759,4:2,time
time760,4:14,time
time761,4:16,time
time762,4:0,time
time763,4:26,time
time764,4:8,time
time765,4:2,time
time766,4:4,time
time767,4:32,time
time768,5:0,time
time769,4:2,time
time770,5:22,time
time771,4:4,time
time772,4:10,time
time773,4:0,time
time774,4:22,time
time775,4:0,time
time776,5:38,time
time777,4:52,time
time778,4:8,time
time779,5:32,time
time780,4:44,time
time781,4:4,time
time782,4:12,time
time783,4:4,time
time784,4:14,time
time785,4:18,time
time786,5:2,time
time787,4:40,time
time788,4:0,time
time789,4:6,time
time790,4:14,time
time791,4:0,time
time792,4:12,time
time793,4:2,time
time794,5:50,time
time795,4:40,time
time796,4:0,time
time797,4:6,time
time798,4:0,time
time799,4:4,time
time800,5:50,time
time801,4:2,time
time802,4:6,time
time803,4:4,time
time804,4:0,time
time805,4:8,time
time806,4:12,time
time807,5:24,time
time808,5:56,time
time809,4:4,time
time810,5:2,time
time811,4:54,time
time812,4:10,time
time813,4:2,time
time814,5:24,time
time815,4:58,time
time816,4:0,time
time817,4:34,time
time818,4:12,time
time819,4:14,time
time820,4:0,time
time821,4:28,time
time822,4:0,time
time823,4:18,time
time824,5:22,time
time825,5:8,time
time826,4:0,time
time827,4:0,time
time828,5:4,time
time829,4:0,time
time830,4:8,time
time831,4:34,time
time832,4:24,time
time833,5:12,time
time834,4:0,time
time835,4:10,time
time836,5:46,time
time837,4:32,time
time838,4:4,time
time839,5:10,time
time840,4:24,time
time841,4:38,time
time842,4:6,time
time843,4:4,time
time844,4:50,time
time845,4:30,time
time846,5:0,time
time847,4:16,time
time848,5:24,time
time849,5:56,time
time850,5:2,time
time851,4:8,time
time852,4:22,time
time853,4:44,time
time854,4:50,time
time855,4:24,time
time856,4:4,time
time857,5:12,time
time858,4:0,time
time859,4:22,time
time860,4:2,time
time861,5:22,time
time862,4:4,time
time863,5:32,time
time864,5:46,time
time865,5:40,time
time866,5:50,time
time867,5:2,time
time868,5:48,time
time869,4:12,time
time870,5:22,time
time871,4:0,time
time872,4:26,time
time873,4:20,time
time874,4:22,time
time875,4:0,time
time876,4:0,time
time877,4:14,time
time878,4:22,time
time879,4:10,time
time880,4:0,time
time881,5:8,time
time882,5:10,time
time883,4:0,time
time884,4:0,time
time885,4:4,time
time886,6:34,time
time887,7:12,time
time888,6:38,time
time889,6:0,time
time890,6:2,time
time891,7:16,time
time892,6:10,time
time893,6:0,time
time894,6:0,time
time895,6:16,time
time896,7:16,time
time897,6:0,time
time898,6:10,time
time899,6:0,time
time900,7:14,time
time901,6:0,time
time902,6:0,time
time903,7:0,time
time904,6:6,time
time905,6:44,time
time906,6:4,time
time907,6:0,time
time908,6:18,time
time909,6:8,time
time910,6:20,time
time911,6:42,time
time912,6:4,time
time913,6:54,time
time914,6:0,time
time915,6:0,time
time916,6:0,time
time917,6:14,time
time918,6:34,time
time919,6:6,time
time920,6:20,time
time921,6:0,time
time922,6:16,time
time923,7:50,time
time924,6:0,time
time925,6:38,time
time926,6:2,time
time927,6:4,time
time928,6:4,time
time929,6:14,time
time930,6:6,time
time931,7:50,time
time932,7:12,time
time933,6:36,time
time934,6:2,time
time935,6:6,time
time936,7:4,time
time937,6:38,time
time938,6:26,time
time939,6:4,time
time940,6:0,time
time941,6:50,time
time942,6:8,time
time943,7:50,time
time944,6:8,time
time945,6:12,time
time946,6:0,time
time947,6:12,time
time948,6:6,time
time949,6:18,time
time950,6:4,time
time951,7:46,time
time952,7:38,time
time953,6:2,time
time954,6:6,time
time955,7:18,time
time956,6:58,time
time957,6:0,time
time958,7:58,time
time959,6:2,time
time960,6:0,time
time961,6:0,time
time962,7:30,time
time963,6:6,time
time964,6:16,time
time965,6:2,time
time966,7:24,time
time967,6:0,time
time968,6:8,time
time969,6:0,time
time970,6:44,time
time971,7:18,time
time972,7:0,time
time973,7:46,time
time974,6:0,time
time975,6:2,time
time976,6:2,time
time977,6:0,time
time978,6:2,time
time979,6:6,time
time980,6:54,time
time981,6:4,time
time982,6:0,time
time983,6:14,time
time984,6:2,time
time985,6:18,time
time986,6:2,time
time987,6:12,time
time988,6:4,time
time989,6:40,time
time990,7:44,time
time991,6:4,time
time992,6:20,time
time993,6:2,time
time994,6:44,time
time995,6:34,time
time996,7:58,time
time997,6:52,time
time998,6:16,time
time999,6:38,time
time1000,6:0,time
time1001,6:0,time
time1002,7:4,time
time1003,6:20,time
time1004,6:0,time
time1005,6:4,time
time1006,6:0,time
time1007,6:2,time
time1008,6:58,time
time1009,6:32,time
time1010,6:0,time
time1011,6:0,time
time1012,6:2,time
time1013,6:0,time
time1014,6:42,time
time1015,7:46,time
time1016,6:54,time
time1017,6:6,time
time1018,6:12,time
time1019,6:6,time
time1020,6:0,time
time1021,6:0,time
time1022,6:10,time
time1023,6:0,time
time1024,7:52,time
time1025,7:12,time
time1026,6:20,time
time1027,6:12,time
time1028,6:20,time
time1029,6:30,time
time1030,6:0,time
time1031,6:12,time
time1032,6:20,time
time1033,6:0,time
time1034,6:14,time
time1035,7:46,time
time1036,6:44,time
time1037,7:10,time
time1038,6:14,time
time1039,6:0,time
time1040,6:4,time
time1041,6:10,time
time1042,7:50,time
time1043,6:0,time
time1044,6:14,time
time1045,6:42,time
time1046,6:0,time
time1047,6:0,time
time1048,6:6,time
time1049,6:54,time
time1050,6:26,time
time1051,7:26,time
time1052,6:16,time
time1053,6:8,time
time1054,6:26,time
time1055,6:14,time
time1056,6:54,time
time1057,6:38,time
time1058,6:30,time
time1059,6:0,time
time1060,6:56,time
time1061,6:48,time
time1062,6:0,time
time1063,6:0,time
time1064,6:2,time
time1065,6:26,time
time1066,6:2,time
time1067,6:54,time
time1068,6:54,time
time1069,6:2,time
time1070,6:56,time
time1071,6:34,time
time1072,6:0,time
time1073,6:56,time
time1074,6:0,time
time1075,6:12,time
time1076,6:0,time
time1077,6:38,time
time1078,6:0,time
time1079,6:0,time
time1080,6:10,time
time1081,6:0,time
time1082,6:20,time
time1083,6:4,time
time1084,6:0,time
time1085,6:0,time
time1086,6:2,time
time1087,6:42,time
time1088,6:22,time
time1089,6:8,time
time1090,7:26,time
time1091,6:8,time
time1092,6:20,time
time1093,6:2,time
time1094,6:28,time
time1095,6:0,time
time1096,6:8,time
time1097,7:46,time
time1098,6:56,time
time1099,6:16,time
time1100,6:42,time
time1101,6:0,time
time1102,6:2,time
time1103,6:4,time
time1104,6:0,time
time1105,6:0,time
time1106,7:50,time
time1107,6:4,time
time1108,6:0,time
time1109,7:8,time
time1110,7:40,time
time1111,7:42,time
time1112,6:4,time
time1113,6:0,time
time1114,6:38,time
time1115,6:0,time
time1116,6:0,time
time1117,6:58,time
time1118,6:58,time
time1119,7:50,time
time1120,6:24,time
time1121,6:6,time
time1122,7:38,time
time1123,7:10,time
time1124,6:6,time
time1125,6:10,time
time1126,6:4,time
time1127,6:32,time
time1128,6:20,time
time1129,6:8,time
time1130,6:46,time
time1131,6:38,time
time1132,6:6,time
time1133,7:40,time
time1134,6:14,time
time1135,6:40,time
time1136,6:10,time
time1137,6:16,time
time1138,6:46,time
time1139,6:0,time
time1140,7:2,time
time1141,6:40,time
time1142,6:52,time
time1143,6:2,time
time1144,6:16,time
time1145,6:12,time
time1146,6:12,time
time1147,6:42,time
time1148,7:30,time
time1149,6:4,time
time1150,7:6,time
time1151,6:56,time
time1152,7:18,time
time1153,6:0,time
time1154,7:32,time
time1155,6:56,time
time1156,6:12,time
time1157,6:0,time
time1158,7:10,time
time1159,6:48,time
time1160,6:20,time
time1161,6:10,time
time1162,6:24,time
time1163,6:28,time
time1164,6:28,time
time1165,6:52,time
time1166,6:2,time
time1167,6:34,time
time1168,9:2,time
time1169,8:38,time
time1170,8:12,time
time1171,8:14,time
time1172,8:0,time
time1173,8:2,time
time1174,8:2,time
time1175,8:0,time
time1176,9:26,time
time1177,9:18,time
time1178,8:0,time
time1179,9:0,time
time1180,8:0,time
time1181,8:2,time
time1182,8:2,time
time1183,8:4,time
time1184,8:0,time
time1185,8:2,time
time1186,8:4,time
time1187,8:48,time
time1188,9:12,time
time1189,8:4,time
time1190,8:0,time
time1191,9:38,time
time1192,8:14,time
time1193,8:26,time
time1194,8:8,time
time1195,9:20,time
time1196,8:2,time
time1197,8:36,time
time1198,8:14,time
time1199,8:2,time
time1200,8:30,time
time1201,8:38,time
time1202,8:0,time
time1203,8:2,time
time1204,8:20,time
time1205,8:58,time
time1206,8:4,time
time1207,8:6,time
time1208,8:0,time
time1209,8:44,time
time1210,8:6,time
time1211,9:50,time
time1212,8:46,time
time1213,8:26,time
time1214,8:12,time
time1215,8:44,time
time1216,8:18,time
time1217,9:42,time
time1218,8:0,time
time1219,9:14,time
time1220,9:8,time
time1221,9:8,time
time1222,8:2,time
time1223,8:6,time
time1224,8:0,time
time1225,8:54,time
time1226,8:6,time
time1227,9:36,time
time1228,8:4,time
time1229,8:46,time
time1230,8:44,time
time1231,9:58,time
time1232,8:8,time
time1233,8:22,time
time1234,8:28,time
time1235,8:0,time
time1236,8:0,time
time1237,8:16,time
time1238,8:0,time
time1239,8:0,time
time1240,8:0,time
time1241,8:34,time
time1242,8:0,time
time1243,8:0,time
time1244,8:8,time
time1245,8:4,time
time1246,8:2,time
time1247,8:4,time
time1248,8:0,time
time1249,8:0,time
time1250,8:10,time
time1251,9:8,time
time1252,8:16,time
time1253,8:0,time
time1254,8:4,time
time1255,8:8,time
time1256,8:38,time
time1257,8:26,time
time1258,8:6,time
time1259,8:10,time
time1260,9:46,time
time1261,8:40,time
time1262,8:0,time
time1263,9:30,time
time1264,9:34,time
time1265,8:18,time
time1266,9:6,time
time1267,8:58,time
time1268,9:22,time
time1269,8:14,time
time1270,8:6,time
time1271,8:14,time
time1272,8:20,time
time1273,8:0,time
time1274,9:8,time
time1275,8:10,time
time1276,9:26,time
time1277,8:40,time
time1278,9:8,time
time1279,9:32,time
time1280,8:38,time
time1281,8:10,time
time1282,8:0,time
time1283,8:56,time
time1284,8:12,time
time1285,8:48,time
time1286,9:52,time
time1287,9:4,time
time1288,8:42,time
time1289,8:0,time
time1290,8:18,time
time1291,8:4,time
time1292,8:28,time
time1293,8:48,time
time1294,8:18,time
time1295,8:18,time
time1296,8:4,time
time1297,8:52,time
time1298,8:24,time
time1299,8:0,time
time1300,8:46,time
time1301,8:58,time
time1302,8:0,time
time1303,8:44,time
time1304,8:8,time
time1305,8:24,time
time1306,8:16,time
time1307,8:26,time
time1308,8:0,time
time1309,8:20,time
time1310,8:50,time
time1311,8:14,time
time1312,8:32,time
time1313,8:16,time
time1314,8:2,time
time1315,8:10,time
time1316,8:0,time
time1317,8:0,time
time1318,8:2,time
time1319,8:30,time
time1320,8:48,time
time1321,8:8,time
time1322,8:28,time
time1323,8:48,time
time1324,9:56,time
time1325,8:0,time
time1326,8:6,time
time1327,8:48,time
time1328,8:44,time
time1329,9:26,time
time1330,8:0,time
time1331,8:20,time
time1332,8:0,time
time1333,8:18,time
time1334,8:16,time
time1335,8:0,time
time1336,9:10,time
time1337,8:0,time
time1338,8:8,time
time1339,8:30,time
time1340,8:24,time
time1341,9:50,time
time1342,8:0,time
time1343,8:0,time
time1344,8:24,time
time1345,9:26,time
time1346,8:22,time
time1347,9:50,time
time1348,8:20,time
time1349,8:48,time
time1350,8:50,time
time1351,8:6,time
time1352,8:4,time
time1353,8:40,time
time1354,8:0,time
time1355,9:48,time
time1356,8:8,time
time1357,8:8,time
time1358,8:16,time
time1359,8:0,time
time1360,8:14,time
time1361,8:50,time
time1362,9:46,time
time1363,8:20,time
time1364,8:18,time
time1365,8:0,time
time1366,8:2,time
time1367,8:54,time
time1368,8:0,time
time1369,8:8,time
time1370,9:24,time
time1371,8:4,time
time1372,8:12,time
time1373,8:4,time
time1374,8:4,time
time1375,8:8,time
time1376,8:10,time
time1377,9:2,time
time1378,8:14,time
time1379,8:4,time
time1380,8:0,time
time1381,8:56,time
time1382,8:0,time
time1383,8:0,time
time1384,8:26,time
time1385,8:18,time
time1386,8:6,time
time1387,8:4,time
time1388,8:12,time
time1389,8:6,time
time1390,8:12,time
time1391,9:34,time
time1392,8:0,time
time1393,8:50,time
time1394,9:32,time
time1395,9:40,time
time1396,8:0,time
time1397,8:58,time
time1398,9:4,time
time1399,9:58,time
time1400,8:4,time
time1401,8:0,time
time1402,8:54,time
time1403,8:10,time
time1404,8:26,time
time1405,8:16,time
time1406,8:10,time
time1407,9:28,time
time1408,9:22,time
time1409,8:16,time
time1410,8:10,time
time1411,8:0,time
time1412,8:16,time
time1413,9:8,time
time1414,8:48,time
time1415,8:16,time
time1416,8:34,time
time1417,9:50,time
time1418,9:10,time
time1419,9:12,time
time1420,8:12,time
time1421,8:52,time
time1422,8:58,time
time1423,8:48,time
time1424,9:42,time
time1425,9:58,time
time1426,8:30,time
time1427,8:52,time
time1428,9:58,time
time1429,8:14,time
time1430,8:30,time
time1431,8:14,time
time1432,8:6,time
time1433,9:0,time
time1434,9:20,time
time1435,8:12,time
time1436,8:0,time
time1437,8:36,time
time1438,9:0,time
time1439,8:28,time
time1440,8:22,time
time1441,9:24,time
time1442,8:20,time
time1443,8:0,time
time1444,9:58,time
time1445,8:6,time
time1446,8:10,time
time1447,8:28,time
time1448,8:0,time
time1449,8:0,time
time1450,8:20,time
time1451,8:42,time
time1452,8:12,time
time1453,10:0,time
time1454,10:2,time
time1455,10:6,time
time1456,10:0,time
time1457,10:0,time
time1458,11:44,time
time1459,10:32,time
time1460,10:28,time
time1461,10:0,time
time1462,10:0,time
time1463,10:0,time
time1464,10:10,time
time1465,10:0,time
time1466,10:2,time
time1467,10:18,time
time1468,10:28,time
time1469,10:0,time
time1470,10:24,time
time1471,10:4,time
time1472,11:26,time
time1473,10:10,time
time1474,10:36,time
time1475,10:16,time
time1476,10:0,time
time1477,11:12,time
time1478,10:2,time
time1479,10:2,time
time1480,10:28,time
time1481,10:4,time
time1482,10:48,time
time1483,10:0,time
time1484,10:44,time
time1485,10:6,time
time1486,10:0,time
time1487,10:2,time
time1488,11:16,time
time1489,10:0,time
time1490,10:8,time
time1491,10:4,time
time1492,10:14,time
time1493,10:10,time
time1494,11:20,time
time1495,10:2,time
time1496,11:8,time
time1497,10:14,time
time1498,10:12,time
time1499,11:40,time
time1500,11:4,time
time1501,10:4,time
time1502,11:56,time
time1503,10:0,time
time1504,10:52,time
time1505,10:20,time
time1506,10:32,time
time1507,10:32,time
time1508,10:2,time
time1509,10:12,time
time1510,10:0,time
time1511,10:10,time
time1512,10:0,time
time1513,11:46,time
time1514,10:6,time
time1515,10:40,time
time1516,11:10,time
time1517,10:2,time
time1518,10:4,time
time1519,10:4,time
time1520,10:0,time
time1521,10:0,time
time1522,10:6,time
time1523,10:0,time
time1524,10:0,time
time1525,10:32,time
time1526,10:0,time
time1527,10:0,time
time1528,10:16,time
time1529,10:8,time
time1530,10:0,time
time1531,11:6,time
time1532,10:6,time
time1533,10:14,time
time1534,10:6,time
time1535,10:4,time
time1536,10:44,time
time1537,11:12,time
time1538,11:2,time
time1539,10:46,time
time1540,10:0,time
time1541,10:12,time
time1542,10:12,time
time1543,10:6,time
time1544,11:14,time
time1545,11:12,time
time1546,10:20,time
time1547,10:0,time
time1548,11:36,time
time1549,10:12,time
time1550,10:48,time
time1551,11:40,time
time1552,10:2,time
time1553,10:0,time
time1554,11:46,time
time1555,10:4,time
time1556,10:0,time
time1557,10:8,time
time1558,10:28,time
time1559,10:6,time
time1560,10:4,time
time1561,11:4,time
time1562,10:46,time
time1563,10:22,time
time1564,11:2,time
time1565,10:14,time
time1566,11:6,time
time1567,11:58,time
time1568,10:14,time
time1569,10:20,time
time1570,11:32,time
time1571,10:48,time
time1572,10:14,time
time1573,10:14,time
time1574,10:28,time
time1575,10:0,time
time1576,10:14,time
time1577,10:2,time
time1578,11:56,time
time1579,10:14,time
time1580,10:34,time
time1581,10:18,time
time1582,10:56,time
time1583,10:28,time
time1584,11:22,time
time1585,10:22,time
time1586,10:4,time
time1587,10:2,time
time1588,11:36,time
time1589,10:16,time
time1590,10:4,time
time1591,10:8,time
time1592,10:6,time
time1593,10:2,time
time1594,10:2,time
time1595,10:24,time
time1596,10:38,time
time1597,10:0,time
time1598,10:8,time
time1599,10:8,time
time1600,10:50,time
time1601,11:38,time
time1602,10:0,time
time1603,10:52,time
time1604,10:4,time
time1605,10:26,time
time1606,10:0,time
time1607,10:2,time
time1608,10:14,time
time1609,10:8,time
time1610,10:36,time
time1611,11:48,time
time1612,10:4,time
time1613,10:2,time
time1614,10:6,time
time1615,10:18,time
time1616,10:12,time
time1617,11:10,time
time1618,10:2,time
time1619,10:16,time
time1620,10:12,time
time1621,11:24,time
time1622,10:0,time
time1623,10:0,time
time1624,10:18,time
time1625,10:2,time
time1626,10:0,time
time1627,10:8,time
time1628,10:2,time
time1629,10:10,time
time1630,10:0,time
time1631,10:0,time
time1632,11:46,time
time1633,10:46,time
time1634,11:14,time
time1635,10:8,time
time1636,10:10,time
time1637,10:2,time
time1638,10:26,time
time1639,11:22,time
time1640,10:2,time
time1641,10:18,time
time1642,10:46,time
time1643,11:10,time
time1644,11:46,time
time1645,10:14,time
time1646,10:2,time
time1647,10:16,time
time1648,10:0,time
time1649,10:8,time
time1650,10:56,time
time1651,11:40,time
time1652,10:6,time
time1653,10:32,time
time1654,10:2,time
time1655,10:0,time
time1656,11:40,time
time1657,10:2,time
time1658,11:20,time
time1659,11:0,time
time1660,11:14,time
time1661,10:18,time
time1662,10:12,time
time1663,11:16,time
time1664,10:6,time
time1665,10:6,time
time1666,11:8,time
time1667,10:14,time
time1668,10:12,time
time1669,10:0,time
time1670,10:0,time
time1671,10:8,time
time1672,10:14,time
time1673,10:0,time
time1674,10:12,time
time1675,10:4,time
time1676,11:22,time
time1677,10:0,time
time1678,10:0,time
time1679,10:16,time
time1680,10:46,time
time1681,11:50,time
time1682,10:44,time
time1683,10:24,time
time1684,11:52,time
time1685,10:0,time
time1686,11:58,time
time1687,10:6,time
time1688,10:10,time
time1689,10:2,time
time1690,11:4,time
time1691,10:12,time
time1692,10:18,time
time1693,10:16,time
time1694,10:6,time
time1695,10:6,time
time1696,10:44,time
time1697,10:2,time
time1698,10:2,time
time1699,10:2,time
time1700,11:34,time
time1701,10:50,time
time1702,10:8,time
time1703,11:6,time
time1704,11:52,time
time1705,10:30,time
time1706,10:14,time
time1707,11:30,time
time1708,11:12,time
time1709,10:38,time
time1710,10:2,time
time1711,10:0,time
time1712,10:12,time
time1713,10:0,time
time1714,10:0,time
time1715,11:34,time
time1716,10:12,time
time1717,10:10,time
time1718,10:0,time
time1719,11:54,time
time1720,10:6,time
time1721,10:10,time
time1722,11:32,time
time1723,11:48,time
time1724,10:22,time
time1725,10:40,time
time1726,11:18,time
time1727,11:24,time
time1728,10:20,time
time1729,10:2,time
time1730,10:20,time
time1731,11:10,time
time1732,10:0,time
time1733,10:0,time
time1734,11:10,time
time1735,10:14,time
time1736,10:22,time
time1737,10:22,time
time1738,13:18,time
time1739,12:6,time
time1740,13:2,time
time1741,12:0,time
time1742,12:20,time
time1743,12:2,time
time1744,13:40,time
time1745,12:16,time
time1746,13:22,time
time1747,12:0,time
time1748,13:20,time
time1749,12:0,time
time1750,13:14,time
time1751,12:0,time
time1752,12:18,time
time1753,12:0,time
time1754,12:0,time
time1755,13:16,time
time1756,13:18,time
time1757,13:42,time
time1758,12:30,time
time1759,13:16,time
time1760,12:2,time
time1761,12:2,time
time1762,12:12,time
time1763,13:16,time
time1764,12:42,time
time1765,12:0,time
time1766,13:26,time
time1767,13:4,time
time1768,12:34,time
time1769,13:10,time
time1770,12:4,time
time1771,13:22,time
time1772,12:0,time
time1773,12:6,time
time1774,13:46,time
time1775,12:0,time
time1776,12:2,time
time1777,12:48,time
time1778,12:6,time
time1779,12:6,time
time1780,12:0,time
time1781,12:2,time
time1782,12:8,time
time1783,13:26,time
time1784,12:22,time
time1785,12:0,time
time1786,12:24,time
time1787,13:36,time
time1788,12:2,time
time1789,12:8,time
time1790,12:10,time
time1791,12:16,time
time1792,12:20,time
time1793,13:26,time
time1794,12:46,time
time1795,12:0,time
time1796,12:14,time
time1797,12:40,time
time1798,13:30,time
time1799,12:0,time
time1800,13:8,time
time1801,12:44,time
time1802,13:2,time
time1803,12:4,time
time1804,13:40,time
time1805,12:0,time
time1806,12:2,time
time1807,13:14,time
time1808,12:20,time
time1809,12:0,time
time1810,12:42,time
time1811,13:32,time
time1812,12:0,time
time1813,12:0,time
time1814,13:32,time
time1815,12:10,time
time1816,12:0,time
time1817,12:10,time
time1818,12:0,time
time1819,12:6,time
time1820,13:8,time
time1821,12:14,time
time1822,12:6,time
time1823,13:6,time
time1824,12:0,time
time1825,12:38,time
time1826,12:0,time
time1827,13:16,time
time1828,12:12,time
time1829,12:8,time
time1830,13:30,time
time1831,12:6,time
time1832,13:20,time
time1833,12:18,time
time1834,12:0,time
time1835,12:6,time
time1836,12:0,time
time1837,13:0,time
time1838,12:6,time
time1839,13:18,time
time1840,12:0,time
time1841,12:0,time
time1842,12:46,time
time1843,13:50,time
time1844,12:30,time
time1845,12:34,time
time1846,12:14,time
time1847,12:24,time
time1848,12:28,time
time1849,12:4,time
time1850,12:4,time
time1851,12:0,time
time1852,12:8,time
time1853,13:32,time
time1854,12:32,time
time1855,12:8,time
time1856,12:4,time
time1857,12:0,time
time1858,12:0,time
time1859,13:32,time
time1860,12:44,time
time1861,12:12,time
time1862,12:0,time
time1863,12:0,time
time1864,13:26,time
time1865,12:24,time
time1866,12:0,time
time1867,12:8,time
time1868,12:22,time
time1869,13:46,time
time1870,12:22,time
time1871,12:50,time
time1872,12:4,time
time1873,12:0,time
time1874,12:0,time
time1875,12:36,time
time1876,12:8,time
time1877,12:20,time
time1878,12:0,time
time1879,13:48,time
time1880,12:0,time
time1881,13:38,time
time1882,12:0,time
time1883,12:2,time
time1884,12:0,time
time1885,12:42,time
time1886,12:4,time
time1887,13:14,time
time1888,12:22,time
time1889,12:40,time
time1890,12:6,time
time1891,12:26,time
time1892,12:16,time
time1893,12:14,time
time1894,13:14,time
time1895,12:22,time
time1896,12:16,time
time1897,13:6,time
time1898,12:20,time
time1899,12:0,time
time1900,12:14,time
time1901,12:2,time
time1902,12:8,time
time1903,12:0,time
time1904,12:26,time
time1905,12:46,time
time1906,12:16,time
time1907,12:16,time
time1908,12:36,time
time1909,12:12,time
time1910,12:0,time
time1911,12:14,time
time1912,12:16,time
time1913,13:0,time
time1914,12:0,time
time1915,13:56,time
time1916,12:38,time
time1917,13:2,time
time1918,12:16,time
time1919,12:28,time
time1920,13:24,time
time1921,12:8,time
time1922,12:14,time
time1923,12:24,time
time1924,12:36,time
time1925,12:0,time
time1926,12:24,time
time1927,12:0,time
time1928,12:2,time
time1929,13:12,time
time1930,12:28,time
time1931,12:58,time
time1932,13:16,time
time1933,12:0,time
time1934,12:0,time
time1935,12:20,time
time1936,12:4,time
time1937,12:24,time
time1938,12:0,time
time1939,12:20,time
time1940,12:2,time
time1941,12:44,time
time1942,12:4,time
time1943,12:26,time
time1944,13:4,time
time1945,12:4,time
time1946,12:4,time
time1947,13:8,time
time1948,12:8,time
time1949,12:26,time
time1950,12:0,time
time1951,12:0,time
time1952,12:8,time
time1953,12:8,time
time1954,12:22,time
time1955,12:34,time
time1956,12:28,time
time1957,12:0,time
time1958,12:28,time
time1959,12:10,time
time1960,12:0,time
time1961,12:58,time
time1962,13:52,time
time1963,12:6,time
time1964,12:2,time
time1965,12:0,time
time1966,12:2,time
time1967,12:54,time
time1968,12:8,time
time1969,13:30,time
time1970,12:28,time
time1971,12:52,time
time1972,13:22,time
time1973,12:10,time
time1974,12:4,time
time1975,12:42,time
time1976,12:16,time
time1977,12:44,time
time1978,12:28,time
time1979,12:4,time
time1980,12:14,time
time1981,12:12,time
time1982,12:34,time
time1983,13:40,time
time1984,12:2,time
time1985,13:32,time
time1986,12:0,time
time1987,13:2,time
time1988,12:2,time
time1989,13:48,time
time1990,12:16,time
time1991,12:4,time
time1992,12:20,time
time1993,13:58,time
time1994,12:0,time
time1995,13:28,time
time1996,12:32,time
time1997,12:52,time
time1998,13:32,time
time1999,12:4,time
time2000,12:26,time
time2001,13:34,time
time2002,13:8,time
time2003,12:44,time
time2004,12:40,time
time2005,13:26,time
time2006,13:54,time
time2007,13:22,time
time2008,12:22,time
time2009,12:0,time
time2010,13:26,time
time2011,13:20,time
time2012,13:0,time
time2013,12:6,time
time2014,13:58,time
time2015,12:6,time
time2016,13:16,time
time2017,13:24,time
time2018,12:10,time
time2019,14:44,time
time2020,14:48,time
time2021,14:2,time
time2022,14:8,time
time2023,14:0,time
time2024,14:42,time
time2025,14:0,time
time2026,15:42,time
time2027,15:8,time
time2028,14:36,time
time2029,14:0,time
time2030,14:0,time
time2031,14:10,time
time2032,14:32,time
time2033,15:14,time
time2034,15:50,time
time2035,14:8,time
time2036,14:4,time
time2037,14:6,time
time2038,15:30,time
time2039,14:50,time
time2040,14:10,time
time2041,14:58,time
time2042,14:30,time
time2043,14:4,time
time2044,14:12,time
time2045,14:12,time
time2046,15:46,time
time2047,14:4,time
time2048,15:10,time
time2049,14:4,time
time2050,14:0,time
time2051,15:6,time
time2052,14:4,time
time2053,14:0,time
time2054,14:50,time
time2055,14:12,time
time2056,14:0,time
time2057,14:38,time
time2058,14:16,time
time2059,15:32,time
time2060,14:2,time
time2061,14:4,time
time2062,15:24,time
time2063,15:8,time
time2064,14:10,time
time2065,14:8,time
time2066,15:20,time
time2067,15:52,time
time2068,14:2,time
time2069,14:20,time
time2070,14:4,time
time2071,14:0,time
time2072,15:14,time
time2073,14:46,time
time2074,14:36,time
time2075,14:0,time
time2076,14:4,time
time2077,14:16,time
time2078,14:8,time
time2079,14:32,time
time2080,14:16,time
time2081,14:8,time
time2082,14:52,time
time2083,14:6,time
time2084,14:2,time
time2085,14:14,time
time2086,14:24,time
time2087,14:0,time
time2088,14:24,time
time2089,14:26,time
time2090,14:8,time
time2091,14:8,time
time2092,14:0,time
time2093,14:0,time
time2094,14:0,time
time2095,14:0,time
time2096,14:0,time
time2097,14:2,time
time2098,14:22,time
time2099,14:8,time
time2100,14:16,time
time2101,14:4,time
time2102,15:46,time
time2103,14:0,time
time2104,15:10,time
time2105,14:16,time
time2106,14:20,time
time2107,14:22,time
time2108,14:12,time
time2109,15:8,time
time2110,14:20,time
time2111,14:8,time
time2112,14:26,time
time2113,14:14,time
time2114,14:22,time
time2115,14:56,time
time2116,14:16,time
time2117,15:26,time
time2118,15:48,time
time2119,14:0,time
time2120,15:30,time
time2121,14:0,time
time2122,14:32,time
time2123,15:16,time
time2124,14:4,time
time2125,14:0,time
time2126,14:0,time
time2127,14:8,time
time2128,14:10,time
time2129,14:18,time
time2130,15:46,time
time2131,14:0,time
time2132,15:32,time
time2133,14:18,time
time2134,14:0,time
time2135,15:8,time
time2136,15:32,time
time2137,15:20,time
time2138,14:2,time
time2139,15:0,time
time2140,14:4,time
time2141,14:0,time
time2142,14:34,time
time2143,14:26,time
time2144,14:22,time
time2145,14:0,time
time2146,14:24,time
time2147,14:0,time
time2148,14:10,time
time2149,14:32,time
time2150,14:52,time
time2151,14:4,time
time2152,14:6,time
time2153,14:24,time
time2154,14:50,time
time2155,15:8,time
time2156,15:54,time
time2157,14:12,time
time2158,15:40,time
time2159,14:0,time
time2160,14:30,time
time2161,14:14,time
time2162,14:22,time
time2163,15:8,time
time2164,14:50,time
time2165,14:0,time
time2166,14:14,time
time2167,14:0,time
time2168,14:22,time
time2169,14:0,time
time2170,15:42,time
time2171,14:4,time
time2172,15:24,time
time2173,15:42,time
time2174,14:24,time
time2175,14:26,time
time2176,14:56,time
time2177,14:16,time
time2178,14:18,time
time2179,15:32,time
time2180,14:12,time
time2181,15:0,time
time2182,14:26,time
time2183,15:30,time
time2184,14:2,time
time2185,14:0,time
time2186,14:38,time
time2187,14:2,time
time2188,14:0,time
time2189,14:20,time
time2190,14:2,time
time2191,14:6,time
time2192,14:10,time
time2193,14:16,time
time2194,15:26,time
time2195,14:40,time
time2196,15:12,time
time2197,14:24,time
time2198,15:34,time
time2199,15:8,time
time2200,15:38,time
time2201,14:14,time
time2202,15:44,time
time2203,15:22,time
time2204,14:0,time
time2205,14:2,time
time2206,14:16,time
time2207,14:24,time
time2208,15:44,time
time2209,14:42,time
time2210,15:20,time
time2211,14:0,time
time2212,14:0,time
time2213,14:16,time
time2214,15:10,time
time2215,14:50,time
time2216,14:2,time
time2217,14:2,time
time2218,15:32,time
time2219,14:16,time
time2220,14:44,time
time2221,15:30,time
time2222,14:0,time
time2223,14:0,time
time2224,14:38,time
time2225,14:34,time
time2226,14:44,time
time2227,14:26,time
time2228,14:32,time
time2229,14:2,time
time2230,14:16,time
time2231,15:8,time
time2232,14:4,time
time2233,14:46,time
time2234,14:52,time
time2235,14:38,time
time2236,14:2,time
time2237,14:0,time
time2238,14:36,time
time2239,15:22,time
time2240,14:40,time
time2241,15:22,time
time2242,14:34,time
time2243,14:22,time
time2244,15:56,time
time2245,14:30,time
time2246,14:0,time
time2247,14:0,time
time2248,14:22,time
time2249,14:28,time
time2250,14:0,time
time2251,15:50,time
time2252,14:34,time
time2253,14:0,time
time2254,14:2,time
time2255,14:44,time
time2256,14:28,time
time2257,14:22,time
time2258,14:58,time
time2259,14:10,time
time2260,14:12,time
time2261,14:0,time
time2262,14:10,time
time2263,14:2,time
time2264,15:56,time
time2265,15:50,time
time2266,14:0,time
time2267,14:0,time
time2268,15:0,time
time2269,14:22,time
time2270,14:10,time
time2271,15:28,time
time2272,15:30,time
time2273,14:58,time
time2274,14:8,time
time2275,15:6,time
time2276,14:8,time
time2277,14:0,time
time2278,14:16,time
time2279,14:58,time
time2280,14:20,time
time2281,14:22,time
time2282,15:14,time
time2283,15:30,time
time2284,14:12,time
time2285,14:28,time
time2286,15:16,time
time2287,14:10,time
time2288,15:6,time
time2289,14:30,time
time2290,15:8,time
time2291,14:14,time
time2292,14:30,time
time2293,15:36,time
time2294,14:18,time
time2295,15:18,time
time2296,14:46,time
time2297,14:24,time
time2298,14:0,time
time2299,14:2,time
time2300,14:20,time
time2301,15:22,time
time2302,14:0,time
time2303,14:16,time
time2304,14:38,time
time2305,14:12,time
time2306,15:4,time
time2307,14:30,time
time2308,15:46,time
time2309,15:14,time
time2310,15:26,time
time2311,14:0,time
time2312,14:0,time
time2313,14:38,time
time2314,15:50,time
time2315,14:22,time
time2316,14:14,time
time2317,14:12,time
time2318,14:52,time
time2319,15:56,time
time2320,14:16,time
time2321,14:30,time
time2322,14:6,time
time2323,16:2,time
time2324,16:4,time
time2325,16:8,time
time2326,17:12,time
time2327,16:0,time
time2328,16:0,time
time2329,16:14,time
time2330,16:0,time
time2331,16:0,time
time2332,17:10,time
time2333,16:2,time
time2334,16:46,time
time2335,17:14,time
time2336,16:20,time
time2337,16:0,time
time2338,16:0,time
time2339,16:0,time
time2340,17:36,time
time2341,17:36,time
time2342,17:44,time
time2343,16:0,time
time2344,16:0,time
time2345,17:12,time
time2346,17:0,time
time2347,17:6,time
time2348,16:48,time
time2349,17:10,time
time2350,16:4,time
time2351,16:0,time
time2352,17:36,time
time2353,16:42,time
time2354,16:0,time
time2355,17:40,time
time2356,16:8,time
time2357,16:18,time
time2358,17:12,time
time2359,16:52,time
time2360,16:0,time
time2361,17:40,time
time2362,17:20,time
time2363,16:0,time
time2364,16:34,time
time2365,17:50,time
time2366,16:16,time
time2367,16:2,time
time2368,17:26,time
time2369,16:0,time
time2370,17:32,time
time2371,17:38,time
time2372,16:46,time
time2373,16:52,time
time2374,16:44,time
time2375,16:0,time
time2376,16:0,time
time2377,16:16,time
time2378,17:4,time
time2379,16:46,time
time2380,16:2,time
time2381,16:2,time
time2382,16:0,time
time2383,17:12,time
time2384,16:10,time
time2385,16:4,time
time2386,16:24,time
time2387,16:6,time
time2388,16:24,time
time2389,16:20,time
time2390,16:54,time
time2391,17:14,time
time2392,17:8,time
time2393,16:40,time
time2394,16:24,time
time2395,16:4,time
time2396,16:22,time
time2397,16:44,time
time2398,16:0,time
time2399,17:14,time
time2400,17:6,time
time2401,16:40,time
time2402,16:0,time
time2403,16:0,time
time2404,17:36,time
time2405,16:36,time
time2406,16:20,time
time2407,16:0,time
time2408,16:0,time
time2409,16:50,time
time2410,17:18,time
time2411,16:6,time
time2412,16:18,time
time2413,16:8,time
time2414,16:10,time
time2415,16:2,time
time2416,16:0,time
time2417,17:20,time
time2418,16:10,time
time2419,17:48,time
time2420,16:2,time
time2421,16:6,time
time2422,17:32,time
time2423,17:20,time
time2424,16:26,time
time2425,16:54,time
time2426,16:0,time
time2427,16:0,time
time2428,16:2,time
time2429,16:40,time
time2430,16:0,time
time2431,16:0,time
time2432,16:28,time
time2433,16:34,time
time2434,17:12,time
time2435,17:24,time
time2436,17:54,time
time2437,16:0,time
time2438,17:2,time
time2439,16:38,time
time2440,16:54,time
time2441,16:36,time
time2442,16:8,time
time2443,16:14,time
time2444,17:38,time
time2445,16:46,time
time2446,16:16,time
time2447,16:0,time
time2448,17:2,time
time2449,16:44,time
time2450,17:50,time
time2451,16:0,time
time2452,17:26,time
time2453,16:2,time
time2454,16:0,time
time2455,17:36,time
time2456,16:34,time
time2457,16:8,time
time2458,16:0,time
time2459,17:28,time
time2460,16:10,time
time2461,16:6,time
time2462,17:14,time
time2463,17:52,time
time2464,16:26,time
time2465,16:6,time
time2466,17:52,time
time2467,16:46,time
time2468,16:20,time
time2469,16:28,time
time2470,16:0,time
time2471,17:42,time
time2472,16:0,time
time2473,17:24,time
time2474,16:30,time
time2475,16:6,time
time2476,16:4,time
time2477,17:56,time
time2478,16:50,time
time2479,16:0,time
time2480,16:10,time
time2481,16:0,time
time2482,17:10,time
time2483,17:8,time
time2484,16:2,time
time2485,16:14,time
time2486,17:18,time
time2487,16:24,time
time2488,16:36,time
time2489,16:40,time
time2490,16:0,time
time2491,17:50,time
time2492,16:2,time
time2493,16:8,time
time2494,16:8,time
time2495,16:8,time
time2496,16:0,time
time2497,16:2,time
time2498,16:0,time
time2499,16:0,time
time2500,17:38,time
time2501,17:4,time
time2502,16:0,time
time2503,17:18,time
time2504,17:16,time
time2505,16:52,time
time2506,17:28,time
time2507,16:46,time
time2508,16:4,time
time2509,16:32,time
time2510,16:44,time
time2511,16:2,time
time2512,16:56,time
time2513,16:0,time
time2514,16:0,time
time2515,16:0,time
time2516,16:44,time
time2517,16:42,time
time2518,16:8,time
time2519,17:48,time
time2520,16:16,time
time2521,16:6,time
time2522,16:6,time
time2523,16:0,time
time2524,16:0,time
time2525,16:0,time
time2526,16:6,time
time2527,17:12,time
time2528,16:0,time
time2529,16:2,time
time2530,16:4,time
time2531,17:6,time
time2532,16:16,time
time2533,16:0,time
time2534,16:2,time
time2535,16:2,time
time2536,16:44,time
time2537,16:8,time
time2538,16:34,time
time2539,16:0,time
time2540,16:26,time
time2541,16:0,time
time2542,16:18,time
time2543,16:56,time
time2544,16:4,time
time2545,16:28,time
time2546,16:18,time
time2547,16:4,time
time2548,16:22,time
time2549,16:24,time
time2550,17:16,time
time2551,16:0,time
time2552,17:52,time
time2553,17:14,time
time2554,16:0,time
time2555,17:24,time
time2556,16:40,time
time2557,16:24,time
time2558,17:30,time
time2559,16:26,time
time2560,16:2,time
time2561,16:54,time
time2562,16:26,time
time2563,17:14,time
time2564,17:12,time
time2565,16:28,time
time2566,16:28,time
time2567,16:0,time
time2568,16:24,time
time2569,17:4,time
time2570,16:46,time
time2571,16:12,time
time2572,16:10,time
time2573,16:0,time
time2574,17:10,time
time2575,16:0,time
time2576,16:50,time
time2577,16:46,time
time2578,16:24,time
time2579,17:12,time
time2580,16:4,time
time2581,17:20,time
time2582,16:54,time
time2583,16:32,time
time2584,17:6,time
time2585,17:4,time
time2586,17:14,time
time2587,16:0,time
time2588,16:4,time
time2589,16:30,time
time2590,16:4,time
time2591,16:14,time
time2592,16:34,time
time2593,16:24,time
time2594,17:6,time
time2595,16:40,time
time2596,16:6,time
time2597,17:16,time
time2598,16:4,time
time2599,16:28,time
time2600,17:14,time
time2601,16:52,time
time2602,17:22,time
time2603,16:46,time
time2604,17:14,time
time2605,17:44,time
time2606,16:46,time
time2607,16:0,time
time2608,16:54,time
time2609,16:46,time
time2610,17:28,time
time2611,16:16,time
time2612,16:0,time
time2613,16:14,time
time2614,16:0,time
time2615,16:24,time
time2616,17:4,time
time2617,16:24,time
time2618,16:2,time
time2619,16:18,time
time2620,16:4,time
time2621,16:12,time
time2622,16:0,time
time2623,18:12,time
time2624,18:26,time
time2625,18:2,time
time2626,18:2,time
time2627,18:2,time
time2628,18:32,time
time2629,19:26,time
time2630,18:2,time
time2631,18:2,time
time2632,19:48,time
time2633,18:52,time
time2634,19:30,time
time2635,18:2,time
time2636,18:0,time
time2637,18:4,time
time2638,18:6,time
time2639,18:0,time
time2640,18:2,time
time2641,18:2,time
time2642,19:10,time
time2643,18:54,time
time2644,19:32,time
time2645,18:8,time
time2646,18:10,time
time2647,19:32,time
time2648,18:30,time
time2649,18:16,time
time2650,18:42,time
time2651,18:20,time
time2652,18:30,time
time2653,18:52,time
time2654,19:28,time
time2655,18:2,time
time2656,18:8,time
time2657,18:2,time
time2658,18:38,time
time2659,18:26,time
time2660,18:6,time
time2661,18:0,time
time2662,19:30,time
time2663,18:26,time
time2664,19:10,time
time2665,18:10,time
time2666,18:26,time
time2667,19:20,time
time2668,18:4,time
time2669,18:0,time
time2670,19:16,time
time2671,18:22,time
time2672,18:18,time
time2673,18:28,time
time2674,18:4,time
time2675,18:20,time
time2676,18:2,time
time2677,19:52,time
time2678,18:2,time
time2679,19:46,time
time2680,18:22,time
time2681,19:38,time
time2682,18:22,time
time2683,19:54,time
time2684,18:18,time
time2685,19:44,time
time2686,18:10,time
time2687,18:6,time
time2688,19:32,time
time2689,18:12,time
time2690,19:58,time
time2691,19:46,time
time2692,18:30,time
time2693,18:2,time
time2694,18:6,time
time2695,18:18,time
time2696,18:2,time
time2697,19:50,time
time2698,18:2,time
time2699,18:36,time
time2700,18:30,time
time2701,18:38,time
time2702,18:8,time
time2703,19:30,time
time2704,18:8,time
time2705,19:46,time
time2706,18:4,time
time2707,19:10,time
time2708,18:20,time
time2709,18:2,time
time2710,18:54,time
time2711,18:50,time
time2712,18:46,time
time2713,18:22,time
time2714,18:28,time
time2715,18:14,time
time2716,18:8,time
time2717,18:2,time
time2718,18:54,time
time2719,18:20,time
time2720,18:8,time
time2721,18:58,time
time2722,18:46,time
time2723,18:16,time
time2724,18:4,time
time2725,18:30,time
time2726,18:48,time
time2727,18:48,time
time2728,18:2,time
time2729,18:2,time
time2730,18:6,time
time2731,18:2,time
time2732,18:16,time
time2733,18:4,time
time2734,18:10,time
time2735,18:8,time
time2736,18:56,time
time2737,19:42,time
time2738,18:10,time
time2739,18:20,time
time2740,18:10,time
time2741,18:18,time
time2742,18:2,time
time2743,18:12,time
time2744,18:2,time
time2745,18:12,time
time2746,18:32,time
time2747,18:4,time
time2748,18:2,time
time2749,18:12,time
time2750,18:2,time
time2751,18:26,time
time2752,18:8,time
time2753,18:2,time
time2754,18:20,time
time2755,18:42,time
time2756,18:18,time
time2757,18:6,time
time2758,18:28,time
time2759,18:30,time
time2760,18:26,time
time2761,18:14,time
time2762,19:6,time
time2763,18:54,time
time2764,18:2,time
time2765,19:6,time
time2766,18:18,time
time2767,18:32,time
time2768,19:58,time
time2769,18:2,time
time2770,18:2,time
time2771,18:26,time
time2772,18:24,time
time2773,18:4,time
time2774,19:24,time
time2775,18:4,time
time2776,19:40,time
time2777,19:14,time
time2778,18:10,time
time2779,18:46,time
time2780,19:40,time
time2781,18:36,time
time2782,18:24,time
time2783,18:26,time
time2784,18:36,time
time2785,18:18,time
time2786,18:14,time
time2787,19:36,time
time2788,18:2,time
time2789,19:16,time
time2790,18:0,time
time2791,18:12,time
time2792,18:0,time
time2793,18:2,time
time2794,19:58,time
time2795,18:2,time
time2796,18:26,time
time2797,19:30,time
time2798,18:56,time
time2799,18:22,time
time2800,18:0,time
time2801,18:0,time
time2802,19:50,time
time2803,18:22,time
time2804,18:38,time
time2805,19:6,time
time2806,18:2,time
time2807,18:38,time
time2808,18:34,time
time2809,18:6,time
time2810,18:18,time
time2811,18:6,time
time2812,18:26,time
time2813,18:6,time
time2814,18:10,time
time2815,18:2,time
time2816,19:28,time
time2817,18:0,time
time2818,18:4,time
time2819,19:34,time
time2820,18:16,time
time2821,18:0,time
time2822,18:18,time
time2823,18:2,time
time2824,18:14,time
time2825,18:34,time
time2826,18:22,time
time2827,19:20,time
time2828,19:4,time
time2829,18:0,time
time2830,18:22,time
time2831,18:2,time
time2832,18:10,time
time2833,18:2,time
time2834,18:0,time
time2835,18:12,time
time2836,18:10,time
time2837,18:16,time
time2838,19:30,time
time2839,18:44,time
time2840,18:28,time
time2841,19:20,time
time2842,18:38,time
time2843,18:8,time
time2844,18:20,time
time2845,18:6,time
time2846,18:4,time
time2847,19:28,time
time2848,18:2,time
time2849,18:24,time
time2850,18:24,time
time2851,18:54,time
time2852,18:2,time
time2853,18:22,time
time2854,18:38,time
time2855,18:54,time
time2856,19:14,time
time2857,18:0,time
time2858,18:32,time
time2859,18:50,time
time2860,19:36,time
time2861,18:12,time
time2862,18:28,time
time2863,18:46,time
time2864,19:20,time
time2865,19:54,time
time2866,18:12,time
time2867,18:18,time
time2868,18:0,time
time2869,18:0,time
time2870,19:2,time
time2871,19:0,time
time2872,18:28,time
time2873,18:40,time
time2874,18:4,time
time2875,19:46,time
time2876,18:8,time
time2877,19:36,time
time2878,18:22,time
time2879,18:0,time
time2880,19:46,time
time2881,18:6,time
time2882,18:28,time
time2883,18:6,time
time2884,18:24,time
time2885,18:4,time
time2886,18:10,time
time2887,19:56,time
time2888,18:44,time
time2889,18:50,time
time2890,18:46,time
time2891,18:10,time
time2892,18:16,time
time2893,18:22,time
time2894,18:4,time
time2895,18:18,time
time2896,18:58,time
time2897,18:10,time
time2898,18:30,time
time2899,18:38,time
time2900,18:6,time
time2901,18:4,time
time2902,18:18,time
time2903,18:24,time
time2904,19:26,time
time2905,18:38,time
time2906,18:24,time
time2907,18:58,time
time2908,19:2,time
time2909,19:36,time
time2910,18:42,time
time2911,18:26,time
time2912,18:52,time
time2913,19:6,time
time2914,18:46,time
time2915,19:4,time
time2916,18:4,time
time2917,18:54,time
time2918,18:2,time
time2919,19:50,time
time2920,18:16,time
time2921,18:52,time
time2922,18:2,time
time2923,18:20,time
time2924,19:10,time
time2925,18:40,time
time2926,18:50,time
time2927,18:10,time
time2928,18:4,time
time2929,19:50,time
time2930,18:38,time
time2931,18:8,time
time2932,18:0,time
time2933,18:2,time
time2934,20:2,time
time2935,20:16,time
time2936,21:28,time
time2937,20:16,time
time2938,20:0,time
time2939,21:10,time
time2940,21:22,time
time2941,20:12,time
time2942,20:16,time
time2943,20:0,time
time2944,20:58,time
time2945,21:0,time
time2946,20:26,time
time2947,20:2,time
time2948,20:40,time
time2949,20:0,time
time2950,20:12,time
time2951,20:0,time
time2952,20:44,time
time2953,20:6,time
time2954,20:4,time
time2955,20:26,time
time2956,21:14,time
time2957,20:0,time
time2958,21:40,time
time2959,21:10,time
time2960,20:0,time
time2961,20:28,time
time2962,20:0,time
time2963,20:0,time
time2964,21:10,time
time2965,20:2,time
time2966,21:44,time
time2967,20:4,time
time2968,20:0,time
time2969,21:6,time
time2970,21:38,time
time2971,20:4,time
time2972,20:0,time
time2973,20:10,time
time2974,20:36,time
time2975,20:8,time
time2976,20:6,time
time2977,21:4,time
time2978,20:0,time
time2979,21:6,time
time2980,20:16,time
time2981,20:50,time
time2982,21:50,time
time2983,20:32,time
time2984,20:0,time
time2985,20:26,time
time2986,20:0,time
time2987,20:8,time
time2988,20:40,time
time2989,20:16,time
time2990,21:40,time
time2991,20:14,time
time2992,20:0,time
time2993,20:40,time
time2994,21:28,time
time2995,20:4,time
time2996,20:58,time
time2997,20:8,time
time2998,20:20,time
time2999,20:0,time
time3000,20:14,time
time3001,20:4,time
time3002,21:4,time
time3003,20:2,time
time3004,20:0,time
time3005,20:6,time
time3006,21:4,time
time3007,20:54,time
time3008,20:42,time
time3009,20:54,time
time3010,20:12,time
time3011,20:8,time
time3012,20:8,time
time3013,20:4,time
time3014,21:30,time
time3015,20:14,time
time3016,21:40,time
time3017,20:4,time
time3018,20:54,time
time3019,20:20,time
time3020,20:2,time
time3021,20:0,time
time3022,20:2,time
time3023,20:14,time
time3024,20:0,time
time3025,20:0,time
time3026,20:52,time
time3027,20:0,time
time3028,20:8,time
time3029,20:8,time
time3030,20:6,time
time3031,21:26,time
time3032,20:4,time
time3033,20:0,time
time3034,20:26,time
time3035,20:2,time
time3036,20:2,time
time3037,20:0,time
time3038,20:16,time
time3039,20:0,time
time3040,21:12,time
time3041,20:12,time
time3042,20:0,time
time3043,20:32,time
time3044,21:32,time
time3045,20:6,time
time3046,20:2,time
time3047,20:2,time
time3048,20:6,time
time3049,20:34,time
time3050,20:44,time
time3051,20:0,time
time3052,20:0,time
time3053,20:0,time
time3054,20:0,time
time3055,20:10,time
time3056,21:18,time
time3057,21:0,time
time3058,20:20,time
time3059,20:44,time
time3060,21:26,time
time3061,21:0,time
time3062,20:4,time
time3063,20:6,time
time3064,20:6,time
time3065,20:12,time
time3066,20:0,time
time3067,21:20,time
time3068,20:2,time
time3069,20:44,time
time3070,21:36,time
time3071,20:44,time
time3072,20:6,time
time3073,21:30,time
time3074,21:2,time
time3075,20:4,time
time3076,20:0,time
time3077,20:0,time
time3078,20:38,time
time3079,20:0,time
time3080,20:40,time
time3081,20:8,time
time3082,20:4,time
time3083,21:2,time
time3084,21:10,time
time3085,20:26,time
time3086,20:0,time
time3087,20:2,time
time3088,20:34,time
time3089,20:0,time
time3090,20:50,time
time3091,20:52,time
time3092,20:0,time
time3093,20:0,time
time3094,20:4,time
time3095,21:0,time
time3096,20:0,time
time3097,20:0,time
time3098,21:44,time
time3099,20:32,time
time3100,20:34,time
time3101,20:0,time
time3102,20:4,time
time3103,21:54,time
time3104,21:8,time
time3105,21:46,time
time3106,21:30,time
time3107,20:4,time
time3108,20:10,time
time3109,20:50,time
time3110,20:36,time
time3111,20:8,time
time3112,21:0,time
time3113,20:0,time
time3114,20:8,time
time3115,20:4,time
time3116,20:40,time
time3117,20:0,time
time3118,20:30,time
time3119,20:0,time
time3120,20:0,time
time3121,21:2,time
time3122,20:0,time
time3123,20:58,time
time3124,20:20,time
time3125,20:12,time
time3126,20:10,time
time3127,20:0,time
time3128,20:0,time
time3129,21:26,time
time3130,20:34,time
time3131,20:0,time
time3132,20:12,time
time3133,20:0,time
time3134,20:0,time
time3135,20:18,time
time3136,20:8,time
time3137,20:0,time
time3138,20:6,time
time3139,20:36,time
time3140,21:2,time
time3141,20:0,time
time3142,20:52,time
time3143,20:0,time
time3144,20:0,time
time3145,21:12,time
time3146,20:10,time
time3147,20:0,time
time3148,20:4,time
time3149,20:0,time
time3150,20:14,time
time3151,21:46,time
time3152,20:6,time
time3153,20:48,time
time3154,20:0,time
time3155,20:6,time
time3156,20:0,time
time3157,20:12,time
time3158,20:0,time
time3159,20:36,time
time3160,20:0,time
time3161,20:4,time
time3162,20:56,time
time3163,20:20,time
time3164,20:2,time
time3165,20:50,time
time3166,21:56,time
time3167,20:4,time
time3168,21:26,time
time3169,20:52,time
time3170,20:0,time
time3171,20:4,time
time3172,20:0,time
time3173,20:46,time
time3174,20:0,time
time3175,20:0,time
time3176,20:2,time
time3177,20:36,time
time3178,20:20,time
time3179,20:26,time
time3180,20:6,time
time3181,21:44,time
time3182,20:2,time
time3183,20:2,time
time3184,20:6,time
time3185,20:32,time
time3186,20:0,time
time3187,20:0,time
time3188,21:2,time
time3189,20:16,time
time3190,20:0,time
time3191,20:8,time
time3192,20:10,time
time3193,21:36,time
time3194,20:0,time
time3195,20:36,time
time3196,20:40,time
time3197,20:0,time
time3198,20:32,time
time3199,20:2,time
time3200,20:6,time
time3201,21:42,time
time3202,20:22,time
time3203,20:0,time
time3204,20:12,time
time3205,20:14,time
time3206,20:2,time
time3207,20:0,time
time3208,21:44,time
time3209,21:46,time
time3210,20:0,time
time3211,21:20,time
time3212,21:28,time
time3213,20:12,time
time3214,20:6,time
time3215,21:16,time
time3216,21:40,time
time3217,20:12,time
time3218,21:38,time
time3219,20:8,time
time3220,21:22,time
time3221,21:16,time
time3222,20:22,time
time3223,20:32,time
time3224,20:2,time
time3225,20:4,time
time3226,20:0,time
time3227,21:50,time
time3228,20:42,time
time3229,20:38,time
time3230,20:16,time
time3231,20:0,time
time3232,21:2,time
time3233,20:4,time
time3234,20:42,time
time3235,20:42,time
time3236,20:28,time
time3237,20:0,time
time3238,21:16,time
time3239,20:16,time
time3240,20:0,time
time3241,20:0,time
time3242,20:36,time
time3243,20:50,time
time3244,21:54,time
time3245,21:42,time
time3246,20:22,time
time3247,20:10,time
time3248,20:10,time
time3249,20:0,time
time3250,20:34,time
time3251,22:2,time
time3252,22:4,time
time3253,22:20,time
time3254,23:28,time
time3255,22:4,time
time3256,22:0,time
time3257,22:14,time
time3258,22:26,time
time3259,22:52,time
time3260,23:44,time
time3261,22:0,time
time3262,23:42,time
time3263,22:0,time
time3264,23:38,time
time3265,22:0,time
time3266,22:24,time
time3267,22:32,time
time3268,22:2,time
time3269,22:20,time
time3270,22:2,time
time3271,22:6,time
time3272,22:26,time
time3273,22:18,time
time3274,22:0,time
time3275,22:28,time
time3276,22:0,time
time3277,22:0,time
time3278,22:2,time
time3279,23:24,time
time3280,23:22,time
time3281,22:20,time
time3282,22:0,time
time3283,22:0,time
time3284,22:4,time
time3285,22:4,time
time3286,22:14,time
time3287,22:28,time
time3288,22:6,time
time3289,22:54,time
time3290,22:30,time
time3291,22:6,time
time3292,22:16,time
time3293,22:26,time
time3294,23:20,time
time3295,22:2,time
time3296,22:8,time
time3297,22:0,time
time3298,23:32,time
time3299,22:0,time
time3300,22:20,time
time3301,22:38,time
time3302,22:18,time
time3303,22:0,time
time3304,22:54,time
time3305,22:8,time
time3306,22:22,time
time3307,22:2,time
time3308,22:12,time
time3309,22:16,time
time3310,22:6,time
time3311,22:2,time
time3312,22:58,time
time3313,23:8,time
time3314,22:0,time
time3315,23:16,time
time3316,22:0,time
time3317,22:0,time
time3318,22:0,time
time3319,22:48,time
time3320,22:2,time
time3321,22:50,time
time3322,22:0,time
time3323,22:20,time
time3324,22:52,time
time3325,22:12,time
time3326,22:24,time
time3327,22:6,time
time3328,22:28,time
time3329,22:0,time
time3330,22:16,time
time3331,22:24,time
time3332,23:22,time
time3333,22:0,time
time3334,22:0,time
time3335,22:16,time
time3336,22:6,time
time3337,23:44,time
time3338,22:0,time
time3339,22:0,time
time3340,22:0,time
time3341,22:0,time
time3342,22:0,time
time3343,22:8,time
time3344,22:30,time
time3345,22:32,time
time3346,22:0,time
time3347,22:10,time
time3348,22:4,time
time3349,23:58,time
time3350,23:48,time
time3351,23:22,time
time3352,23:28,time
time3353,22:24,time
time3354,22:32,time
time3355,22:16,time
time3356,22:2,time
time3357,22:20,time
time3358,22:6,time
time3359,22:2,time
time3360,23:32,time
time3361,22:14,time
time3362,22:2,time
time3363,22:8,time
time3364,22:4,time
time3365,22:4,time
time3366,22:36,time
time3367,23:10,time
time3368,22:0,time
time3369,22:0,time
time3370,22:8,time
time3371,22:0,time
time3372,22:0,time
time3373,23:10,time
time3374,23:4,time
time3375,22:36,time
time3376,22:8,time
time3377,23:40,time
time3378,22:0,time
time3379,22:0,time
time3380,22:6,time
time3381,22:14,time
time3382,22:10,time
time3383,22:32,time
time3384,22:0,time
time3385,22:8,time
time3386,23:2,time
time3387,23:48,time
time3388,23:8,time
time3389,22:6,time
time3390,23:40,time
time3391,22:2,time
time3392,22:0,time
time3393,22:28,time
time3394,22:20,time
time3395,22:28,time
time3396,22:6,time
time3397,22:14,time
time3398,23:50,time
time3399,23:14,time
time3400,22:20,time
time3401,22:2,time
time3402,22:10,time
time3403,23:30,time
time3404,22:0,time
time3405,22:8,time
time3406,22:8,time
time3407,23:46,time
time3408,22:12,time
time3409,22:0,time
time3410,22:32,time
time3411,23:2,time
time3412,22:18,time
time3413,22:20,time
time3414,22:36,time
time3415,22:0,time
time3416,22:0,time
time3417,22:12,time
time3418,22:14,time
time3419,23:38,time
time3420,22:46,time
time3421,22:0,time
time3422,22:42,time
time3423,22:14,time
time3424,22:6,time
time3425,23:48,time
time3426,22:32,time
time3427,22:10,time
time3428,22:0,time
time3429,22:6,time
time3430,22:14,time
time3431,22:8,time
time3432,22:0,time
time3433,22:4,time
time3434,22:8,time
time3435,23:54,time
time3436,22:0,time
time3437,22:0,time
time3438,22:6,time
time3439,22:0,time
time3440,22:54,time
time3441,22:30,time
time3442,22:28,time
time3443,22:4,time
time3444,23:50,time
time3445,22:52,time
time3446,23:50,time
time3447,22:12,time
time3448,22:0,time
time3449,22:0,time
time3450,23:28,time
time3451,22:2,time
time3452,23:34,time
time3453,23:56,time
time3454,22:28,time
time3455,23:22,time
time3456,23:0,time
time3457,22:10,time
time3458,23:42,time
time3459,22:0,time
time3460,22:0,time
time3461,22:0,time
time3462,23:18,time
time3463,22:0,time
time3464,22:0,time
time3465,22:20,time
time3466,22:2,time
time3467,22:6,time
time3468,22:30,time
time3469,22:24,time
time3470,22:16,time
time3471,22:10,time
time3472,22:16,time
time3473,22:16,time
time3474,22:8,time
time3475,22:56,time
time3476,22:0,time
time3477,22:0,time
time3478,22:6,time
time3479,22:40,time
time3480,22:52,time
time3481,22:10,time
time3482,22:12,time
time3483,22:30,time
time3484,22:2,time
time3485,22:22,time
time3486,23:0,time
time3487,23:52,time
time3488,22:14,time
time3489,22:0,time
time3490,22:8,time
time3491,22:4,time
time3492,23:52,time
time3493,23:32,time
time3494,22:4,time
time3495,22:0,time
time3496,22:30,time
time3497,23:44,time
time3498,22:12,time
time3499,22:18,time
time3500,23:24,time
time3501,22:0,time
time3502,22:8,time
time3503,23:42,time
time3504,22:0,time
time3505,22:0,time
time3506,22:8,time
time3507,22:2,time
time3508,22:6,time
time3509,23:14,time
time3510,22:2,time
time3511,23:42,time
time3512,22:6,time
time3513,22:24,time
time3514,23:0,time
time3515,22:0,time
time3516,23:50,time
time3517,22:18,time
time3518,22:12,time
time3519,22:40,time
time3520,22:58,time
time3521,22:36,time
time3522,22:4,time
time3523,23:36,time
time3524,23:34,time
time3525,22:4,time
time3526,23:32,time
time3527,22:50,time
time3528,22:10,time
time3529,23:36,time
time3530,22:0,time
time3531,22:52,time
time3532,23:26,time
time3533,22:24,time
time3534,22:2,time
time3535,22:4,time
time3536,22:0,time
time3537,22:16,time
time3538,23:32,time
time3539,22:38,time
time3540,22:28,time
time3541,22:16,time
time3542,22:26,time
time3543,22:4,time
time3544,23:12,time
time3545,23:38,time
time3546,22:0,time
time3547,22:2,time
time3548,22:52,time
time3549,23:26,time
time3550,22:36,time
time3551,22:10,time
time3552,23:8,time
time3553,23:34,time
time3554,23:40,time
time3555,22:0,time
time3556,22:28,time
time3557,23:50,time
time3558,22:2,time
time3559,22:0,time
time3560,22:14,time
time3561,22:44,time
time3562,22:4,time
time3563,22:8,time
time3564,22:2,time
time3565,22:8,time
time3566,23:46,time
time3567,22:2,time
time3568,22:52,time
time3569,22:56,time
time3570,22:56,time
time3571,22:44,time
time3572,22:18,time
time3573,23:8,time
time3574,23:40,time
